movie_id,title,original_title,overview,tagline,embedding_text,imdb_id,release_date,release_year,original_language,origin_country,runtime_minutes,status,genres,spoken_languages,production_countries,budget,revenue,popularity,vote_average,vote_count,collection_id,collection_name,production_companies,homepage,poster_path,backdrop_path,_source_file,embedding_text_chars,embedding_text_words,title_has_unicode,overview_has_unicode
1000866,The Marching Band,En fanfare,"A world-famous orchestra conductor discovers the brother he never knew he had — a school cafeteria worker who plays trombone in a local marching band. Detecting his brother's exceptional musical talent, he takes it upon himself to rectify the injustice of fate.",,"Title: The Marching Band

Original Title: En fanfare

Overview: A world-famous orchestra conductor discovers the brother he never knew he had — a school cafeteria worker who plays trombone in a local marching band. Detecting his brother's exceptional musical talent, he takes it upon himself to rectify the injustice of fate.

Genres: Comedy, Drama, Music

Production Companies: Agat Films & Cie / Ex Nihilo, France 2 Cinéma, Greenwich Entertainment

Production Countries: France

Spoken Languages: English, French, Italian",tt30327451,2024-11-27,2024.0,fr,['FR'],102.0,Released,"['Comedy', 'Drama', 'Music']","['English', 'French', 'Italian']",['France'],6100000.0,26252618.0,18.1222,7.3,523,,,"[{'id': 207, 'name': 'Agat Films & Cie / Ex Nihilo', 'origin_country': 'FR'}, {'id': 83, 'name': 'France 2 Cinéma', 'origin_country': 'FR'}, {'id': 149326, 'name': 'Greenwich Entertainment', 'origin_country': 'US'}]",https://themarchingbandmovie.com/,/6lATJ42bWGAIQ0cG2dzSZD8bNcL.jpg,/fIbr7oWorx5rOzdjOiIFtfFUXzp.jpg,1000866.json,523,77,False,True
1001311,Under Paris,Sous la Seine,"In order to save Paris from an international bloodbath, a grieving scientist is forced to face her tragic past when a giant shark appears in the Seine.",,"Title: Under Paris

Original Title: Sous la Seine

Overview: In order to save Paris from an international bloodbath, a grieving scientist is forced to face her tragic past when a giant shark appears in the Seine.

Genres: Action, Horror

Collection: Under Paris Collection

Production Companies: Let Me Be

Production Countries: France

Spoken Languages: French",tt13964390,2024-06-04,2024.0,fr,['FR'],102.0,Released,"['Action', 'Horror']",['French'],['France'],,,7.9186,5.922,1459,1630649.0,Under Paris Collection,"[{'id': 220755, 'name': 'Let Me Be', 'origin_country': 'FR'}]",https://www.netflix.com/title/81210788,/qZPLK5ktRKa3CL4sKRZtj8UlPYc.jpg,/iwkWvcXcP8M4r9HLglhVEhgGyVu.jpg,1001311.json,361,54,False,False
1003596,Avengers: Doomsday,Avengers: Doomsday,Beloved heroes from three distinct universes are set on a deadly collision course and face an existential threat unlike anything they've ever encountered.,,"Title: Avengers: Doomsday

Overview: Beloved heroes from three distinct universes are set on a deadly collision course and face an existential threat unlike anything they've ever encountered.

Genres: Science Fiction, Action, Adventure

Collection: The Avengers Collection

Production Companies: Marvel Studios, Kevin Feige Productions, AGBO

Production Countries: United States of America

Spoken Languages: English",tt21357150,2026-12-16,2026.0,en,['US'],165.0,Post Production,"['Science Fiction', 'Action', 'Adventure']",['English'],['United States of America'],,,78.0968,0.0,0,86311.0,The Avengers Collection,"[{'id': 420, 'name': 'Marvel Studios', 'origin_country': 'US'}, {'id': 176762, 'name': 'Kevin Feige Productions', 'origin_country': 'US'}, {'id': 106544, 'name': 'AGBO', 'origin_country': 'US'}]",https://www.marvel.com/movies/avengers-doomsday,/40jN1UgNAYEkGt2M0i81ghLF3cc.jpg,/s4v0UX1anfXm0UvloLsTTJ4v222.jpg,1003596.json,416,53,False,False
1007757,Swapped,Swapped,"A small woodland creature and a majestic bird, two natural sworn enemies of the Valley, magically trade places and set off on an adventure of a lifetime to switch back. Their journey soon uncovers a greater threat—one that could endanger not only their species, but the entire valley they call home.",Transform your destiny.,"Title: Swapped

Tagline: Transform your destiny.

Overview: A small woodland creature and a majestic bird, two natural sworn enemies of the Valley, magically trade places and set off on an adventure of a lifetime to switch back. Their journey soon uncovers a greater threat—one that could endanger not only their species, but the entire valley they call home.

Genres: Adventure, Animation, Family, Fantasy

Production Companies: Skydance Animation, Skydance Animation

Production Countries: United States of America, Spain

Spoken Languages: English",tt29552248,2026-05-01,2026.0,en,['US'],102.0,Released,"['Adventure', 'Animation', 'Family', 'Fantasy']",['English'],"['United States of America', 'Spain']",7.0,7.0,41.4363,8.9,2209,,,"[{'id': 115416, 'name': 'Skydance Animation', 'origin_country': 'US'}, {'id': 179999, 'name': 'Skydance Animation', 'origin_country': 'ES'}]",https://www.netflix.com/title/81749852,/tHhxWxge06goXU6ZQH1hj7vK8Hd.jpg,/zMwhWailP1WY7sb6AoE6b8ugoy.jpg,1007757.json,550,79,False,True
101,Léon: The Professional,Léon,"Léon, the top hit man in New York, has earned a rep as an effective ""cleaner"". But when his next-door neighbors are wiped out by a loose-cannon DEA agent, he becomes the unwilling custodian of 12-year-old Mathilda. Before long, Mathilda's thoughts turn to revenge, and she considers following in Léon's footsteps.","If you want the job done right, hire a professional.","Title: Léon: The Professional

Original Title: Léon

Tagline: If you want the job done right, hire a professional.

Overview: Léon, the top hit man in New York, has earned a rep as an effective ""cleaner"". But when his next-door neighbors are wiped out by a loose-cannon DEA agent, he becomes the unwilling custodian of 12-year-old Mathilda. Before long, Mathilda's thoughts turn to revenge, and she considers following in Léon's footsteps.

Genres: Crime, Drama, Action

Production Companies: Gaumont, Les Films du Dauphin

Production Countries: France

Spoken Languages: English, French, Italian",tt0110413,1994-09-14,1994.0,fr,['FR'],111.0,Released,"['Crime', 'Drama', 'Action']","['English', 'French', 'Italian']",['France'],16000000.0,20330788.0,25.4562,8.29,16568,,,"[{'id': 9, 'name': 'Gaumont', 'origin_country': 'FR'}, {'id': 66743, 'name': 'Les Films du Dauphin', 'origin_country': 'FR'}]",,/bxB2q91nKYp8JNzqE7t7TWBVupB.jpg,/fj0hwDJEOOHllRim2BMt5L7tbjf.jpg,101.json,596,89,True,True
1010581,My Fault,Culpa mía,"Noah must leave her city, boyfriend, and friends to move into William Leister's mansion, the flashy and wealthy husband of her mother Rafaela. As a proud and independent 17 year old, Noah resists living in a mansion surrounded by luxury. However, it is there where she meets Nick, her new stepbrother, and the clash of their strong personalities becomes evident from the very beginning.",Love can only survive in the shadow of secrets.,"Title: My Fault

Original Title: Culpa mía

Tagline: Love can only survive in the shadow of secrets.

Overview: Noah must leave her city, boyfriend, and friends to move into William Leister's mansion, the flashy and wealthy husband of her mother Rafaela. As a proud and independent 17 year old, Noah resists living in a mansion surrounded by luxury. However, it is there where she meets Nick, her new stepbrother, and the clash of their strong personalities becomes evident from the very beginning.

Genres: Drama, Romance, Thriller

Collection: Fault Collection

Production Companies: Pokeepsie Films, Amazon MGM Studios

Production Countries: Spain

Spoken Languages: Spanish",tt21909764,2023-06-08,2023.0,es,['ES'],116.0,Released,"['Drama', 'Romance', 'Thriller']",['Spanish'],['Spain'],,,41.6824,7.7,4197,1156666.0,Fault Collection,"[{'id': 32485, 'name': 'Pokeepsie Films', 'origin_country': 'ES'}, {'id': 210099, 'name': 'Amazon MGM Studios', 'origin_country': 'US'}]",https://www.amazon.com/gp/video/detail/B0B683GY1G,/w46Vw536HwNnEzOa7J24YH9DPRS.jpg,/oz4U9eA6ilYf1tyiVuGmkftdLac.jpg,1010581.json,677,102,False,False
10138,Iron Man 2,Iron Man 2,"With the world now aware of his dual life as the armored superhero Iron Man, billionaire inventor Tony Stark faces pressure from the government, the press and the public to share his technology with the military. Unwilling to let go of his invention, Stark, with Pepper Potts and James 'Rhodey' Rhodes at his side, must forge new alliances – and confront powerful enemies.","It's not the armor that makes the hero, but the man inside.","Title: Iron Man 2

Tagline: It's not the armor that makes the hero, but the man inside.

Overview: With the world now aware of his dual life as the armored superhero Iron Man, billionaire inventor Tony Stark faces pressure from the government, the press and the public to share his technology with the military. Unwilling to let go of his invention, Stark, with Pepper Potts and James 'Rhodey' Rhodes at his side, must forge new alliances – and confront powerful enemies.

Genres: Adventure, Action, Science Fiction

Collection: Iron Man Collection

Production Companies: Marvel Studios, Fairview Entertainment, Marvel Entertainment

Production Countries: United States of America

Spoken Languages: English, Russian, French",tt1228705,2010-04-28,2010.0,en,['US'],124.0,Released,"['Adventure', 'Action', 'Science Fiction']","['English', 'Russian', 'French']",['United States of America'],200000000.0,623933331.0,50.3758,6.855,22966,131292.0,Iron Man Collection,"[{'id': 420, 'name': 'Marvel Studios', 'origin_country': 'US'}, {'id': 7297, 'name': 'Fairview Entertainment', 'origin_country': 'US'}, {'id': 7505, 'name': 'Marvel Entertainment', 'origin_country': 'US'}]",https://www.marvel.com/movies/iron-man-2,/6WBeq4fCfn7AN0o21W9qNcRF2l9.jpg,/7lmBufEG7P7Y1HClYK3gCxYrkgS.jpg,10138.json,724,109,False,True
10192,Shrek Forever After,Shrek Forever After,"A midlife-crisis burdened Shrek, longing for the days of when he felt like a real ogre, makes a pact with magic deal-maker Rumpelstiltskin. But when he's duped and sent to a twisted version of Far Far Away—where Rumpelstiltskin is king, ogres are hunted, and he and Fiona have never met—he sets out to restore his world and reclaim his true love.",It ain't ogre... til it's ogre.,"Title: Shrek Forever After

Tagline: It ain't ogre... til it's ogre.

Overview: A midlife-crisis burdened Shrek, longing for the days of when he felt like a real ogre, makes a pact with magic deal-maker Rumpelstiltskin. But when he's duped and sent to a twisted version of Far Far Away—where Rumpelstiltskin is king, ogres are hunted, and he and Fiona have never met—he sets out to restore his world and reclaim his true love.

Genres: Comedy, Adventure, Fantasy, Animation, Family

Collection: Shrek Collection

Production Companies: DreamWorks Animation

Production Countries: United States of America

Spoken Languages: English",tt0892791,2010-05-16,2010.0,en,['US'],93.0,Released,"['Comedy', 'Adventure', 'Fantasy', 'Animation', 'Family']",['English'],['United States of America'],165000000.0,752600867.0,29.8356,6.414,8142,2150.0,Shrek Collection,"[{'id': 521, 'name': 'DreamWorks Animation', 'origin_country': 'US'}]",http://www.shrekforeverafter.com/,/6HrfPZtKcGmX2tUWW3cnciZTaSD.jpg,/uzzTystB8lL0mRDII5Sfs5HxgkI.jpg,10192.json,630,95,False,True
10193,Toy Story 3,Toy Story 3,"Woody, Buzz, and the rest of Andy's toys haven't been played with in years. With Andy about to go to college, the gang find themselves accidentally left at a nefarious day care center. The toys must band together to escape and return home to Andy.",No toy gets left behind.,"Title: Toy Story 3

Tagline: No toy gets left behind.

Overview: Woody, Buzz, and the rest of Andy's toys haven't been played with in years. With Andy about to go to college, the gang find themselves accidentally left at a nefarious day care center. The toys must band together to escape and return home to Andy.

Genres: Animation, Family, Comedy

Collection: Toy Story Collection

Production Companies: Pixar

Production Countries: United States of America

Spoken Languages: English, Spanish",tt0435761,2010-06-16,2010.0,en,['US'],103.0,Released,"['Animation', 'Family', 'Comedy']","['English', 'Spanish']",['United States of America'],200000000.0,1067316101.0,34.4992,7.817,16277,10194.0,Toy Story Collection,"[{'id': 3, 'name': 'Pixar', 'origin_country': 'US'}]",http://disney.go.com/toystory/,/AbbXspMOwdvwWZgVN0nabZq03Ec.jpg,/uAfhsySkr1UzQg1zdg3dZQRz9Fd.jpg,10193.json,494,77,False,False
1022789,Inside Out 2,Inside Out 2,"Teenager Riley's mind headquarters is undergoing a sudden demolition to make room for something entirely unexpected: new Emotions! Joy, Sadness, Anger, Fear and Disgust, who’ve long been running a successful operation by all accounts, aren’t sure how to feel when Anxiety shows up. And it looks like she’s not alone.",Make room for new emotions.,"Title: Inside Out 2

Tagline: Make room for new emotions.

Overview: Teenager Riley's mind headquarters is undergoing a sudden demolition to make room for something entirely unexpected: new Emotions! Joy, Sadness, Anger, Fear and Disgust, who’ve long been running a successful operation by all accounts, aren’t sure how to feel when Anxiety shows up. And it looks like she’s not alone.

Genres: Animation, Adventure, Comedy, Family

Collection: Inside Out Collection

Production Companies: Pixar

Production Countries: United States of America

Spoken Languages: English",tt22022452,2024-06-11,2024.0,en,['US'],97.0,Released,"['Animation', 'Adventure', 'Comedy', 'Family']",['English'],['United States of America'],200000000.0,1698863816.0,39.3911,7.54,7010,1022790.0,Inside Out Collection,"[{'id': 3, 'name': 'Pixar', 'origin_country': 'US'}]",https://movies.disney.com/inside-out-2,/vpnVM9B6NMmQpWeZvzLvDESb2QY.jpg,/p5ozvmdgsmbWe0H8Xk7Rc8SCwAB.jpg,1022789.json,570,82,False,True
1032863,The Love Hypothesis,The Love Hypothesis,"Olive Smith, a biology PhD candidate, and Dr. Adam Carlsen, a hotshot professor and well-known tyrant, enter into a fake relationship, seeing each of their carefully calculated theories on love get thrown into chaos.",Fake dating. Real chemistry.,"Title: The Love Hypothesis

Tagline: Fake dating. Real chemistry.

Overview: Olive Smith, a biology PhD candidate, and Dr. Adam Carlsen, a hotshot professor and well-known tyrant, enter into a fake relationship, seeing each of their carefully calculated theories on love get thrown into chaos.

Genres: Romance, Comedy

Production Companies: MRC, Amazon MGM Studios, The Cantillon Company

Production Countries: United States of America

Spoken Languages: English",tt22526100,2026-09-23,2026.0,en,['US'],112.0,Released,"['Romance', 'Comedy']",['English'],['United States of America'],,,329.2336,8.213,317,,,"[{'id': 2531, 'name': 'MRC', 'origin_country': 'US'}, {'id': 210099, 'name': 'Amazon MGM Studios', 'origin_country': 'US'}, {'id': 71170, 'name': 'The Cantillon Company', 'origin_country': 'US'}]",https://www.amazon.com/dp/B0H4WZS7VX,/vfZxVHextAGC70zrNhS8lsROqP1.jpg,/o7Oy9Gbx1CCyaweL8xUhtMW4Puq.jpg,1032863.json,463,65,False,False
10331,Night of the Living Dead,Night of the Living Dead,A ragtag group barricade themselves in an old Pennsylvania farmhouse to remain safe from a horde of flesh-eating ghouls ravaging the Northeast.,"If it doesn't scare you, you're already dead!","Title: Night of the Living Dead

Tagline: If it doesn't scare you, you're already dead!

Overview: A ragtag group barricade themselves in an old Pennsylvania farmhouse to remain safe from a horde of flesh-eating ghouls ravaging the Northeast.

Genres: Horror, Thriller, Science Fiction

Collection: Living Dead Collection

Production Companies: Image Ten

Production Countries: United States of America

Spoken Languages: English",tt0063350,1968-10-04,1968.0,en,['US'],96.0,Released,"['Horror', 'Thriller', 'Science Fiction']",['English'],['United States of America'],114000.0,30236452.0,27.0983,7.6,2836,261590.0,Living Dead Collection,"[{'id': 14121, 'name': 'Image Ten', 'origin_country': ''}]",,/rb2NWyb008u1EcKCOyXs2Nmj0ra.jpg,/5KtmBSqFtHY3I9t8lgH27Mc0bqY.jpg,10331.json,429,60,False,False
10494,Perfect Blue,PERFECT BLUE,"Rising pop star Mima Kirigoe quits singing to pursue a career as an actress. After she takes up a role on a popular detective show, her handlers and collaborators begin turning up murdered. Harboring feelings of guilt and haunted by visions of her former self, Mima's reality and fantasy meld into a frenzied paranoia.","""excuse me... who are you?""","Title: Perfect Blue

Original Title: PERFECT BLUE

Tagline: ""excuse me... who are you?""

Overview: Rising pop star Mima Kirigoe quits singing to pursue a career as an actress. After she takes up a role on a popular detective show, her handlers and collaborators begin turning up murdered. Harboring feelings of guilt and haunted by visions of her former self, Mima's reality and fantasy meld into a frenzied paranoia.

Genres: Animation, Thriller

Production Companies: Madhouse, Rex Entertainment, Kotobuki Seihan Printing, Asahi Broadcasting Corporation, Fangs, ONIRO

Production Countries: Japan

Spoken Languages: Japanese",tt0156887,1998-02-28,1998.0,ja,['JP'],81.0,Released,"['Animation', 'Thriller']",['Japanese'],['Japan'],830442.0,2743097.0,18.5799,8.305,3374,,,"[{'id': 3464, 'name': 'Madhouse', 'origin_country': 'JP'}, {'id': 185544, 'name': 'Rex Entertainment', 'origin_country': 'JP'}, {'id': 201821, 'name': 'Kotobuki Seihan Printing', 'origin_country': 'JP'}, {'id': 4868, 'name': 'Asahi Broadcasting Corporation', 'origin_country': 'JP'}, {'id': 201822, 'name': 'Fangs', 'origin_country': 'JP'}, {'id': 30652, 'name': 'ONIRO', 'origin_country': 'JP'}]",https://gkids.com/films/perfect-blue,/6WTiOCfDPP8XV4jqfloiVWf7KHq.jpg,/mHG7dpLb0ZScSY3LpP443IHRmjy.jpg,10494.json,626,90,False,False
105,Back to the Future,Back to the Future,"Eighties teenager Marty McFly is accidentally sent back in time to 1955, inadvertently disrupting his parents' first meeting and attracting his mother's romantic interest. Marty must repair the damage to history by rekindling his parents' romance and - with the help of his eccentric inventor friend Doc Brown - return to 1985.",He was never in time for his classes... He wasn't in time for his dinner... Then one day... he wasn't in his time at all.,"Title: Back to the Future

Tagline: He was never in time for his classes... He wasn't in time for his dinner... Then one day... he wasn't in his time at all.

Overview: Eighties teenager Marty McFly is accidentally sent back in time to 1955, inadvertently disrupting his parents' first meeting and attracting his mother's romantic interest. Marty must repair the damage to history by rekindling his parents' romance and - with the help of his eccentric inventor friend Doc Brown - return to 1985.

Genres: Adventure, Comedy, Science Fiction

Collection: Back to the Future Collection

Production Companies: Universal Pictures, Amblin Entertainment

Production Countries: United States of America

Spoken Languages: English",tt0088763,1985-07-03,1985.0,en,['US'],116.0,Released,"['Adventure', 'Comedy', 'Science Fiction']",['English'],['United States of America'],19000000.0,391546852.0,36.3916,8.33,22465,264.0,Back to the Future Collection,"[{'id': 33, 'name': 'Universal Pictures', 'origin_country': 'US'}, {'id': 56, 'name': 'Amblin Entertainment', 'origin_country': 'US'}]",http://www.backtothefuture.com/movies/backtothefuture1,/vN5B5WgYscRGcQpVhHl6p9DDTP0.jpg,/5bzPWQ2dFUl2aZKkp7ILJVVkRed.jpg,105.json,722,110,False,False
1050035,Monster,怪物,"After an outburst at school involving her son, a concerned single mother demands answers, triggering a sequence of deepening suspicion and turmoil.","Are they the ones we dream of, or the ones we fail to see among us?","Title: Monster

Original Title: 怪物

Tagline: Are they the ones we dream of, or the ones we fail to see among us?

Overview: After an outburst at school involving her son, a concerned single mother demands answers, triggering a sequence of deepening suspicion and turmoil.

Genres: Mystery, Thriller, Drama

Production Companies: TOHO, Fuji Television Network, AOI Pro., BUN-BUKU, GAGA Corporation

Production Countries: Japan

Spoken Languages: Japanese",tt23736044,2023-06-02,2023.0,ja,['JP'],125.0,Released,"['Mystery', 'Thriller', 'Drama']",['Japanese'],['Japan'],,,11.5896,7.943,964,,,"[{'id': 882, 'name': 'TOHO', 'origin_country': 'JP'}, {'id': 3341, 'name': 'Fuji Television Network', 'origin_country': 'JP'}, {'id': 39804, 'name': 'AOI Pro.', 'origin_country': 'JP'}, {'id': 75214, 'name': 'BUN-BUKU', 'origin_country': 'JP'}, {'id': 84048, 'name': 'GAGA Corporation', 'origin_country': 'JP'}]",https://wellgousa.com/films/monster,/kvUJUyUGOhEoiWWNH04IXoExPE2.jpg,/dZJcOyRonN0Kb7kJR3DE3esGn16.jpg,1050035.json,453,66,False,False
10515,Castle in the Sky,天空の城ラピュタ,A young boy and a girl with a magic crystal must race against pirates and foreign agents in a search for a legendary floating castle.,"One day, a girl came down from the sky…","Title: Castle in the Sky

Original Title: 天空の城ラピュタ

Tagline: One day, a girl came down from the sky…

Overview: A young boy and a girl with a magic crystal must race against pirates and foreign agents in a search for a legendary floating castle.

Genres: Adventure, Fantasy, Animation, Action, Family

Production Companies: Studio Ghibli, Tokuma Shoten

Production Countries: Japan

Spoken Languages: Japanese",tt0092067,1986-08-02,1986.0,ja,['JP'],125.0,Released,"['Adventure', 'Fantasy', 'Animation', 'Action', 'Family']",['Japanese'],['Japan'],3000000.0,5228752.0,12.7035,8.0,4812,,,"[{'id': 10342, 'name': 'Studio Ghibli', 'origin_country': 'JP'}, {'id': 1779, 'name': 'Tokuma Shoten', 'origin_country': 'JP'}]",https://gkids.com/films/castle-in-the-sky,/41XxSsJc5OrulP0m7TrrUeO2hoz.jpg,/3cyjYtLWCBE1uvWINHFsFnE8LUK.jpg,10515.json,409,62,False,False
1058424,Hope,호프,"In the remote South Korean village of Hope Harbor, police chief Bum-seok and officer Sung-ae are called to investigate a mysterious creature wreaking havoc on the community. But all is not as it seems, and perceptions can be misleading. What begins as ignorance plants the seed of disaster, escalating through human conflict into a tragedy of cosmic proportions.",Is this how it ends?,"Title: Hope

Original Title: 호프

Tagline: Is this how it ends?

Overview: In the remote South Korean village of Hope Harbor, police chief Bum-seok and officer Sung-ae are called to investigate a mysterious creature wreaking havoc on the community. But all is not as it seems, and perceptions can be misleading. What begins as ignorance plants the seed of disaster, escalating through human conflict into a tragedy of cosmic proportions.

Genres: Science Fiction, Mystery, Action

Production Companies: Forged Films, Plus M Entertainment, Westworld Story

Production Countries: South Korea

Spoken Languages: Korean",tt27369017,2026-07-15,2026.0,ko,['KR'],157.0,Released,"['Science Fiction', 'Mystery', 'Action']",['Korean'],['South Korea'],46000000.0,41212538.0,50.4337,7.285,93,,,"[{'id': 196800, 'name': 'Forged Films', 'origin_country': 'KR'}, {'id': 91505, 'name': 'Plus M Entertainment', 'origin_country': 'KR'}, {'id': 168283, 'name': 'Westworld Story', 'origin_country': 'KR'}]",https://www.neonrated.com/film/hope,/1n37BJchWHLiSYQkuFxe5KjB951.jpg,/hrCTKrc3Tz2wbPOt5rcrlAhqF11.jpg,1058424.json,614,91,False,False
105864,The Good Dinosaur,The Good Dinosaur,An epic journey into the world of dinosaurs where an Apatosaurus named Arlo makes an unlikely human friend.,A single kindness can change everything.,"Title: The Good Dinosaur

Tagline: A single kindness can change everything.

Overview: An epic journey into the world of dinosaurs where an Apatosaurus named Arlo makes an unlikely human friend.

Genres: Adventure, Animation, Family

Production Companies: Pixar

Production Countries: United States of America

Spoken Languages: English",tt1979388,2015-11-14,2015.0,en,['US'],93.0,Released,"['Adventure', 'Animation', 'Family']",['English'],['United States of America'],175000000.0,332207671.0,33.0383,6.755,6172,,,"[{'id': 3, 'name': 'Pixar', 'origin_country': 'US'}]",http://movies.disney.com/the-good-dinosaur,/8RSkxOO80btfKjyiC5ZiTaCHIT8.jpg,/cF3H9pyUF6dsvqlYUcH0TyBAMTG.jpg,105864.json,336,46,False,False
10588,The Cat in the Hat,The Cat in the Hat,"During a rainy day, and while their mother is out, Conrad and Sally, and their pet fish, are visited by the mischievous Cat in the Hat. Fun soon turns to mayhem, and the siblings must figure out how to rid themselves of the maniacal Cat.",Don't mess with the hat.,"Title: The Cat in the Hat

Tagline: Don't mess with the hat.

Overview: During a rainy day, and while their mother is out, Conrad and Sally, and their pet fish, are visited by the mischievous Cat in the Hat. Fun soon turns to mayhem, and the siblings must figure out how to rid themselves of the maniacal Cat.

Genres: Fantasy, Adventure, Family, Comedy

Production Companies: Universal Pictures, DreamWorks Pictures, Imagine Entertainment, Brian Grazer Productions

Production Countries: United States of America

Spoken Languages: English",tt0312528,2003-11-21,2003.0,en,['US'],82.0,Released,"['Fantasy', 'Adventure', 'Family', 'Comedy']",['English'],['United States of America'],109000000.0,133800000.0,40.5958,5.4,1896,,,"[{'id': 33, 'name': 'Universal Pictures', 'origin_country': 'US'}, {'id': 7, 'name': 'DreamWorks Pictures', 'origin_country': 'US'}, {'id': 23, 'name': 'Imagine Entertainment', 'origin_country': 'US'}, {'id': 187063, 'name': 'Brian Grazer Productions', 'origin_country': 'US'}]",http://www.thecatinthehatmovie.com/,/uYYLz67e5xEQMsY858VSSCDsLU6.jpg,/ihOd5W6qOgrBSLj0uDTnGs8k1aa.jpg,10588.json,540,83,False,False
1061474,Superman,Superman,"Superman, a journalist in Metropolis, embarks on a journey to reconcile his Kryptonian heritage with his human upbringing as Clark Kent.",Look up.,"Title: Superman

Tagline: Look up.

Overview: Superman, a journalist in Metropolis, embarks on a journey to reconcile his Kryptonian heritage with his human upbringing as Clark Kent.

Genres: Science Fiction, Adventure, Action

Collection: Superman (DCU) Collection

Production Companies: Troll Court Entertainment, The Safran Company, DC Studios, Domain Entertainment

Production Countries: United States of America

Spoken Languages: English, Spanish, Croatian",tt5950044,2025-07-09,2025.0,en,['US'],130.0,Released,"['Science Fiction', 'Adventure', 'Action']","['English', 'Spanish', 'Croatian']",['United States of America'],225000000.0,618723803.0,40.4092,7.323,5516,1540907.0,Superman (DCU) Collection,"[{'id': 94218, 'name': 'Troll Court Entertainment', 'origin_country': 'US'}, {'id': 11565, 'name': 'The Safran Company', 'origin_country': 'US'}, {'id': 184898, 'name': 'DC Studios', 'origin_country': 'US'}, {'id': 216687, 'name': 'Domain Entertainment', 'origin_country': 'US'}]",https://www.superman.com,/ldyfo0BKmz5rWtJJKCvwaNS4cJT.jpg,/yRBc6WY3r1Fz5Cjd6DhSvzqunED.jpg,1061474.json,462,59,False,False
1061798,Jim Queen and the Quest for Chloroqueer,Jim Queen,"When Heterosis, a mysterious virus that turns gay men straight, sweeps through the Parisian gay scene, Jim, the six-packed sovereign of the Gym Queens, goes from Pride royalty to social outcast. With only Lucien, a freshly-out twink with more heart than abs, still by his side, Jim must race to find a cure before the disease erases the community that once worshipped him.",For better or for Queer.,"Title: Jim Queen and the Quest for Chloroqueer

Original Title: Jim Queen

Tagline: For better or for Queer.

Overview: When Heterosis, a mysterious virus that turns gay men straight, sweeps through the Parisian gay scene, Jim, the six-packed sovereign of the Gym Queens, goes from Pride royalty to social outcast. With only Lucien, a freshly-out twink with more heart than abs, still by his side, Jim must race to find a cure before the disease erases the community that once worshipped him.

Genres: Animation, Comedy

Production Companies: Bobbypills, uMedia, RTBF, uFund

Production Countries: France, Belgium

Spoken Languages: French, English",tt36955518,2026-06-17,2026.0,fr,"['FR', 'BE']",85.0,Released,"['Animation', 'Comedy']","['French', 'English']","['France', 'Belgium']",,,8.9365,7.9,86,,,"[{'id': 107583, 'name': 'Bobbypills', 'origin_country': 'FR'}, {'id': 19037, 'name': 'uMedia', 'origin_country': 'BE'}, {'id': 792, 'name': 'RTBF', 'origin_country': 'BE'}, {'id': 22127, 'name': 'uFund', 'origin_country': 'BE'}]",https://jimqueen.fr/en/,/nvmGrOzolKlW1z90rLudSjPm9cG.jpg,/vQw05sfFEVCVpysDAU5C8NU1gMO.jpg,1061798.json,648,99,False,False
106646,The Wolf of Wall Street,The Wolf of Wall Street,"A New York stockbroker refuses to cooperate in a large securities fraud case involving corruption on Wall Street, corporate banking world and mob infiltration. Based on Jordan Belfort's autobiography.",Earn. Spend. Party.,"Title: The Wolf of Wall Street

Tagline: Earn. Spend. Party.

Overview: A New York stockbroker refuses to cooperate in a large securities fraud case involving corruption on Wall Street, corporate banking world and mob infiltration. Based on Jordan Belfort's autobiography.

Genres: Crime, Drama, Comedy

Production Companies: Red Granite Pictures, Appian Way, Sikelia Productions, EMJAG Productions

Production Countries: United States of America

Spoken Languages: English, French",tt0993846,2013-12-25,2013.0,en,['US'],180.0,Released,"['Crime', 'Drama', 'Comedy']","['English', 'French']",['United States of America'],100000000.0,407039432.0,34.2961,8.027,26605,,,"[{'id': 19177, 'name': 'Red Granite Pictures', 'origin_country': 'US'}, {'id': 562, 'name': 'Appian Way', 'origin_country': 'US'}, {'id': 23243, 'name': 'Sikelia Productions', 'origin_country': 'US'}, {'id': 14654, 'name': 'EMJAG Productions', 'origin_country': 'US'}]",http://www.thewolfofwallstreet.com/,/kW9LmvYHAaS9iA0tHmZVq8hQYoq.jpg,/7Nwnmyzrtd0FkcRyPqmdzTPppQa.jpg,106646.json,481,65,False,False
10681,WALL·E,WALL·E,"After hundreds of years doing what he was built for, WALL•E— a robot designed to clean up the earth—discovers a new purpose in life when he meets a sleek search robot named EVE. EVE comes to realize that WALL•E has inadvertently stumbled upon the key to the planet's future, and races back to space to report to the humans. Meanwhile, WALL•E chases EVE across the galaxy and sets into motion one of the most imaginative adventures ever brought to the big screen.","After 700 years of doing what he was built for, he'll discover what he was meant for.","Title: WALL·E

Tagline: After 700 years of doing what he was built for, he'll discover what he was meant for.

Overview: After hundreds of years doing what he was built for, WALL•E— a robot designed to clean up the earth—discovers a new purpose in life when he meets a sleek search robot named EVE. EVE comes to realize that WALL•E has inadvertently stumbled upon the key to the planet's future, and races back to space to report to the humans. Meanwhile, WALL•E chases EVE across the galaxy and sets into motion one of the most imaginative adventures ever brought to the big screen.

Genres: Animation, Family, Science Fiction

Production Companies: Pixar

Production Countries: United States of America

Spoken Languages: English",tt0910970,2008-06-26,2008.0,en,['US'],98.0,Released,"['Animation', 'Family', 'Science Fiction']",['English'],['United States of America'],180000000.0,521311860.0,40.2686,8.125,20924,,,"[{'id': 3, 'name': 'Pixar', 'origin_country': 'US'}]",https://www.pixar.com/feature-films/walle/,/hbhFnRzzg6ZDmm8YAmxBnQpQIPh.jpg,/nYs4ZwnJBK4AgljhvzwNz7fpr3E.jpg,10681.json,731,120,True,True
10757,Kabhi Khushi Kabhie Gham,कभी ख़ुशी कभी ग़म,"Years after his father disowns his adopted brother for marrying a woman of lower social standing, a young man goes on a mission to reunite his family.",It's all about loving your parents.,"Title: Kabhi Khushi Kabhie Gham

Original Title: कभी ख़ुशी कभी ग़म

Tagline: It's all about loving your parents.

Overview: Years after his father disowns his adopted brother for marrying a woman of lower social standing, a young man goes on a mission to reunite his family.

Genres: Comedy, Drama

Production Companies: Dharma Productions, Yash Raj Films, British Film Commission, K3G Films Limited

Production Countries: India, United Kingdom

Spoken Languages: English, Hindi",tt0248126,2001-12-14,2001.0,hi,['IN'],209.0,Released,"['Comedy', 'Drama']","['English', 'Hindi']","['India', 'United Kingdom']",7500000.0,11336308.0,4.6745,7.7,633,,,"[{'id': 19146, 'name': 'Dharma Productions', 'origin_country': 'IN'}, {'id': 1569, 'name': 'Yash Raj Films', 'origin_country': 'IN'}, {'id': 120404, 'name': 'British Film Commission', 'origin_country': 'GB'}, {'id': 209899, 'name': 'K3G Films Limited', 'origin_country': 'GB'}]",,/eJrD94E1msYEa0DygvkvdEKpChm.jpg,/sPMBiyjTco4JdKojlfGIz5Wd0jC.jpg,10757.json,478,71,False,False
1078605,Weapons,Weapons,"When all but one child from the same class mysteriously vanish on the same night at exactly the same time, a community is left questioning who or what is behind their disappearance.","Last night at 2:17 AM, every child from Mrs. Gandy's class woke up, got out of bed, went downstairs, opened the front door, walked into the dark ...and they never came back.","Title: Weapons

Tagline: Last night at 2:17 AM, every child from Mrs. Gandy's class woke up, got out of bed, went downstairs, opened the front door, walked into the dark ...and they never came back.

Overview: When all but one child from the same class mysteriously vanish on the same night at exactly the same time, a community is left questioning who or what is behind their disappearance.

Genres: Horror, Mystery

Collection: Weapons Collection

Production Companies: Subconscious, Vertigo Entertainment, BoulderLight Pictures, New Line Cinema, Domain Entertainment

Production Countries: United States of America

Spoken Languages: English",tt26581740,2025-08-04,2025.0,en,['US'],129.0,Released,"['Horror', 'Mystery']",['English'],['United States of America'],38000000.0,269972492.0,36.3935,7.265,4003,1531466.0,Weapons Collection,"[{'id': 240675, 'name': 'Subconscious', 'origin_country': 'US'}, {'id': 829, 'name': 'Vertigo Entertainment', 'origin_country': 'US'}, {'id': 18609, 'name': 'BoulderLight Pictures', 'origin_country': 'US'}, {'id': 12, 'name': 'New Line Cinema', 'origin_country': 'US'}, {'id': 216687, 'name': 'Domain Entertainment', 'origin_country': 'US'}]",https://www.warnerbros.com/movies/weapons,/cpf7vsRZ0MYRQcnLWteD5jK9ymT.jpg,/8VyTWJrNEyV2MTWvniDVp0MpOAe.jpg,1078605.json,644,95,False,False
1081003,Supergirl,Supergirl,"When an unexpected and ruthless adversary strikes too close to home, Kara Zor-El, aka Supergirl, reluctantly joins forces with an unlikely companion on an epic, interstellar journey of vengeance and justice.",Truth. Justice. Whatever.,"Title: Supergirl

Tagline: Truth. Justice. Whatever.

Overview: When an unexpected and ruthless adversary strikes too close to home, Kara Zor-El, aka Supergirl, reluctantly joins forces with an unlikely companion on an epic, interstellar journey of vengeance and justice.

Genres: Action, Adventure, Science Fiction

Production Companies: DC Studios, Troll Court Entertainment, The Safran Company, Domain Entertainment

Production Countries: United States of America

Spoken Languages: English",tt8814476,2026-06-24,2026.0,en,['US'],108.0,Released,"['Action', 'Adventure', 'Science Fiction']",['English'],['United States of America'],175000000.0,126366532.0,67.173,6.669,2444,,,"[{'id': 184898, 'name': 'DC Studios', 'origin_country': 'US'}, {'id': 94218, 'name': 'Troll Court Entertainment', 'origin_country': 'US'}, {'id': 11565, 'name': 'The Safran Company', 'origin_country': 'US'}, {'id': 216687, 'name': 'Domain Entertainment', 'origin_country': 'US'}]",https://www.supergirlmovie.com,/uhzRnTW4DM13UQBvZP3eVNzQTuz.jpg,/heZQmyNvkH236ha2M3JckdUQQqb.jpg,1081003.json,493,64,False,False
1081422,Kunwari Dulhan,Kunwari Dulhan,Kunwari Dulhan is a Hindi thriller starring Prem Leela and Reena.,,"Title: Kunwari Dulhan

Overview: Kunwari Dulhan is a Hindi thriller starring Prem Leela and Reena.

Genres: Thriller, Drama

Spoken Languages: Hindi",tt3544548,1991-01-01,1991.0,hi,['IN'],78.0,Released,"['Thriller', 'Drama']",['Hindi'],[],,,6.6828,0.0,0,,,[],,/uYNadPUxOtyaMetqz0zhOtueTz1.jpg,,1081422.json,148,21,False,False
1083381,Backrooms,Backrooms,A strange doorway appears in the basement of a furniture showroom.,See how far it goes.,"Title: Backrooms

Tagline: See how far it goes.

Overview: A strange doorway appears in the basement of a furniture showroom.

Genres: Horror, Mystery, Science Fiction

Production Companies: Atomic Monster, 21 Laps Entertainment, A24, Phobos, The North Road Company

Production Countries: United States of America, Canada

Spoken Languages: English",tt26657236,2026-05-27,2026.0,en,['US'],111.0,Released,"['Horror', 'Mystery', 'Science Fiction']",['English'],"['United States of America', 'Canada']",10000000.0,400099619.0,111.4963,7.024,3472,,,"[{'id': 76907, 'name': 'Atomic Monster', 'origin_country': 'US'}, {'id': 2575, 'name': '21 Laps Entertainment', 'origin_country': 'US'}, {'id': 41077, 'name': 'A24', 'origin_country': 'US'}, {'id': 262307, 'name': 'Phobos', 'origin_country': 'CA'}, {'id': 251729, 'name': 'The North Road Company', 'origin_country': 'US'}]",https://app.a24films.com/release/backrooms/522,/rhGx6E3qRNMgj3i5su2oukNHwIQ.jpg,/dqmMWNWfLnExDRpMtIMqI97GQFR.jpg,1083381.json,348,48,False,False
1083862,Resident Evil: Death Island,バイオハザード：デスアイランド,"In San Francisco, Jill Valentine is dealing with a zombie outbreak and a new T-Virus, Leon Kennedy is on the trail of a kidnapped DARPA scientist, and Claire Redfield is investigating a monstrous fish that is killing whales in the bay. Joined by Chris Redfield and Rebecca Chambers, they discover the trail of clues from their separate cases all converge on the same location, Alcatraz Island, where a new evil has taken residence and awaits their arrival.",Destinies intertwined. A world gone mad.,"Title: Resident Evil: Death Island

Original Title: バイオハザード：デスアイランド

Tagline: Destinies intertwined. A world gone mad.

Overview: In San Francisco, Jill Valentine is dealing with a zombie outbreak and a new T-Virus, Leon Kennedy is on the trail of a kidnapped DARPA scientist, and Claire Redfield is investigating a monstrous fish that is killing whales in the bay. Joined by Chris Redfield and Rebecca Chambers, they discover the trail of clues from their separate cases all converge on the same location, Alcatraz Island, where a new evil has taken residence and awaits their arrival.

Genres: Action, Animation, Science Fiction, Horror

Collection: Resident Evil (Animated) Collection

Production Companies: Capcom, Quebico, Sony Pictures, Sammy, Robot Communications, KADOKAWA, TMS Entertainment

Production Countries: Japan

Spoken Languages: English",tt26674627,2023-06-22,2023.0,ja,['JP'],91.0,Released,"['Action', 'Animation', 'Science Fiction', 'Horror']",['English'],['Japan'],,53929.0,19.3265,7.26,1148,133352.0,Resident Evil (Animated) Collection,"[{'id': 7220, 'name': 'Capcom', 'origin_country': 'JP'}, {'id': 140891, 'name': 'Quebico', 'origin_country': 'JP'}, {'id': 82346, 'name': 'Sony Pictures', 'origin_country': 'JP'}, {'id': 36342, 'name': 'Sammy', 'origin_country': 'JP'}, {'id': 12386, 'name': 'Robot Communications', 'origin_country': 'JP'}, {'id': 2073, 'name': 'KADOKAWA', 'origin_country': 'JP'}, {'id': 7164, 'name': 'TMS Entertainment', 'origin_country': 'JP'}]",https://www.sonypictures.com/movies/residentevildeathisland,/qayga07ICNDswm0cMJ8P3VwklFZ.jpg,/7drO1kYgQ0PnnU87sAnBEphYrSM.jpg,1083862.json,855,122,False,False
1084187,Pretty Lethal,Pretty Lethal,A troupe of ballerinas find themselves fighting for survival as they attempt to escape from a remote inn after their bus breaks down on the way to a dance competition.,"Blood, sweat and tutus.","Title: Pretty Lethal

Tagline: Blood, sweat and tutus.

Overview: A troupe of ballerinas find themselves fighting for survival as they attempt to escape from a remote inn after their bus breaks down on the way to a dance competition.

Genres: Action, Thriller, Horror

Production Companies: 87North Productions, GulfStream Pictures, Amazon MGM Studios, Tempo Productions

Production Countries: United States of America, Hungary, United Kingdom

Spoken Languages: English, Hungarian",tt26678938,2026-03-13,2026.0,en,['US'],89.0,Released,"['Action', 'Thriller', 'Horror']","['English', 'Hungarian']","['United States of America', 'Hungary', 'United Kingdom']",,,25.5789,6.766,508,,,"[{'id': 121470, 'name': '87North Productions', 'origin_country': 'US'}, {'id': 20788, 'name': 'GulfStream Pictures', 'origin_country': 'US'}, {'id': 210099, 'name': 'Amazon MGM Studios', 'origin_country': 'US'}, {'id': 3130, 'name': 'Tempo Productions', 'origin_country': 'GB'}]",https://www.amazon.com/dp/B0GPFBRJBQ,/znTPnXCK3lEQJgqXCvP7e5FUz6f.jpg,/z3bzhmC0CPikWeerUkLO73YvGrC.jpg,1084187.json,481,67,False,False
1084242,Zootopia 2,Zootopia 2,"After cracking the biggest case in Zootopia's history, rookie cops Judy Hopps and Nick Wilde find themselves on the twisting trail of a great mystery when Gary De'Snake arrives and turns the animal metropolis upside down. To crack the case, Judy and Nick must go undercover to unexpected new parts of town, where their growing partnership is tested like never before.",They're back with a twissst.,"Title: Zootopia 2

Tagline: They're back with a twissst.

Overview: After cracking the biggest case in Zootopia's history, rookie cops Judy Hopps and Nick Wilde find themselves on the twisting trail of a great mystery when Gary De'Snake arrives and turns the animal metropolis upside down. To crack the case, Judy and Nick must go undercover to unexpected new parts of town, where their growing partnership is tested like never before.

Genres: Animation, Adventure, Comedy, Mystery, Family

Collection: Zootopia Collection

Production Companies: Walt Disney Animation Studios, Walt Disney Animation Studios

Production Countries: United States of America, Canada

Spoken Languages: English",tt26443597,2025-11-26,2025.0,en,['US'],108.0,Released,"['Animation', 'Adventure', 'Comedy', 'Mystery', 'Family']",['English'],"['United States of America', 'Canada']",150000000.0,1868208796.0,77.5807,7.672,3476,1084247.0,Zootopia Collection,"[{'id': 6125, 'name': 'Walt Disney Animation Studios', 'origin_country': 'US'}, {'id': 158526, 'name': 'Walt Disney Animation Studios', 'origin_country': 'CA'}]",https://movies.disney.com/zootopia-2,/oJ7g2CifqpStmoYQyaLQgEU32qO.jpg,/lgotja3xMoJZbynwHfcQcJAEMWH.jpg,1084242.json,690,100,False,False
1084244,Toy Story 5,Toy Story 5,"When Bonnie receives a Lilypad tablet as a gift and becomes obsessed, Buzz, Woody, Jessie and the rest of the gang's jobs become exponentially harder when they have to go head to head with the all-new threat to playtime.",It's on.,"Title: Toy Story 5

Tagline: It's on.

Overview: When Bonnie receives a Lilypad tablet as a gift and becomes obsessed, Buzz, Woody, Jessie and the rest of the gang's jobs become exponentially harder when they have to go head to head with the all-new threat to playtime.

Genres: Animation, Family, Comedy, Adventure

Collection: Toy Story Collection

Production Companies: Pixar

Production Countries: United States of America

Spoken Languages: English, Spanish",tt29355505,2026-06-17,2026.0,en,['US'],102.0,Released,"['Animation', 'Family', 'Comedy', 'Adventure']","['English', 'Spanish']",['United States of America'],250000000.0,1136476240.0,198.3883,8.319,2389,10194.0,Toy Story Collection,"[{'id': 3, 'name': 'Pixar', 'origin_country': 'US'}]",https://movies.disney.com/toy-story-5,/sfQtVlIHljToOwYjhe21KPGzZWK.jpg,/4D1pdB27uph7J8HQzNf8QvvH9bn.jpg,1084244.json,462,69,False,False
1084736,The Count of Monte Cristo,Le Comte de Monte-Cristo,"Edmond Dantès becomes the target of a sinister plot and is arrested on his wedding day for a crime he did not commit. After 14 years in the island prison of Château d’If, he manages a daring escape. Now rich beyond his dreams, he assumes the identity of the Count of Monte-Cristo and exacts his revenge on the three men who betrayed him.","This is not vengeance, this is justice.","Title: The Count of Monte Cristo

Original Title: Le Comte de Monte-Cristo

Tagline: This is not vengeance, this is justice.

Overview: Edmond Dantès becomes the target of a sinister plot and is arrested on his wedding day for a crime he did not commit. After 14 years in the island prison of Château d’If, he manages a daring escape. Now rich beyond his dreams, he assumes the identity of the Count of Monte-Cristo and exacts his revenge on the three men who betrayed him.

Genres: Adventure, Action, Drama

Production Companies: Chapter 2, Pathé, M6 Films, Fargo Films, Logical Content Ventures, uMedia, uFund

Production Countries: France, Belgium

Spoken Languages: English, Italian, French, Romanian, German",tt26446278,2024-06-28,2024.0,fr,['FR'],178.0,Released,"['Adventure', 'Action', 'Drama']","['English', 'Italian', 'French', 'Romanian', 'German']","['France', 'Belgium']",46000000.0,75360860.0,15.4717,7.9,2141,,,"[{'id': 20339, 'name': 'Chapter 2', 'origin_country': 'FR'}, {'id': 7981, 'name': 'Pathé', 'origin_country': 'FR'}, {'id': 1115, 'name': 'M6 Films', 'origin_country': 'FR'}, {'id': 188578, 'name': 'Fargo Films', 'origin_country': 'FR'}, {'id': 209127, 'name': 'Logical Content Ventures', 'origin_country': 'FR'}, {'id': 19037, 'name': 'uMedia', 'origin_country': 'BE'}, {'id': 22127, 'name': 'uFund', 'origin_country': 'BE'}]",https://www.countofmontecristofilm.co.uk,/sAT1P3FGhtJ68anUyJScnMu8t1l.jpg,/bxT8jFcWNuWK5LmVo1oGhAm4dnZ.jpg,1084736.json,712,113,False,True
109445,Frozen,Frozen,"Young princess Anna of Arendelle dreams about finding true love at her sister Elsa’s coronation. Fate takes her on a dangerous journey in an attempt to end the eternal winter that has fallen over the kingdom. She's accompanied by ice delivery man Kristoff, his reindeer Sven, and snowman Olaf. On an adventure where she will find out what friendship, courage, family, and true love really means.",Who will save the day? The ice guy? The nice guy? The snow man? Or no man?,"Title: Frozen

Tagline: Who will save the day? The ice guy? The nice guy? The snow man? Or no man?

Overview: Young princess Anna of Arendelle dreams about finding true love at her sister Elsa’s coronation. Fate takes her on a dangerous journey in an attempt to end the eternal winter that has fallen over the kingdom. She's accompanied by ice delivery man Kristoff, his reindeer Sven, and snowman Olaf. On an adventure where she will find out what friendship, courage, family, and true love really means.

Genres: Animation, Family, Adventure, Fantasy

Collection: Frozen Collection

Production Companies: Walt Disney Animation Studios

Production Countries: United States of America

Spoken Languages: English",tt2294629,2013-11-20,2013.0,en,['US'],102.0,Released,"['Animation', 'Family', 'Adventure', 'Fantasy']",['English'],['United States of America'],150000000.0,1274219009.0,29.8669,7.249,17913,386382.0,Frozen Collection,"[{'id': 6125, 'name': 'Walt Disney Animation Studios', 'origin_country': 'US'}]",http://movies.disney.com/frozen,/itAKcobTYGpYT8Phwjd8c9hleTo.jpg,/rj58WQ9ImI0mYDptXdM7euX1Wjt.jpg,109445.json,711,110,False,True
10995,The Lover,L'Amant,"A poor French teenage girl engages in an illicit affair with a wealthy Chinese heir in 1920s Saigon. For the first time in her young life she has control, and she wields it deftly over her besotted lover throughout a series of clandestine meetings and torrid encounters.","She gave her innocence, her passion, her body. The one thing she couldn't give was her love.","Title: The Lover

Original Title: L'Amant

Tagline: She gave her innocence, her passion, her body. The one thing she couldn't give was her love.

Overview: A poor French teenage girl engages in an illicit affair with a wealthy Chinese heir in 1920s Saigon. For the first time in her young life she has control, and she wields it deftly over her besotted lover throughout a series of clandestine meetings and torrid encounters.

Genres: Drama, Romance

Production Companies: Timothy Burrill Productions, Renn Productions, Grai Phang Film Studio, Films A2

Production Countries: France, United Kingdom, Vietnam

Spoken Languages: Mandarin, English",tt0101316,1992-01-22,1992.0,fr,['FR'],115.0,Released,"['Drama', 'Romance']","['Mandarin', 'English']","['France', 'United Kingdom', 'Vietnam']",,5013090.0,9.9538,7.0,783,,,"[{'id': 8131, 'name': 'Timothy Burrill Productions', 'origin_country': 'GB'}, {'id': 82, 'name': 'Renn Productions', 'origin_country': 'FR'}, {'id': 28807, 'name': 'Grai Phang Film Studio', 'origin_country': ''}, {'id': 875, 'name': 'Films A2', 'origin_country': 'FR'}]",,/lgBGy8QaIFD9jQJWgi837czobEp.jpg,/mygq3cQkS4v1MoLxo22KABiK90l.jpg,10995.json,645,98,False,False
1099639,The Temptation of the Mature 50s Mother-in-law,50대 묵은지 장모님의 유혹,"A young couple, Wan-jin and So-hee, are living with Wan-jin's single father, Seok-bong. Seok-bong was preying on his daughter-in-law, who was doing the housework and preparing meals for him while her husband was away at work. He pretended to have dementia and attacked her. So-hee, who was suffering from her shame, suggested to Wan-jin to hire his father a caregiver, saying that his father seemed to be suffering from dementia, and so Bok-ja, a sexy and voluptuous caregiver who was about Seok-bong's age, came in. Seok-bong is captivated by Bok-ja's passionate charm and soon begins to share his love with her, and in this way, she takes the place of Wan-jin's new mother.",,"Title: The Temptation of the Mature 50s Mother-in-law

Original Title: 50대 묵은지 장모님의 유혹

Overview: A young couple, Wan-jin and So-hee, are living with Wan-jin's single father, Seok-bong. Seok-bong was preying on his daughter-in-law, who was doing the housework and preparing meals for him while her husband was away at work. He pretended to have dementia and attacked her. So-hee, who was suffering from her shame, suggested to Wan-jin to hire his father a caregiver, saying that his father seemed to be suffering from dementia, and so Bok-ja, a sexy and voluptuous caregiver who was about Seok-bong's age, came in. Seok-bong is captivated by Bok-ja's passionate charm and soon begins to share his love with her, and in this way, she takes the place of Wan-jin's new mother.

Genres: Romance, Drama

Production Countries: South Korea

Spoken Languages: Korean",,2023-02-03,2023.0,ko,['KR'],74.0,Released,"['Romance', 'Drama']",['Korean'],['South Korea'],,,12.0593,7.4,7,,,[],,/w4NBXeIu5wR8RZmw3Apq6pw72tB.jpg,/tkmsFwMnYbMzpYSnwLQk3TjI6eX.jpg,1099639.json,858,138,False,False
1100988,28 Years Later,28 Years Later,"Twenty-eight years after the Rage virus outbreak, a heavily-defended island survives connected to the mainland by a single causeway. When one of the group leaves the island into the dark heart of the mainland, he discovers secrets, wonders, and horrors that have mutated not only the infected but other survivors as well.",Time didn't heal anything.,"Title: 28 Years Later

Tagline: Time didn't heal anything.

Overview: Twenty-eight years after the Rage virus outbreak, a heavily-defended island survives connected to the mainland by a single causeway. When one of the group leaves the island into the dark heart of the mainland, he discovers secrets, wonders, and horrors that have mutated not only the infected but other survivors as well.

Genres: Horror, Thriller, Science Fiction

Collection: 28 Days/Weeks/Years Later Collection

Production Companies: Columbia Pictures, DNA Films, Decibel Films, TSG Entertainment

Production Countries: United Kingdom, United States of America

Spoken Languages: English, Swedish",tt10548174,2025-06-18,2025.0,en,['GB'],115.0,Released,"['Horror', 'Thriller', 'Science Fiction']","['English', 'Swedish']","['United Kingdom', 'United States of America']",60000000.0,151308832.0,31.1094,6.605,2997,1565.0,28 Days/Weeks/Years Later Collection,"[{'id': 5, 'name': 'Columbia Pictures', 'origin_country': 'US'}, {'id': 284, 'name': 'DNA Films', 'origin_country': 'GB'}, {'id': 8286, 'name': 'Decibel Films', 'origin_country': 'GB'}, {'id': 22213, 'name': 'TSG Entertainment', 'origin_country': 'US'}]",https://28yearslater.movie,/n5FygjEppOvac6yEaowi26nTyw3.jpg,/6WqqEjiycNvDLjbEClM1zCwIbDD.jpg,1100988.json,670,94,False,False
1101383,The End of Oak Street,The End of Oak Street,"After a mysterious cosmic event rips Oak Street from suburbia and transports their neighborhood to someplace unknown, the Platt family soon discovers that their very survival depends on them sticking together as they navigate their now unrecognizable surroundings.",Where goes the neighborhood.,"Title: The End of Oak Street

Tagline: Where goes the neighborhood.

Overview: After a mysterious cosmic event rips Oak Street from suburbia and transports their neighborhood to someplace unknown, the Platt family soon discovers that their very survival depends on them sticking together as they navigate their now unrecognizable surroundings.

Genres: Science Fiction, Mystery, Thriller

Production Companies: Warner Bros. Pictures, Domain Entertainment, Bad Robot, Jackson Pictures

Production Countries: United States of America

Spoken Languages: English",tt27165187,2026-08-12,2026.0,en,['US'],100.0,Released,"['Science Fiction', 'Mystery', 'Thriller']",['English'],['United States of America'],80000000.0,120363694.0,392.1,7.1,1648,,,"[{'id': 174, 'name': 'Warner Bros. Pictures', 'origin_country': 'US'}, {'id': 216687, 'name': 'Domain Entertainment', 'origin_country': 'US'}, {'id': 11461, 'name': 'Bad Robot', 'origin_country': 'US'}, {'id': 171235, 'name': 'Jackson Pictures', 'origin_country': 'US'}]",https://www.endofoakstreet.com,/fYXqpgPmHMphSF2W30GbTeJVIa5.jpg,/b9q9VmbXDvJmTziRqkwdEmFdwhr.jpg,1101383.json,558,75,False,False
1101412,Fall 2: Deadpoint,Fall 2: Deadpoint,"On a perilous climb across Thailand's Mount Kwan, two climbers become trapped thousands of feet above the ground, where vertigo-inducing heights, sheer exposure, and impossible odds turn every moment into a fight for survival.",Are you down?,"Title: Fall 2: Deadpoint

Tagline: Are you down?

Overview: On a perilous climb across Thailand's Mount Kwan, two climbers become trapped thousands of feet above the ground, where vertigo-inducing heights, sheer exposure, and impossible odds turn every moment into a fight for survival.

Genres: Thriller

Collection: Fall Collection

Production Companies: Tea Shop Productions, Capstone Pictures, Flawless Production, Cousin Jones

Production Countries: United Kingdom, United States of America

Spoken Languages: English",tt31192372,2026-09-01,2026.0,en,"['US', 'GB']",98.0,Released,['Thriller'],['English'],"['United Kingdom', 'United States of America']",3000000.0,9256541.0,70.9116,6.2,50,1102372.0,Fall Collection,"[{'id': 155758, 'name': 'Tea Shop Productions', 'origin_country': 'GB'}, {'id': 154063, 'name': 'Capstone Pictures', 'origin_country': 'US'}, {'id': 61975, 'name': 'Flawless Production', 'origin_country': 'GB'}, {'id': 303075, 'name': 'Cousin Jones', 'origin_country': 'US'}]",https://www.fall.movie/,/fgSm5ylwiXbIHn8UbUXDjk9RRu4.jpg,/yBDxqDB29kpH9VojTytjGWBgmdJ.jpg,1101412.json,522,70,False,False
110415,Snowpiercer,설국열차,"In a future where a failed global-warming experiment kills off most life on the planet, a class system evolves aboard the Snowpiercer; a train that travels around the globe via a perpetual-motion engine.",Fight your way to the front.,"Title: Snowpiercer

Original Title: 설국열차

Tagline: Fight your way to the front.

Overview: In a future where a failed global-warming experiment kills off most life on the planet, a class system evolves aboard the Snowpiercer; a train that travels around the globe via a perpetual-motion engine.

Genres: Action, Science Fiction, Drama

Production Companies: Opus Pictures, Moho Film, CJ Entertainment, Union Investment Partners

Production Countries: South Korea

Spoken Languages: English, French, Japanese, Korean",tt1706620,2013-08-01,2013.0,ko,['KR'],127.0,Released,"['Action', 'Science Fiction', 'Drama']","['English', 'French', 'Japanese', 'Korean']",['South Korea'],39200000.0,86758912.0,15.5915,6.909,10709,,,"[{'id': 7270, 'name': 'Opus Pictures', 'origin_country': 'KR'}, {'id': 34725, 'name': 'Moho Film', 'origin_country': 'KR'}, {'id': 7036, 'name': 'CJ Entertainment', 'origin_country': 'KR'}, {'id': 88607, 'name': 'Union Investment Partners', 'origin_country': 'KR'}]",,/kw6YQudA0TMcNmGUGy5XIw7zbnV.jpg,/vz45GHSnBNYRcyoZe3UCQ4HD4D4.jpg,110415.json,515,72,False,False
1108427,Moana,Moana,"Teenage Moana answers the Ocean's call and, for the first time, voyages beyond the reef of her island of Motunui with infamous demigod Maui on an unforgettable journey to restore prosperity to her people.",The ocean chose her for a reason.,"Title: Moana

Tagline: The ocean chose her for a reason.

Overview: Teenage Moana answers the Ocean's call and, for the first time, voyages beyond the reef of her island of Motunui with infamous demigod Maui on an unforgettable journey to restore prosperity to her people.

Genres: Family, Fantasy, Comedy, Adventure

Production Companies: Walt Disney Pictures, Seven Bucks Productions, Flynn Picture Company, 5000 Broadway Productions

Production Countries: United States of America

Spoken Languages: English",tt27419466,2026-07-08,2026.0,en,['US'],115.0,Released,"['Family', 'Fantasy', 'Comedy', 'Adventure']",['English'],['United States of America'],250000000.0,308159595.0,157.8981,7.391,797,,,"[{'id': 2, 'name': 'Walt Disney Pictures', 'origin_country': 'US'}, {'id': 73669, 'name': 'Seven Bucks Productions', 'origin_country': 'US'}, {'id': 34081, 'name': 'Flynn Picture Company', 'origin_country': 'US'}, {'id': 122645, 'name': '5000 Broadway Productions', 'origin_country': 'US'}]",https://movies.disney.com/moana-2026,/gaet1xQ2nxrG0V1Ep9T20ZMNEIC.jpg,/c6BPbkO5Npt1OdwttAxCFo06wtH.jpg,1108427.json,510,73,False,False
1109086,War 2,वॉर 2,"Years ago Agent Kabir went rogue, became India’s greatest villain ever.  As he descends further into the deepest shadows... India sends its deadliest, most lethal agent after him, Agent Vikram  A Special Units Officer who is more than Kabir’s equal and a relentless Terminator driven by his own demons, determined to put a bullet into Kabir’s skull.",,"Title: War 2

Original Title: वॉर 2

Overview: Years ago Agent Kabir went rogue, became India’s greatest villain ever.  As he descends further into the deepest shadows... India sends its deadliest, most lethal agent after him, Agent Vikram  A Special Units Officer who is more than Kabir’s equal and a relentless Terminator driven by his own demons, determined to put a bullet into Kabir’s skull.

Genres: Action, Thriller, Adventure

Collection: War Collection

Production Companies: Yash Raj Films, Palma Pictures, Point Media, All Around Globe, SK-Film, Ravi Sarin Motion Pictures

Production Countries: India, Spain, Italy, Austria

Spoken Languages: Hindi",tt27425164,2025-08-13,2025.0,hi,['IN'],173.0,Released,"['Action', 'Thriller', 'Adventure']",['Hindi'],"['India', 'Spain', 'Italy', 'Austria']",47000000.0,3096145.0,6.239,6.0,74,1717785.0,War Collection,"[{'id': 1569, 'name': 'Yash Raj Films', 'origin_country': 'IN'}, {'id': 233919, 'name': 'Palma Pictures', 'origin_country': 'ES'}, {'id': 309710, 'name': 'Point Media', 'origin_country': 'IT'}, {'id': 309711, 'name': 'All Around Globe', 'origin_country': 'IT'}, {'id': 21017, 'name': 'SK-Film', 'origin_country': 'AT'}, {'id': 309712, 'name': 'Ravi Sarin Motion Pictures', 'origin_country': 'IN'}]",https://www.yashrajfilms.com/movies/war-2,/fxxVbjhIOl8ZPS69dH8xeeuxvmh.jpg,/pKIRUTnwY3YYU9urSdsuobdcliP.jpg,1109086.json,660,98,False,True
1110034,Kraken,Kraken,"A marine biologist is doing research on a fish farm when she encounters several strange occurrences. Along with the brutal deaths of two teenagers, all signs point to the deep fjord; can there be more to the depths than the eye can see?",Only 5% of the ocean has been explored for a reason…,"Title: Kraken

Tagline: Only 5% of the ocean has been explored for a reason…

Overview: A marine biologist is doing research on a fish farm when she encounters several strange occurrences. Along with the brutal deaths of two teenagers, all signs point to the deep fjord; can there be more to the depths than the eye can see?

Genres: Horror, Action, Thriller

Production Companies: Handmade films in Norwegian Woods, Nordisk Film Norway

Production Countries: Norway

Spoken Languages: Norwegian, English, Japanese",tt19838566,2026-02-06,2026.0,no,['NO'],94.0,Released,"['Horror', 'Action', 'Thriller']","['Norwegian', 'English', 'Japanese']",['Norway'],1000000.0,14329678.0,47.8159,6.237,338,,,"[{'id': 119141, 'name': 'Handmade films in Norwegian Woods', 'origin_country': 'NO'}, {'id': 38072, 'name': 'Nordisk Film Norway', 'origin_country': 'NO'}]",https://www.handmadefilms.no/nye-prosjekter,/snjASPpfqpkmA7lVXDo24rA8I0z.jpg,/oV472EbPedkc5QzqolGc7sCgCnn.jpg,1110034.json,514,80,False,False
112160,Sexual Chronicles of a French Family,Chroniques sexuelles d'une famille d'aujourd'hui,Three generations of a French family open up about their sexual experiences and desires after young Romain is caught masturbating in his biology class.,,"Title: Sexual Chronicles of a French Family

Original Title: Chroniques sexuelles d'une famille d'aujourd'hui

Overview: Three generations of a French family open up about their sexual experiences and desires after young Romain is caught masturbating in his biology class.

Genres: Comedy, Drama, Romance

Production Companies: Toloda, Monkey Pack Films

Production Countries: France

Spoken Languages: French",tt1753584,2012-05-09,2012.0,fr,['FR'],85.0,Released,"['Comedy', 'Drama', 'Romance']",['French'],['France'],,,9.185,5.4,412,,,"[{'id': 9011, 'name': 'Toloda', 'origin_country': 'FR'}, {'id': 8906, 'name': 'Monkey Pack Films', 'origin_country': 'FR'}]",,/pebwFXu7izkXf8b8soWVXoRyJoR.jpg,/gvtGBiE4r2xCVp0qR0mbM85Doxp.jpg,112160.json,409,55,False,False
1122030,Alpha,अल्फा,"When Sita, a highly trained assassin raised in isolation as a super-soldier by a rogue commander, discovers the dark truth about her family and her stolen childhood, she teams up with her long lost sister to take down her creator and his illicit military program.",,"Title: Alpha

Original Title: अल्फा

Overview: When Sita, a highly trained assassin raised in isolation as a super-soldier by a rogue commander, discovers the dark truth about her family and her stolen childhood, she teams up with her long lost sister to take down her creator and his illicit military program.

Genres: Action, Thriller

Production Companies: Yash Raj Films

Production Countries: India

Spoken Languages: Hindi, English",tt28363783,2026-07-02,2026.0,hi,['IN'],141.0,Released,"['Action', 'Thriller']","['Hindi', 'English']",['India'],10500000.0,1856084.0,10.8622,5.1,28,,,"[{'id': 1569, 'name': 'Yash Raj Films', 'origin_country': 'IN'}]",https://www.yashrajfilms.com/movies/alpha,/bPtRt3ajQ0EkyeQ1O6iJwAIi9Py.jpg,/b4WXm5ahmtubYXy3wqHUG2nUKoM.jpg,1122030.json,437,66,False,False
1124142,The Rivals of Amziah King,The Rivals of Amziah King,"Deep within the backwoods of rural Oklahoma, charismatic and musically gifted Amziah King herds a bluegrass-playing band of misfits while overseeing the premier honey-making operation in town. But the honey game is ruthless, and Amziah's rivals threaten to destroy everything he's built.",Ain’t no one all bad or all good.,"Title: The Rivals of Amziah King

Tagline: Ain’t no one all bad or all good.

Overview: Deep within the backwoods of rural Oklahoma, charismatic and musically gifted Amziah King herds a bluegrass-playing band of misfits while overseeing the premier honey-making operation in town. But the honey game is ruthless, and Amziah's rivals threaten to destroy everything he's built.

Genres: Thriller, Crime, Drama

Production Companies: Black Bear Pictures, Heyday Films, G.E.D. Media

Production Countries: United Kingdom, United States of America

Spoken Languages: English",tt27706593,2026-08-13,2026.0,en,['US'],131.0,Released,"['Thriller', 'Crime', 'Drama']",['English'],"['United Kingdom', 'United States of America']",6000000.0,3111550.0,34.0745,6.781,96,,,"[{'id': 22146, 'name': 'Black Bear Pictures', 'origin_country': 'US'}, {'id': 437, 'name': 'Heyday Films', 'origin_country': 'GB'}, {'id': 303077, 'name': 'G.E.D. Media', 'origin_country': 'US'}]",https://amziahking.film/,/3iVDCDS1VwHIm95PjWEPwsfdhaf.jpg,/nBSlvQrDX60rmngwcxMeMq33I9m.jpg,1124142.json,569,82,False,False
1127384,Deep Water,Deep Water,A group of international passengers on a flight from Los Angeles to Shanghai is forced to make an emergency landing in shark-infested waters. The terrified group is forced to work together and overcome their differences if they hope to escape their sinking plane and the frenzy of sharks drawn to the wreckage.,Surviving the crash is just the beginning.,"Title: Deep Water

Tagline: Surviving the crash is just the beginning.

Overview: A group of international passengers on a flight from Los Angeles to Shanghai is forced to make an emergency landing in shark-infested waters. The terrified group is forced to work together and overcome their differences if they hope to escape their sinking plane and the frenzy of sharks drawn to the wreckage.

Genres: Horror, Thriller, Adventure

Production Companies: Magenta Light Studios, Arclight Films, Simmons/Hamilton Productions, Nostromo Pictures, Aristos Films, DW Film Holdings, Rabbits Black, Blue Rider Pictures

Production Countries: United States of America, Spain, Australia, China, Ukraine

Spoken Languages: English, Mandarin",tt29516222,2026-04-30,2026.0,en,"['AU', 'US']",107.0,Released,"['Horror', 'Thriller', 'Adventure']","['English', 'Mandarin']","['United States of America', 'Spain', 'Australia', 'China', 'Ukraine']",40000000.0,7340233.0,67.7421,7.395,633,,,"[{'id': 231386, 'name': 'Magenta Light Studios', 'origin_country': 'US'}, {'id': 2520, 'name': 'Arclight Films', 'origin_country': 'US'}, {'id': 200176, 'name': 'Simmons/Hamilton Productions', 'origin_country': 'US'}, {'id': 11068, 'name': 'Nostromo Pictures', 'origin_country': 'ES'}, {'id': 76098, 'name': 'Aristos Films', 'origin_country': ''}, {'id': 293380, 'name': 'DW Film Holdings', 'origin_country': 'AU'}, {'id': 229487, 'name': 'Rabbits Black', 'origin_country': 'US'}, {'id': 2623, 'name': 'Blue Rider Pictures', 'origin_country': 'US'}]",,/ZWHxL2ETItcZzeVsVfs6gv3SZ7.jpg,/szKv713FcUXx6hcfdY369vtkmzr.jpg,1127384.json,727,103,False,False
1130948,Rosebush Pruning,Rosebush Pruning,"When an American heir living in a luxurious Spanish villa decides to move in with his girlfriend, his departure triggers a family collapse as his brother uncovers the truth behind their mother's tragic death.",People are roses. Families are rosebushes. Rosebushes need pruning.,"Title: Rosebush Pruning

Tagline: People are roses. Families are rosebushes. Rosebushes need pruning.

Overview: When an American heir living in a luxurious Spanish villa decides to move in with his girlfriend, his departure triggers a family collapse as his brother uncovers the truth behind their mother's tragic death.

Genres: Comedy, Drama, Thriller

Production Companies: Kavac Film, The Match Factory, MUBI, Sur Film, Crybaby, The Apartment Pictures, In Bloom, Cinema Inflámavel, Gold Rush Pictures, Rosebushpruning, SCoT(T), Metafilms

Production Countries: Germany, Italy, United Kingdom, Spain, Canada, Brazil, France

Spoken Languages: English",tt27844906,2026-04-23,2026.0,en,['GB'],95.0,Released,"['Comedy', 'Drama', 'Thriller']",['English'],"['Germany', 'Italy', 'United Kingdom', 'Spain', 'Canada', 'Brazil', 'France']",,85294.0,86.1784,6.1,56,,,"[{'id': 117672, 'name': 'Kavac Film', 'origin_country': 'IT'}, {'id': 7306, 'name': 'The Match Factory', 'origin_country': 'DE'}, {'id': 204957, 'name': 'MUBI', 'origin_country': 'GB'}, {'id': 223013, 'name': 'Sur Film', 'origin_country': 'ES'}, {'id': 214895, 'name': 'Crybaby', 'origin_country': 'GB'}, {'id': 128344, 'name': 'The Apartment Pictures', 'origin_country': 'IT'}, {'id': 251066, 'name': 'In Bloom', 'origin_country': 'IT'}, {'id': 187321, 'name': 'Cinema Inflámavel', 'origin_country': 'BR'}, {'id': 221028, 'name': 'Gold Rush Pictures', 'origin_country': 'GB'}, {'id': 289340, 'name': 'Rosebushpruning', 'origin_country': 'ES'}, {'id': 309458, 'name': 'SCoT(T)', 'origin_country': 'FR'}, {'id': 13839, 'name': 'Metafilms', 'origin_country': 'CA'}]",,/rsHEVjzxU8cxz1sm3vboj99daNv.jpg,/vcZ3UUVmFNk90DBSrTBlTKCdbbE.jpg,1130948.json,654,89,False,False
1137844,Mayday,Mayday,"When a U.S. Navy pilot on a top-secret mission during the Cold War gets trapped behind enemy lines, his only chance at survival is to form an alliance with an eccentric ex-KGB agent.",A friendship with major red flags.,"Title: Mayday

Tagline: A friendship with major red flags.

Overview: When a U.S. Navy pilot on a top-secret mission during the Cold War gets trapped behind enemy lines, his only chance at survival is to form an alliance with an eccentric ex-KGB agent.

Genres: Action, Comedy

Production Companies: Skydance Media, Maximum Effort, GoldDay

Production Countries: United States of America

Spoken Languages: English, Russian",tt28014327,2026-09-03,2026.0,en,['US'],111.0,Released,"['Action', 'Comedy']","['English', 'Russian']",['United States of America'],,,76.4895,8.051,787,,,"[{'id': 82819, 'name': 'Skydance Media', 'origin_country': 'US'}, {'id': 104228, 'name': 'Maximum Effort', 'origin_country': 'US'}, {'id': 129200, 'name': 'GoldDay', 'origin_country': 'US'}]",https://tv.apple.com/movie/umc.cmc.shin43vzfoz3h4ggx41z8rf,/hVXjX1jLZ1ljFSNGXpjJfbTUOa7.jpg,/g7Ccid5kuD7A8hXWlsQiNfwOxaD.jpg,1137844.json,423,63,False,False
1141868,Tante Siska,Tante Siska,,,"Title: Tante Siska

Genres: Drama, Romance

Production Companies: Kelas Bintang

Production Countries: Indonesia

Spoken Languages: Burmese",,2023-06-02,2023.0,hi,['HN'],,Released,"['Drama', 'Romance']",['Burmese'],['Indonesia'],,,7.0169,3.0,1,,,"[{'id': 198702, 'name': 'Kelas Bintang', 'origin_country': ''}]",,/ui5arpwdiTrnAJ3P5Ue6XPSBMQx.jpg,,1141868.json,139,16,False,False
11423,Memories of Murder,살인의 추억,"A sadistic serial rapist and murderer of young women terrorizes a small province in 1980s South Korea. To prevent further crimes, three increasingly desperate detectives with conflicting methods race against time to unravel the violent mind of the killer in a futile effort to solve the case.",The worst of them will stay with you... forever.,"Title: Memories of Murder

Original Title: 살인의 추억

Tagline: The worst of them will stay with you... forever.

Overview: A sadistic serial rapist and murderer of young women terrorizes a small province in 1980s South Korea. To prevent further crimes, three increasingly desperate detectives with conflicting methods race against time to unravel the violent mind of the killer in a futile effort to solve the case.

Genres: Crime, Drama, Thriller

Production Companies: CJ Entertainment, Muhan Investment, Sidus

Production Countries: South Korea

Spoken Languages: Korean, English",tt0353969,2003-04-25,2003.0,ko,['KR'],131.0,Released,"['Crime', 'Drama', 'Thriller']","['Korean', 'English']",['South Korea'],2800000.0,26000000.0,15.6248,8.063,4840,,,"[{'id': 7036, 'name': 'CJ Entertainment', 'origin_country': 'KR'}, {'id': 11557, 'name': 'Muhan Investment', 'origin_country': ''}, {'id': 3657, 'name': 'Sidus', 'origin_country': 'KR'}]",http://www.memoriesofmurder.com/,/jcgUjx1QcupGzjntTVlnQ15lHqy.jpg,/6Kn6qW3an3DkPl3MahWemTzrjCt.jpg,11423.json,579,85,False,False
1147400,"Miraculous World: Paris, Tales of Shadybug and Claw Noir","Miraculous World : Paris, Les Aventures de Toxinelle et Griffe Noire",Ladybug and Cat Noir discover the existence of a parallel universe in which they're supervillains determined to seize the Butterfly Miraculous.,It only takes one decision to become a hero.,"Title: Miraculous World: Paris, Tales of Shadybug and Claw Noir

Original Title: Miraculous World : Paris, Les Aventures de Toxinelle et Griffe Noire

Tagline: It only takes one decision to become a hero.

Overview: Ladybug and Cat Noir discover the existence of a parallel universe in which they're supervillains determined to seize the Butterfly Miraculous.

Genres: Animation, Family, Action, Adventure, Fantasy

Collection: Miraculous World

Production Companies: ZAG Entertainment, Method Animation

Production Countries: France

Spoken Languages: French",tt29259099,2024-02-11,2024.0,fr,['FR'],48.0,Released,"['Animation', 'Family', 'Action', 'Adventure', 'Fantasy']",['French'],['France'],,,9.0987,7.3,548,822306.0,Miraculous World,"[{'id': 79650, 'name': 'ZAG Entertainment', 'origin_country': 'FR'}, {'id': 35136, 'name': 'Method Animation', 'origin_country': 'FR'}]",,/7Md3nuV0ZprBTnkdR3OrUCEsrSP.jpg,/hU1Q9YVzdYhokr8a9gLywnSUMlN.jpg,1147400.json,559,76,False,False
1147416,"Miraculous World: London, at the Edge of Time","Miraculous World : Londres, la course contre le temps","To save the future from a terrible fate, Marinette becomes Chronobug and teams up with Bunnyx to defeat a mysterious opponent who travels through time.",,"Title: Miraculous World: London, at the Edge of Time

Original Title: Miraculous World : Londres, la course contre le temps

Overview: To save the future from a terrible fate, Marinette becomes Chronobug and teams up with Bunnyx to defeat a mysterious opponent who travels through time.

Genres: Animation, Family, Action, Adventure, Fantasy

Collection: Miraculous World

Production Companies: ZAG Entertainment, Method Animation

Production Countries: France

Spoken Languages: French",tt13701202,2024-11-14,2024.0,fr,['FR'],50.0,Released,"['Animation', 'Family', 'Action', 'Adventure', 'Fantasy']",['French'],['France'],,,30.2657,7.544,330,822306.0,Miraculous World,"[{'id': 79650, 'name': 'ZAG Entertainment', 'origin_country': 'FR'}, {'id': 35136, 'name': 'Method Animation', 'origin_country': 'FR'}]",,/6AtoMpHvs9pxd30KsyK8QmJ9W9M.jpg,/cBTwQKMd7Vn6rGTGBtoFLIfj7uM.jpg,1147416.json,486,67,False,False
11544,Lilo & Stitch,Lilo & Stitch,"As Stitch, a runaway genetic experiment from a faraway planet, wreaks havoc on the Hawaiian Islands, he becomes the mischievous adopted alien ""puppy"" of an independent little girl named Lilo and learns about loyalty, friendship, and ʻohana, the Hawaiian tradition of family.",There's one in every family.,"Title: Lilo & Stitch

Tagline: There's one in every family.

Overview: As Stitch, a runaway genetic experiment from a faraway planet, wreaks havoc on the Hawaiian Islands, he becomes the mischievous adopted alien ""puppy"" of an independent little girl named Lilo and learns about loyalty, friendship, and ʻohana, the Hawaiian tradition of family.

Genres: Animation, Family, Comedy, Science Fiction

Collection: Lilo & Stitch (Animated) Collection

Production Companies: Walt Disney Pictures

Production Countries: United States of America

Spoken Languages: English",tt0275847,2002-06-21,2002.0,en,['US'],85.0,Released,"['Animation', 'Family', 'Comedy', 'Science Fiction']",['English'],['United States of America'],80000000.0,273144151.0,29.2443,7.56,7258,97461.0,Lilo & Stitch (Animated) Collection,"[{'id': 2, 'name': 'Walt Disney Pictures', 'origin_country': 'US'}]",https://movies.disney.com/lilo-stitch,/cFuLvQJPoZpuruAtN3rVnMmLIH8.jpg,/AcxbOWUbwtIEDisfuhNGHQNfnMK.jpg,11544.json,565,79,False,True
1156869,Blaze of Love,性迷宮,Hong Kong movie,,"Title: Blaze of Love

Original Title: 性迷宮

Overview: Hong Kong movie",,1994-01-01,1994.0,en,['HK'],,Released,[],[],[],,,70.6877,0.0,0,,,[],,/cSOW4av17KfO9K2CRqKCjMbeoMw.jpg,,1156869.json,68,11,False,False
1159311,My Hero Academia: You're Next,僕のヒーローアカデミア THE MOVIE ユアネクスト,"In a society devastated by the effects of an all-out war between heroes and villains, a mysterious giant fortress suddenly appears, engulfing towns and people one after another. Then, a man reminiscent of All Might, the 'symbol of peace', stands in front of Izuku and his friends...","A sudden emergence of a new threat... Next, it's our turn!","Title: My Hero Academia: You're Next

Original Title: 僕のヒーローアカデミア THE MOVIE ユアネクスト

Tagline: A sudden emergence of a new threat... Next, it's our turn!

Overview: In a society devastated by the effects of an all-out war between heroes and villains, a mysterious giant fortress suddenly appears, engulfing towns and people one after another. Then, a man reminiscent of All Might, the 'symbol of peace', stands in front of Izuku and his friends...

Genres: Animation, Action, Adventure, Science Fiction

Collection: My Hero Academia Collection

Production Companies: BONES, TOHO, Yomiuri Telecasting Corporation, Shueisha, Nippon Television Network Corporation, dentsu, Sony Music Entertainment (Japan), movic

Production Countries: Japan

Spoken Languages: Japanese",tt32176689,2024-08-02,2024.0,ja,['JP'],110.0,Released,"['Animation', 'Action', 'Adventure', 'Science Fiction']",['Japanese'],['Japan'],,32224616.0,13.3733,7.3,248,1189668.0,My Hero Academia Collection,"[{'id': 2849, 'name': 'BONES', 'origin_country': 'JP'}, {'id': 882, 'name': 'TOHO', 'origin_country': 'JP'}, {'id': 11727, 'name': 'Yomiuri Telecasting Corporation', 'origin_country': 'JP'}, {'id': 2918, 'name': 'Shueisha', 'origin_country': 'JP'}, {'id': 6755, 'name': 'Nippon Television Network Corporation', 'origin_country': 'JP'}, {'id': 1778, 'name': 'dentsu', 'origin_country': 'JP'}, {'id': 648, 'name': 'Sony Music Entertainment (Japan)', 'origin_country': 'JP'}, {'id': 3466, 'name': 'movic', 'origin_country': 'JP'}]",https://www.mhayourenext.com/,/tTrI6PwqzxkgO3dvQ7BEKXM7SYR.jpg,/tUbwMOYP4cuGL1sQ0edz5943rBY.jpg,1159311.json,764,107,False,False
1159559,Scream 7,Scream 7,"When a new Ghostface killer emerges in the quiet town where Sidney Prescott has built a new life, her darkest fears are realized as her daughter becomes the next target. Determined to protect her family, Sidney must face the horrors of her past to put an end to the bloodshed once and for all.",Burn it all down.,"Title: Scream 7

Tagline: Burn it all down.

Overview: When a new Ghostface killer emerges in the quiet town where Sidney Prescott has built a new life, her darkest fears are realized as her daughter becomes the next target. Determined to protect her family, Sidney must face the horrors of her past to put an end to the bloodshed once and for all.

Genres: Horror, Mystery, Crime

Collection: Scream Collection

Production Companies: Paramount Pictures, Spyglass Media Group, Project X Entertainment

Production Countries: United States of America

Spoken Languages: English",tt27047903,2026-02-25,2026.0,en,['US'],114.0,Released,"['Horror', 'Mystery', 'Crime']",['English'],['United States of America'],45000000.0,213835967.0,32.4295,6.2,1309,2602.0,Scream Collection,"[{'id': 4, 'name': 'Paramount Pictures', 'origin_country': 'US'}, {'id': 143790, 'name': 'Spyglass Media Group', 'origin_country': 'US'}, {'id': 130448, 'name': 'Project X Entertainment', 'origin_country': 'US'}]",http://www.screammovie.com,/jjyuk0edLiW8vOSnlfwWCCLpbh5.jpg,/3eUyLEF5M0ky3h6KJsWiWzaakB8.jpg,1159559.json,575,89,False,False
1163258,12th Fail,12वीं फेल,"Based on the true story of IPS officer Manoj Kumar Sharma, 12th Fail sheds limelight on fearlessly embracing the idea of restarting the academic journey despite the setbacks and challenges and reclaiming one's destiny at a place where millions of students attempt the world's toughest competitive exam: UPSC.",#RESTART,"Title: 12th Fail

Original Title: 12वीं फेल

Tagline: #RESTART

Overview: Based on the true story of IPS officer Manoj Kumar Sharma, 12th Fail sheds limelight on fearlessly embracing the idea of restarting the academic journey despite the setbacks and challenges and reclaiming one's destiny at a place where millions of students attempt the world's toughest competitive exam: UPSC.

Genres: Drama

Production Companies: Vidhu Vinod Chopra Productions, Zee Studios

Production Countries: India

Spoken Languages: English, Hindi",tt23849204,2023-08-11,2023.0,hi,['IN'],146.0,Released,['Drama'],"['English', 'Hindi']",['India'],2400000.0,37231.0,5.1333,7.9,273,,,"[{'id': 3781, 'name': 'Vidhu Vinod Chopra Productions', 'origin_country': 'IN'}, {'id': 86347, 'name': 'Zee Studios', 'origin_country': 'IN'}]",https://www.vinodchoprafilms.com/movies/12th-fail/,/eebUPRI4Z5e1Z7Hev4JZAwMIFkX.jpg,/6RV2o8PBCEyw9ylOWViV1CtULIF.jpg,1163258.json,527,75,False,False
11645,Ran,乱,Shakespeare's King Lear is reimagined as a singular historical epic set in sixteenth-century Japan where an aging warlord divides his kingdom between his three sons.,"In a mad world, only the mad are sane.","Title: Ran

Original Title: 乱

Tagline: In a mad world, only the mad are sane.

Overview: Shakespeare's King Lear is reimagined as a singular historical epic set in sixteenth-century Japan where an aging warlord divides his kingdom between his three sons.

Genres: Action, Drama, History

Production Companies: Nippon Herald Films, Greenwich Film Production, Herald Ace

Production Countries: Japan, France

Spoken Languages: Japanese",tt0089881,1985-06-01,1985.0,ja,['JP'],160.0,Released,"['Action', 'Drama', 'History']",['Japanese'],"['Japan', 'France']",12000000.0,23334156.0,11.9323,8.0,1922,,,"[{'id': 1598, 'name': 'Nippon Herald Films', 'origin_country': 'JP'}, {'id': 1657, 'name': 'Greenwich Film Production', 'origin_country': 'FR'}, {'id': 8886, 'name': 'Herald Ace', 'origin_country': 'JP'}]",https://www.rialtopictures.com/catalogue/ran,/dGgiXMWDcS5aJTBEFu7bmaQPNox.jpg,/3ssNAWypRl47iriwBFNx7RUEUub.jpg,11645.json,434,62,False,False
1169516,Welcome To The Jungle,Welcome To The Jungle,"A group of quirky characters gets stuck in a dangerous jungle during a chaotic mission. Filled with confusion, criminals, and hilarious situations, they must work together to survive and find their way out.",Fake film. Real jungle. Real danger. Real idiots!,"Title: Welcome To The Jungle

Tagline: Fake film. Real jungle. Real danger. Real idiots!

Overview: A group of quirky characters gets stuck in a dangerous jungle during a chaotic mission. Filled with confusion, criminals, and hilarious situations, they must work together to survive and find their way out.

Genres: Action, Comedy, Adventure

Collection: Welcome Collection

Production Companies: Base Industries Group, Cape of Good Films, Nadiadwala Grandson Entertainment, Seeta Films

Production Countries: India

Spoken Languages: Hindi",tt28540171,2026-06-25,2026.0,hi,['IN'],170.0,Released,"['Action', 'Comedy', 'Adventure']",['Hindi'],['India'],,,5.1017,5.1,39,401655.0,Welcome Collection,"[{'id': 64331, 'name': 'Base Industries Group', 'origin_country': 'IN'}, {'id': 35063, 'name': 'Cape of Good Films', 'origin_country': 'IN'}, {'id': 60536, 'name': 'Nadiadwala Grandson Entertainment', 'origin_country': 'IN'}, {'id': 255348, 'name': 'Seeta Films', 'origin_country': 'IN'}]",,/1JlfUuvvX5xLP2LIDah4JhWUtTx.jpg,/96chPcURxg5thGyLqxO6otyxHFR.jpg,1169516.json,540,75,False,False
1180894,Under Your Feet,Bajo tus pies,"Isabel moves with her two children into a very prestigious building that has a very peculiar admission method but at a very affordable rental fee. Once approved and settled, three elderly neighbors from the lower floor will turn their lives upside down.",,"Title: Under Your Feet

Original Title: Bajo tus pies

Overview: Isabel moves with her two children into a very prestigious building that has a very peculiar admission method but at a very affordable rental fee. Once approved and settled, three elderly neighbors from the lower floor will turn their lives upside down.

Genres: Horror

Production Companies: Basque Films

Production Countries: Argentina, Spain

Spoken Languages: Spanish",tt6215522,2026-02-19,2026.0,es,"['ES', 'AR']",93.0,Released,['Horror'],['Spanish'],"['Argentina', 'Spain']",,,25.1466,5.183,30,,,"[{'id': 52270, 'name': 'Basque Films', 'origin_country': 'ES'}]",,/sk5DjLp7x9cmi0V1423YJmIVJbC.jpg,/wRRvCEb871lZPcssGwEnJt0l3KN.jpg,1180894.json,437,65,False,False
118451,Eungyo,은교,"A reclusive elderly poet feels the fire of his youth when gamine schoolgirl Eun-gyo enters his life, to the chagrin of the old man's assistant.",Desire Never Gets Old.,"Title: Eungyo

Original Title: 은교

Tagline: Desire Never Gets Old.

Overview: A reclusive elderly poet feels the fire of his youth when gamine schoolgirl Eun-gyo enters his life, to the chagrin of the old man's assistant.

Genres: Drama, Romance

Production Companies: Lotte Entertainment, Jung Ji-woo Film, Let's Films

Production Countries: South Korea

Spoken Languages: Korean",tt2390253,2012-04-25,2012.0,ko,['KR'],129.0,Released,"['Drama', 'Romance']",['Korean'],['South Korea'],,9048531.0,15.9022,6.7,104,,,"[{'id': 7819, 'name': 'Lotte Entertainment', 'origin_country': 'KR'}, {'id': 112659, 'name': 'Jung Ji-woo Film', 'origin_country': 'KR'}, {'id': 218087, 'name': ""Let's Films"", 'origin_country': 'KR'}]",http://eungyo.co.kr/,/rbxlxwD0YEK31Fm0QUqDlUo6HZx.jpg,/f50TAIeR79Yoh1zYb5Tn58zmIxs.jpg,118451.json,380,55,False,False
1184918,The Wild Robot,The Wild Robot,"After a shipwreck, an intelligent robot called Roz is stranded on an uninhabited island. To survive the harsh environment, Roz bonds with the island's animals and cares for an orphaned baby goose.",Discover your true nature.,"Title: The Wild Robot

Tagline: Discover your true nature.

Overview: After a shipwreck, an intelligent robot called Roz is stranded on an uninhabited island. To survive the harsh environment, Roz bonds with the island's animals and cares for an orphaned baby goose.

Genres: Family, Animation, Science Fiction, Adventure

Collection: The Wild Robot Collection

Production Companies: DreamWorks Animation

Production Countries: United States of America

Spoken Languages: English",tt29623480,2024-09-12,2024.0,en,['US'],102.0,Released,"['Family', 'Animation', 'Science Fiction', 'Adventure']",['English'],['United States of America'],78000000.0,331982078.0,57.5813,8.3,6649,1370345.0,The Wild Robot Collection,"[{'id': 521, 'name': 'DreamWorks Animation', 'origin_country': 'US'}]",https://www.thewildrobotmovie.com,/wTnV3PCVW5O92JMrFvvrRcV39RU.jpg,/1pmXyN3sKeYoUhu5VBZiDU4BX21.jpg,1184918.json,479,66,False,False
1185806,PAW Patrol: The Dino Movie,PAW Patrol: The Dino Movie,"The Paw Patrol lands on a mysterious dinosaur island after a storm, where they meet Rex, a stranded pup. When Humdinger's reckless mining triggers a volcano, the team faces their biggest rescue mission yet to save the island.",An adventure of prehistoric pawportions.,"Title: PAW Patrol: The Dino Movie

Tagline: An adventure of prehistoric pawportions.

Overview: The Paw Patrol lands on a mysterious dinosaur island after a storm, where they meet Rex, a stranded pup. When Humdinger's reckless mining triggers a volcano, the team faces their biggest rescue mission yet to save the island.

Genres: Animation, Adventure, Family, Fantasy, Comedy

Collection: PAW Patrol (Theatrical) Collection

Production Companies: Spin Master, Nickelodeon Movies, Paramount Animation

Production Countries: Canada, United States of America

Spoken Languages: English",tt29356163,2026-07-23,2026.0,en,['CA'],88.0,Released,"['Animation', 'Adventure', 'Family', 'Fantasy', 'Comedy']",['English'],"['Canada', 'United States of America']",40000000.0,138326933.0,86.3084,8.1,145,893731.0,PAW Patrol (Theatrical) Collection,"[{'id': 71738, 'name': 'Spin Master', 'origin_country': 'CA'}, {'id': 2348, 'name': 'Nickelodeon Movies', 'origin_country': 'US'}, {'id': 24955, 'name': 'Paramount Animation', 'origin_country': 'US'}]",https://www.paramountpictures.com/movies/paw-patrol-3-the-dino-movie,/qnin56Syy5rbG7KCaxWY7SPuy6p.jpg,/6TSxLmwT7j1ugtKi8NyMmdzWAGj.jpg,1185806.json,583,80,False,False
1190511,Sitaare Zameen Par,सितारे ज़मीन पर,A disgraced basketball coach is given the chance to coach a team of players who are intellectually disabled as part of community services. Gulshan has apprehensions at first and feels out of place but soon realizes they just might have what it takes to make it to the national championships.,Sabka Apna Apna Normal.,"Title: Sitaare Zameen Par

Original Title: सितारे ज़मीन पर

Tagline: Sabka Apna Apna Normal.

Overview: A disgraced basketball coach is given the chance to coach a team of players who are intellectually disabled as part of community services. Gulshan has apprehensions at first and feels out of place but soon realizes they just might have what it takes to make it to the national championships.

Genres: Comedy, Drama

Collection: Taare Zameen Par Collection

Production Companies: Aamir Khan Productions

Production Countries: India

Spoken Languages: Hindi",tt27235410,2025-06-20,2025.0,hi,['IN'],155.0,Released,"['Comedy', 'Drama']",['Hindi'],['India'],,3532430.0,5.0468,6.9,56,1500956.0,Taare Zameen Par Collection,"[{'id': 2140, 'name': 'Aamir Khan Productions', 'origin_country': 'IN'}]",,/adYjCJGSNiL7CIaDW3g0Bcg7r2Z.jpg,/pdbML7ol4HvsI1xWX0s9LZpUGfL.jpg,1190511.json,559,84,False,False
1193824,Rabbit Trap,Rabbit Trap,"When a musician and her husband move to a remote house in Wales, the music they make disturbs local ancient folk magic, bringing a nameless child to their door intent on infiltrating their lives.",Let them in.,"Title: Rabbit Trap

Tagline: Let them in.

Overview: When a musician and her husband move to a remote house in Wales, the music they make disturbs local ancient folk magic, bringing a nameless child to their door intent on infiltrating their lives.

Genres: Thriller, Fantasy, Horror, Mystery, Drama

Production Companies: SpectreVision, Mad as Birds, Align, Bankside Films, Wiser Films, Carte Blanche

Production Countries: United States of America, United Kingdom

Spoken Languages: English",tt29567402,2025-09-12,2025.0,en,"['GB', 'US']",88.0,Released,"['Thriller', 'Fantasy', 'Horror', 'Mystery', 'Drama']",['English'],"['United States of America', 'United Kingdom']",,32817.0,67.5977,5.8,44,,,"[{'id': 34519, 'name': 'SpectreVision', 'origin_country': 'US'}, {'id': 52855, 'name': 'Mad as Birds', 'origin_country': 'GB'}, {'id': 144803, 'name': 'Align', 'origin_country': 'US'}, {'id': 61922, 'name': 'Bankside Films', 'origin_country': 'GB'}, {'id': 249480, 'name': 'Wiser Films', 'origin_country': 'US'}, {'id': 171436, 'name': 'Carte Blanche', 'origin_country': 'US'}]",http://rabbittrapfilm.com,/sKnwnnmBpjo9BEskHtja6ToXUV1.jpg,/xkKDKUHQKgjgGuyzFihKoWQIvK0.jpg,1193824.json,492,72,False,False
1196668,Blue Sky Jo,La petite et le vieux,"With the help of a gruff old neighbor, a little girl from Limoilou, blessed with a fertile imagination, sets out to make her father happier.",,"Title: Blue Sky Jo

Original Title: La petite et le vieux

Overview: With the help of a gruff old neighbor, a little girl from Limoilou, blessed with a fertile imagination, sets out to make her father happier.

Genres: Drama, Comedy

Production Companies: Parallaxes

Production Countries: Canada

Spoken Languages: French",tt33327831,2024-10-04,2024.0,fr,['CA'],105.0,Released,"['Drama', 'Comedy']",['French'],['Canada'],,,14.0378,5.4,5,,,"[{'id': 94471, 'name': 'Parallaxes', 'origin_country': 'CA'}]",,/2tTGfliKBDnJk5G1fiUzZWcnwOZ.jpg,/dtYxZlj6W4CAnAeJajCJnGsXX9O.jpg,1196668.json,322,49,False,False
1198994,Send Help,Send Help,"Two colleagues become stranded on a deserted island, the only survivors of a plane crash. On the island, they must overcome past grievances and work together to survive, but ultimately, it's a battle of wills and wits to make it out alive.",Meet Linda Liddle... She's from strategy and planning. She's the boss now.,"Title: Send Help

Tagline: Meet Linda Liddle... She's from strategy and planning. She's the boss now.

Overview: Two colleagues become stranded on a deserted island, the only survivors of a plane crash. On the island, they must overcome past grievances and work together to survive, but ultimately, it's a battle of wills and wits to make it out alive.

Genres: Horror, Thriller, Comedy

Production Companies: Raimi Productions, 20th Century Studios, TSG Entertainment

Production Countries: United States of America

Spoken Languages: English, Russian",tt8036976,2026-01-22,2026.0,en,['US'],113.0,Released,"['Horror', 'Thriller', 'Comedy']","['English', 'Russian']",['United States of America'],40000000.0,94041481.0,29.7986,7.02,2334,,,"[{'id': 122323, 'name': 'Raimi Productions', 'origin_country': 'US'}, {'id': 127928, 'name': '20th Century Studios', 'origin_country': 'US'}, {'id': 22213, 'name': 'TSG Entertainment', 'origin_country': 'US'}]",https://www.20thcenturystudios.com/movies/send-help,/zbJWVHOtj3ljBzWgL1P8pxP03Up.jpg,/hO2jx1H3XafR7Y8QbFgVH1sHTY9.jpg,1198994.json,552,82,False,False
12,Finding Nemo,Finding Nemo,"Nemo, an adventurous young clownfish, is unexpectedly taken from his Great Barrier Reef home to a dentist's office aquarium. It's up to his worrisome father Marlin and a friendly but forgetful fish Dory to bring Nemo home -- meeting vegetarian sharks, surfer dude turtles, hypnotic jellyfish, hungry seagulls, and more along the way.",There are 3.7 trillion fish in the ocean. They're looking for one.,"Title: Finding Nemo

Tagline: There are 3.7 trillion fish in the ocean. They're looking for one.

Overview: Nemo, an adventurous young clownfish, is unexpectedly taken from his Great Barrier Reef home to a dentist's office aquarium. It's up to his worrisome father Marlin and a friendly but forgetful fish Dory to bring Nemo home -- meeting vegetarian sharks, surfer dude turtles, hypnotic jellyfish, hungry seagulls, and more along the way.

Genres: Animation, Family, Adventure

Collection: Finding Nemo Collection

Production Companies: Pixar

Production Countries: United States of America

Spoken Languages: English",tt0266543,2003-05-30,2003.0,en,['US'],100.0,Released,"['Animation', 'Family', 'Adventure']",['English'],['United States of America'],94000000.0,940335536.0,37.7004,7.821,21023,137697.0,Finding Nemo Collection,"[{'id': 3, 'name': 'Pixar', 'origin_country': 'US'}]",http://movies.disney.com/finding-nemo,/eHuGQ10FUzK1mdOY69wF5pGgEf5.jpg,/eCynaAOgYYiw5yN5lBwz3IxqvaW.jpg,12.json,620,90,False,False
120,The Lord of the Rings: The Fellowship of the Ring,The Lord of the Rings: The Fellowship of the Ring,"Young hobbit Frodo Baggins, after inheriting a mysterious ring from his uncle Bilbo, must leave his home in order to keep it from falling into the hands of its evil creator. Along the way, a fellowship is formed to protect the ringbearer and make sure that the ring arrives at its final destination: Mt. Doom, the only place where it can be destroyed.",One ring to rule them all.,"Title: The Lord of the Rings: The Fellowship of the Ring

Tagline: One ring to rule them all.

Overview: Young hobbit Frodo Baggins, after inheriting a mysterious ring from his uncle Bilbo, must leave his home in order to keep it from falling into the hands of its evil creator. Along the way, a fellowship is formed to protect the ringbearer and make sure that the ring arrives at its final destination: Mt. Doom, the only place where it can be destroyed.

Genres: Adventure, Fantasy, Action

Collection: The Lord of the Rings Collection

Production Companies: New Line Cinema, WingNut Films, The Saul Zaentz Company

Production Countries: New Zealand, United States of America

Spoken Languages: English",tt0120737,2001-12-18,2001.0,en,['US'],179.0,Released,"['Adventure', 'Fantasy', 'Action']",['English'],"['New Zealand', 'United States of America']",93000000.0,871368364.0,51.8805,8.446,28437,119.0,The Lord of the Rings Collection,"[{'id': 12, 'name': 'New Line Cinema', 'origin_country': 'US'}, {'id': 11, 'name': 'WingNut Films', 'origin_country': 'NZ'}, {'id': 5237, 'name': 'The Saul Zaentz Company', 'origin_country': 'US'}]",http://www.lordoftherings.net/,/6oom5QYQ2yQTMJIbnvbkBL9cHo6.jpg,/oiwc338EoBgS4sEI2ixAny4KQKg.jpg,120.json,705,115,False,False
1204680,Coyote vs. Acme,Coyote vs. Acme,"After Acme products fail him one too many times in his dogged pursuit of the Roadrunner, Wile E. Coyote decides to hire a billboard lawyer to sue the Acme Corporation.",The movie ACME doesn't want you to see.,"Title: Coyote vs. Acme

Tagline: The movie ACME doesn't want you to see.

Overview: After Acme products fail him one too many times in his dogged pursuit of the Roadrunner, Wile E. Coyote decides to hire a billboard lawyer to sue the Acme Corporation.

Genres: Comedy, Adventure, Family

Production Companies: Troll Court Entertainment, Keylight Pictures, Warner Animation Group, Warner Bros. Pictures

Production Countries: United States of America

Spoken Languages: English",tt1756855,2026-08-17,2026.0,en,['US'],103.0,Released,"['Comedy', 'Adventure', 'Family']",['English'],['United States of America'],72000000.0,88043208.0,355.8496,7.6,549,,,"[{'id': 94218, 'name': 'Troll Court Entertainment', 'origin_country': 'US'}, {'id': 296158, 'name': 'Keylight Pictures', 'origin_country': 'US'}, {'id': 25120, 'name': 'Warner Animation Group', 'origin_country': 'US'}, {'id': 174, 'name': 'Warner Bros. Pictures', 'origin_country': 'US'}]",https://coyotevsacme.com,/kYDCl2y0VPvhT5eYWbMRInPoB03.jpg,/viZqGq9TNvQ5uXSD4ahg2RpRONT.jpg,1204680.json,476,70,False,False
1209723,Yeh Prem Mol Liya,ये प्रेम मोल लिया,"A heartfelt romantic family drama about two best friends whose close bond slowly turns into love. But one lie creates misunderstandings and conflicts, putting their relationship and family bonds to the test. The story explores love, sacrifice, understanding and the importance of family.",,"Title: Yeh Prem Mol Liya

Original Title: ये प्रेम मोल लिया

Overview: A heartfelt romantic family drama about two best friends whose close bond slowly turns into love. But one lie creates misunderstandings and conflicts, putting their relationship and family bonds to the test. The story explores love, sacrifice, understanding and the importance of family.

Genres: Romance, Family, Drama

Production Companies: Mahaveer Jain Films, Rajshri Productions

Production Countries: India

Spoken Languages: Hindi",tt27124947,2026-11-27,2026.0,hi,['IN'],,Post Production,"['Romance', 'Family', 'Drama']",['Hindi'],['India'],,,5.4509,0.0,0,,,"[{'id': 177268, 'name': 'Mahaveer Jain Films', 'origin_country': 'IN'}, {'id': 66728, 'name': 'Rajshri Productions', 'origin_country': 'IN'}]",,/kUxkvh6GMZL4AHNgNDty68yTnwQ.jpg,/ixHRFxlPRqCvCJ5gk0aScUAEfrx.jpg,1209723.json,508,72,False,False
121,The Lord of the Rings: The Two Towers,The Lord of the Rings: The Two Towers,"Frodo Baggins and the other members of the Fellowship continue on their sacred quest to destroy the One Ring--but on separate paths. Their destinies lie at two towers--Orthanc Tower in Isengard, where the corrupt wizard Saruman awaits, and Sauron's fortress at Barad-dur, deep within the dark lands of Mordor.",The journey continues.,"Title: The Lord of the Rings: The Two Towers

Tagline: The journey continues.

Overview: Frodo Baggins and the other members of the Fellowship continue on their sacred quest to destroy the One Ring--but on separate paths. Their destinies lie at two towers--Orthanc Tower in Isengard, where the corrupt wizard Saruman awaits, and Sauron's fortress at Barad-dur, deep within the dark lands of Mordor.

Genres: Adventure, Fantasy, Action

Collection: The Lord of the Rings Collection

Production Companies: New Line Cinema, WingNut Films, The Saul Zaentz Company

Production Countries: New Zealand, United States of America

Spoken Languages: English",tt0167261,2002-12-18,2002.0,en,['US'],179.0,Released,"['Adventure', 'Fantasy', 'Action']",['English'],"['New Zealand', 'United States of America']",79000000.0,926287400.0,40.7966,8.429,24641,119.0,The Lord of the Rings Collection,"[{'id': 12, 'name': 'New Line Cinema', 'origin_country': 'US'}, {'id': 11, 'name': 'WingNut Films', 'origin_country': 'NZ'}, {'id': 5237, 'name': 'The Saul Zaentz Company', 'origin_country': 'US'}]",http://www.lordoftherings.net/,/5VTN0pR8gcqV3EPUHHfMGnJYN9L.jpg,/6G73mNyooWAEQTpckPSnFxFoNmc.jpg,121.json,647,96,False,False
1212763,Evil Dead Burn,Evil Dead Burn,"After her husband's abrupt death, Alice seeks solace with his remaining family — descendants of a leading researcher on demonic possession. As her in-laws transform one by one into creatures that feed on fear, she comes to discover that the vows she took in life survive even in death.",Every family has its demons.,"Title: Evil Dead Burn

Tagline: Every family has its demons.

Overview: After her husband's abrupt death, Alice seeks solace with his remaining family — descendants of a leading researcher on demonic possession. As her in-laws transform one by one into creatures that feed on fear, she comes to discover that the vows she took in life survive even in death.

Genres: Horror

Production Companies: New Line Cinema, Screen Gems, Ghost House Pictures

Production Countries: United States of America

Spoken Languages: English, French",tt31170389,2026-07-07,2026.0,en,['US'],110.0,Released,['Horror'],"['English', 'French']",['United States of America'],20000000.0,71491178.0,57.227,7.7,1603,,,"[{'id': 12, 'name': 'New Line Cinema', 'origin_country': 'US'}, {'id': 3287, 'name': 'Screen Gems', 'origin_country': 'US'}, {'id': 768, 'name': 'Ghost House Pictures', 'origin_country': 'US'}]",https://www.warnerbros.com/movies/evil-dead-burn,/uRxrNXQWkHoENm3nwVOZDYSCx2F.jpg,/o0jkkpcN81QqSl8DMLScBCXyUH9.jpg,1212763.json,530,82,False,True
1213898,Border 2,बॉर्डर २,"Three idealistic soldiers in the Indian army, navy and air force face grueling combat conditions in this film set during the 1971 Indo-Pak war.",,"Title: Border 2

Original Title: बॉर्डर २

Overview: Three idealistic soldiers in the Indian army, navy and air force face grueling combat conditions in this film set during the 1971 Indo-Pak war.

Genres: Action, Drama, War

Collection: Border Collection

Production Companies: T-Series, J.P. Films

Production Countries: India

Spoken Languages: Hindi, Punjabi",tt30387012,2026-01-23,2026.0,hi,['IN'],201.0,Released,"['Action', 'Drama', 'War']","['Hindi', 'Punjabi']",['India'],33000000.0,21000000.0,5.2629,7.6,36,1370659.0,Border Collection,"[{'id': 3522, 'name': 'T-Series', 'origin_country': 'IN'}, {'id': 107387, 'name': 'J.P. Films', 'origin_country': 'IN'}]",,/AmrCgmDPEJ6QxllS1rhjYwgO9Wb.jpg,/nusKn1Kkjz4NsAKXBswjJVOwMXQ.jpg,1213898.json,362,51,False,False
1218925,Chainsaw Man - The Movie: Reze Arc,劇場版 チェンソーマン レゼ篇,"In a brutal war between devils, hunters, and secret enemies, a mysterious girl named Reze has stepped into Denji's world, and he faces his deadliest battle yet, fueled by love in a world where survival knows no rules.","Lost Love, Flower, Chainsaw.","Title: Chainsaw Man - The Movie: Reze Arc

Original Title: 劇場版 チェンソーマン レゼ篇

Tagline: Lost Love, Flower, Chainsaw.

Overview: In a brutal war between devils, hunters, and secret enemies, a mysterious girl named Reze has stepped into Denji's world, and he faces his deadliest battle yet, fueled by love in a world where survival knows no rules.

Genres: Animation, Action, Romance, Fantasy

Collection: Chainsaw Man Collection

Production Companies: MAPPA

Production Countries: Japan

Spoken Languages: Japanese",tt30472557,2025-09-19,2025.0,ja,['JP'],100.0,Released,"['Animation', 'Action', 'Romance', 'Fantasy']",['Japanese'],['Japan'],4100000.0,191400000.0,30.5953,8.554,1210,1544712.0,Chainsaw Man Collection,"[{'id': 21444, 'name': 'MAPPA', 'origin_country': 'JP'}]",https://chainsawman.movie,/pHyxb2RV5wLlboAwm9ZJ9qTVEDw.jpg,/gqTz24ZRsCP6AKjARmEivY7m0cK.jpg,1218925.json,510,75,False,False
122,The Lord of the Rings: The Return of the King,The Lord of the Rings: The Return of the King,"As armies mass for a final battle that will decide the fate of the world--and powerful, ancient forces of Light and Dark compete to determine the outcome--one member of the Fellowship of the Ring is revealed as the noble heir to the throne of the Kings of Men. Yet, the sole hope for triumph over evil lies with a brave hobbit, Frodo, who, accompanied by his loyal friend Sam and the hideous, wretched Gollum, ventures deep into the very dark heart of Mordor on his seemingly impossible quest to destroy the Ring of Power.​",There can be no triumph without loss. No victory without suffering. No freedom without sacrifice.,"Title: The Lord of the Rings: The Return of the King

Tagline: There can be no triumph without loss. No victory without suffering. No freedom without sacrifice.

Overview: As armies mass for a final battle that will decide the fate of the world--and powerful, ancient forces of Light and Dark compete to determine the outcome--one member of the Fellowship of the Ring is revealed as the noble heir to the throne of the Kings of Men. Yet, the sole hope for triumph over evil lies with a brave hobbit, Frodo, who, accompanied by his loyal friend Sam and the hideous, wretched Gollum, ventures deep into the very dark heart of Mordor on his seemingly impossible quest to destroy the Ring of Power.​

Genres: Adventure, Fantasy, Action

Collection: The Lord of the Rings Collection

Production Companies: New Line Cinema, WingNut Films, The Saul Zaentz Company

Production Countries: New Zealand, United States of America

Spoken Languages: English",tt0167260,2003-12-17,2003.0,en,['US'],201.0,Released,"['Adventure', 'Fantasy', 'Action']",['English'],"['New Zealand', 'United States of America']",94000000.0,1118888979.0,54.1246,8.506,27437,119.0,The Lord of the Rings Collection,"[{'id': 12, 'name': 'New Line Cinema', 'origin_country': 'US'}, {'id': 11, 'name': 'WingNut Films', 'origin_country': 'NZ'}, {'id': 5237, 'name': 'The Saul Zaentz Company', 'origin_country': 'US'}]",http://www.lordoftherings.net,/rCzpDGLbOoPwLjy3OAm5NUPOTrC.jpg,/ctiw6FZK4N36LmkjSklWEbuvlq9.jpg,122.json,944,155,False,True
122126,The Concubine,후궁: 제왕의 첩,"Living a torturous life of poverty and barely able to survive, Hwa-yeon decides to offer herself as one of the king’s concubines. Once inside the royal palace, two men are immediately seized by the woman - the Grand Prince Seong-won, a megalomaniacal ruler drunk with power and lust, and Kwon-yoo, who has everything to lose if his desire for Hwa-yeon is exposed.",The one the king couldn't have.,"Title: The Concubine

Original Title: 후궁: 제왕의 첩

Tagline: The one the king couldn't have.

Overview: Living a torturous life of poverty and barely able to survive, Hwa-yeon decides to offer herself as one of the king’s concubines. Once inside the royal palace, two men are immediately seized by the woman - the Grand Prince Seong-won, a megalomaniacal ruler drunk with power and lust, and Kwon-yoo, who has everything to lose if his desire for Hwa-yeon is exposed.

Genres: Drama

Production Companies: Lotte Entertainment, HwangKiSung Films, My Way Film Company

Production Countries: South Korea

Spoken Languages: Korean",tt2544120,2012-06-06,2012.0,ko,['KR'],122.0,Released,['Drama'],['Korean'],['South Korea'],,16465764.0,8.9074,5.8,115,,,"[{'id': 7819, 'name': 'Lotte Entertainment', 'origin_country': 'KR'}, {'id': 126109, 'name': 'HwangKiSung Films', 'origin_country': 'KR'}, {'id': 13958, 'name': 'My Way Film Company', 'origin_country': 'HK'}]",,/cLT2eYXoDSXWkqJQcDqVinxIkf0.jpg,/zgx6bBaVLAsFO5ip7gwndOjhE7U.jpg,122126.json,623,97,False,True
1224993,Dark Nuns,검은 수녀들,"Desperation drives two nuns to perform an exorcism no nun should attempt. With a possessed child at the mercy of evil and the opposition of the Catholic Church, they take on the dangerous forbidden rituals themselves, putting their immortal souls in grave danger. They must confront the terrifying cost of their sacrilegious actions, but one goal remains: the boy must be saved at all costs.",We're ready to face the forbidden dark.,"Title: Dark Nuns

Original Title: 검은 수녀들

Tagline: We're ready to face the forbidden dark.

Overview: Desperation drives two nuns to perform an exorcism no nun should attempt. With a possessed child at the mercy of evil and the opposition of the Catholic Church, they take on the dangerous forbidden rituals themselves, putting their immortal souls in grave danger. They must confront the terrifying cost of their sacrilegious actions, but one goal remains: the boy must be saved at all costs.

Genres: Horror, Mystery, Thriller, Drama

Collection: The Priests Collection

Production Companies: Zip Cinema

Production Countries: South Korea

Spoken Languages: Korean, Italian, Latin",tt32491690,2025-01-24,2025.0,ko,['KR'],115.0,Released,"['Horror', 'Mystery', 'Thriller', 'Drama']","['Korean', 'Italian', 'Latin']",['South Korea'],,12140335.0,120.4454,6.2,97,1390673.0,The Priests Collection,"[{'id': 85150, 'name': 'Zip Cinema', 'origin_country': 'KR'}]",,/2Abt2GgscAGtGAXTrhH44qPhugI.jpg,/bQdYYutvomoxfLQK8gTV8Z3qsmv.jpg,1224993.json,682,103,False,False
1225915,Jewel Thief - The Heist Begins,ज्वेल थीफ़ - The Heist Begins,"In this high-octane battle of wits and wills, ingenious con artist Rehan devises a diamond heist while trying to outsmart Rajan, his sadistic adversary.",,"Title: Jewel Thief - The Heist Begins

Original Title: ज्वेल थीफ़ - The Heist Begins

Overview: In this high-octane battle of wits and wills, ingenious con artist Rehan devises a diamond heist while trying to outsmart Rajan, his sadistic adversary.

Genres: Action, Thriller

Production Companies: Marflix Pictures

Production Countries: India

Spoken Languages: Hindi",tt27843798,2025-04-24,2025.0,hi,['IN'],118.0,Released,"['Action', 'Thriller']",['Hindi'],['India'],,,5.2015,6.6,96,,,"[{'id': 147147, 'name': 'Marflix Pictures', 'origin_country': 'IN'}]",https://www.netflix.com/title/81688854,/eujLbO0kf1eqWC8XpHUJdtAVW2J.jpg,/kFXtAwJYbRTqiyQpE9kDc8qEP3X.jpg,1225915.json,367,53,False,False
1226572,Superboys of Malegaon,सुपरबॉय्ज़ ऑफ मालेगाँव,"The residents of Malegaon look to Bollywood cinema for a much-needed escape from daily drudgery. Amateur filmmaker Nasir Shaikh gets inspired to make a film for the people of Malegaon, by the people of Malegaon. He bands together his ragtag group of friends to bring his vision to life, thereby bringing a fresh lease of life into the town.",There are no rules in filmmaking.,"Title: Superboys of Malegaon

Original Title: सुपरबॉय्ज़ ऑफ मालेगाँव

Tagline: There are no rules in filmmaking.

Overview: The residents of Malegaon look to Bollywood cinema for a much-needed escape from daily drudgery. Amateur filmmaker Nasir Shaikh gets inspired to make a film for the people of Malegaon, by the people of Malegaon. He bands together his ragtag group of friends to bring his vision to life, thereby bringing a fresh lease of life into the town.

Genres: Comedy, Drama

Production Companies: Excel Entertainment, Tiger Baby

Production Countries: India

Spoken Languages: Hindi",tt28007064,2025-02-27,2025.0,hi,['IN'],128.0,Released,"['Comedy', 'Drama']",['Hindi'],['India'],,,4.0039,7.6,54,,,"[{'id': 2934, 'name': 'Excel Entertainment', 'origin_country': 'IN'}, {'id': 114917, 'name': 'Tiger Baby', 'origin_country': 'IN'}]",,/kLMLaZa0Mu4BqPhA2eYbduFjcD0.jpg,/kQ35sVT8EBlsX9yilHi1zP4jd3l.jpg,1226572.json,595,91,False,False
1226863,The Super Mario Galaxy Movie,The Super Mario Galaxy Movie,"Having thwarted Bowser's previous plot to marry Princess Peach, Mario and Luigi now face a fresh threat in Bowser Jr., who is determined to liberate his father from captivity and restore the family legacy. Alongside companions new and old, the brothers travel across the stars to stop the young heir's crusade.",The galaxy awaits.,"Title: The Super Mario Galaxy Movie

Tagline: The galaxy awaits.

Overview: Having thwarted Bowser's previous plot to marry Princess Peach, Mario and Luigi now face a fresh threat in Bowser Jr., who is determined to liberate his father from captivity and restore the family legacy. Alongside companions new and old, the brothers travel across the stars to stop the young heir's crusade.

Genres: Family, Comedy, Adventure, Fantasy, Animation

Collection: The Super Mario Collection

Production Companies: Illumination, Universal Pictures, Nintendo

Production Countries: Japan, United States of America

Spoken Languages: English",tt28650488,2026-04-01,2026.0,en,['US'],98.0,Released,"['Family', 'Comedy', 'Adventure', 'Fantasy', 'Animation']",['English'],"['Japan', 'United States of America']",110000000.0,1012203331.0,57.6597,8.221,3735,1434561.0,The Super Mario Collection,"[{'id': 6704, 'name': 'Illumination', 'origin_country': 'US'}, {'id': 33, 'name': 'Universal Pictures', 'origin_country': 'US'}, {'id': 12288, 'name': 'Nintendo', 'origin_country': 'JP'}]",https://www.thesupermariogalaxymovie.com,/eJGWx219ZcEMVQJhAgMiqo8tYY.jpg,/kxQiIJ4gVcD3K6o14MJ72p5yRcE.jpg,1226863.json,629,89,False,False
1228710,The Mandalorian and Grogu,The Mandalorian and Grogu,"The evil Empire has fallen, and Imperial warlords remain scattered throughout the galaxy. As the fledgling New Republic works to protect everything the Rebellion fought for, they have enlisted the help of legendary Mandalorian bounty hunter Din Djarin and his young apprentice Grogu.","If you're searching for new adventure, ""this is the way.""","Title: The Mandalorian and Grogu

Tagline: If you're searching for new adventure, ""this is the way.""

Overview: The evil Empire has fallen, and Imperial warlords remain scattered throughout the galaxy. As the fledgling New Republic works to protect everything the Rebellion fought for, they have enlisted the help of legendary Mandalorian bounty hunter Din Djarin and his young apprentice Grogu.

Genres: Action, Adventure, Science Fiction

Production Companies: Lucasfilm Ltd., Fairview Entertainment

Production Countries: United States of America

Spoken Languages: English, Aymara",tt30825738,2026-05-20,2026.0,en,['US'],132.0,Released,"['Action', 'Adventure', 'Science Fiction']","['English', 'Aymara']",['United States of America'],165000000.0,345166617.0,74.9884,7.464,1740,,,"[{'id': 1, 'name': 'Lucasfilm Ltd.', 'origin_country': 'US'}, {'id': 7297, 'name': 'Fairview Entertainment', 'origin_country': 'US'}]",https://www.starwars.com/films/star-wars-the-mandalorian-and-grogu,/uwMKWjcNID0D9jjplsjkQS2OrB4.jpg,/ysLlsAxwgNSxBWHCgTKJrmjxpRQ.jpg,1228710.json,584,81,False,False
1228834,The Fix,The Fix,"Disillusioned by the end of the war in Afghanistan, a group of disgraced, war-torn ex-CIA operatives set out to Tehran to take down a life-changing score.",Settle the score.,"Title: The Fix

Tagline: Settle the score.

Overview: Disillusioned by the end of the war in Afghanistan, a group of disgraced, war-torn ex-CIA operatives set out to Tehran to take down a life-changing score.

Genres: Action, Thriller

Production Companies: Astral Future, Dreamtime Entertainment, Oakhurst Entertainment, BondIt Media Capital, Latigo Films, Blue Rider Pictures, Rabbits Black, Thomasville Pictures, Eyevox Entertainment

Production Countries: United States of America

Spoken Languages: Arabic, English",tt9601292,2026-09-10,2026.0,en,['US'],142.0,Released,"['Action', 'Thriller']","['Arabic', 'English']",['United States of America'],32000000.0,,261.1354,7.015,34,,,"[{'id': 217982, 'name': 'Astral Future', 'origin_country': 'US'}, {'id': 208153, 'name': 'Dreamtime Entertainment', 'origin_country': ''}, {'id': 124504, 'name': 'Oakhurst Entertainment', 'origin_country': 'US'}, {'id': 121204, 'name': 'BondIt Media Capital', 'origin_country': 'US'}, {'id': 198605, 'name': 'Latigo Films', 'origin_country': ''}, {'id': 2623, 'name': 'Blue Rider Pictures', 'origin_country': 'US'}, {'id': 229487, 'name': 'Rabbits Black', 'origin_country': 'US'}, {'id': 179981, 'name': 'Thomasville Pictures', 'origin_country': 'US'}, {'id': 185588, 'name': 'Eyevox Entertainment', 'origin_country': ''}]",,/9iSkee8DPpwBQI3GhXSTGZJKNYM.jpg,/dJTWIecL2vxsCRl5G0lRhPsfrhc.jpg,1228834.json,519,69,False,False
1229343,Bikini Bar: Delicious Service,비키니바: 맛있는서비스,"Minzhu ran a bar, but the business was so bad that she lost all her store deposit, and the landlord kept pressing for rent. Seeing this, Meizhen decided to develop an innovative spirit and began to provide special services in a bikini. Soon, the bar's Business is booming….",,"Title: Bikini Bar: Delicious Service

Original Title: 비키니바: 맛있는서비스

Overview: Minzhu ran a bar, but the business was so bad that she lost all her store deposit, and the landlord kept pressing for rent. Seeing this, Meizhen decided to develop an innovative spirit and began to provide special services in a bikini. Soon, the bar's Business is booming….

Genres: Romance, Drama

Production Countries: South Korea

Spoken Languages: Korean",,2020-11-26,2020.0,ko,['KR'],60.0,Released,"['Romance', 'Drama']",['Korean'],['South Korea'],,,9.4178,10.0,1,,,[],,/pfbPZlw9AX75rPXkOQmpxJ8OV2u.jpg,/A0nSgcO1wz9QZ0zanqWX3w7TB98.jpg,1229343.json,436,68,False,True
1231767,Exchange Wife 2,교환아내 2,"Kyeong-soo, an art dealer who specializes in painting, goes to evaluate the requested painting and accidentally damages it. Chang-in, the owner of the painting, suggests one thing from Kyung-soo, who was at a loss.",,"Title: Exchange Wife 2

Original Title: 교환아내 2

Overview: Kyeong-soo, an art dealer who specializes in painting, goes to evaluate the requested painting and accidentally damages it. Chang-in, the owner of the painting, suggests one thing from Kyung-soo, who was at a loss.

Genres: Romance, Drama

Production Countries: South Korea

Spoken Languages: Korean",,2023-02-03,2023.0,ko,['KR'],89.0,Released,"['Romance', 'Drama']",['Korean'],['South Korea'],,,20.2483,6.0,1,,,[],,/9ZzZUuMNoCRdPpNrSKYZSvRzc5w.jpg,/fyWrA2sI5n6Pif5d42b3V80g7lp.jpg,1231767.json,357,53,False,False
1232221,Mother-in-law in Love With Son-in-law 4,사위 사랑은 장모 4,"Joon-yeon and So-hyeon are living together with Joon-yeon's young and pretty mother-in-law for a while after his father-in-law remarries. One day, Joon-yeon is left home alone with his mother-in-law due to So-hyeon and her father-in-law's sudden business trip. The mother-in-law seduces her handsome son-in-law on a hot night. Unable to forget the sex he had with his mother-in-law, Joon-yeon even plans to have a threesome with his wife and his mother-in-law.",,"Title: Mother-in-law in Love With Son-in-law 4

Original Title: 사위 사랑은 장모 4

Overview: Joon-yeon and So-hyeon are living together with Joon-yeon's young and pretty mother-in-law for a while after his father-in-law remarries. One day, Joon-yeon is left home alone with his mother-in-law due to So-hyeon and her father-in-law's sudden business trip. The mother-in-law seduces her handsome son-in-law on a hot night. Unable to forget the sex he had with his mother-in-law, Joon-yeon even plans to have a threesome with his wife and his mother-in-law.

Genres: Romance

Production Countries: South Korea

Spoken Languages: Korean",,2023-12-26,2023.0,ko,['KR'],71.0,Released,['Romance'],['Korean'],['South Korea'],,,14.1076,4.0,1,,,[],,/o3yMT5okmLA3x9rTe5tCrqke1oI.jpg,/6pqJ5v7Q49aUZYtjnKqoJs2PTaf.jpg,1232221.json,625,94,False,False
1232569,Pinocchio: Unstrung,Pinocchio: Unstrung,"Influenced by a sinister Cricket and created by Geppetto, Pinocchio launches a violent crusade to carve himself into a real boy like his brother James, one piece at a time.",He has no strings to hold him back now.,"Title: Pinocchio: Unstrung

Tagline: He has no strings to hold him back now.

Overview: Influenced by a sinister Cricket and created by Geppetto, Pinocchio launches a violent crusade to carve himself into a real boy like his brother James, one piece at a time.

Genres: Horror, Fantasy, Mystery

Production Companies: Jagged Edge Productions

Production Countries: United Kingdom

Spoken Languages: English",tt30887701,2026-07-22,2026.0,en,['GB'],82.0,Released,"['Horror', 'Fantasy', 'Mystery']",['English'],['United Kingdom'],500000.0,821127.0,153.1087,6.583,113,,,"[{'id': 155744, 'name': 'Jagged Edge Productions', 'origin_country': 'GB'}]",https://www.altitude.film/pinocchio-unstrung,/eUJXk3bTvLBi5Zcb0BCedZU7lVL.jpg,/dNKFETDDujxm2PUN873Jwiw5VML.jpg,1232569.json,406,60,False,False
1233413,Sinners,Sinners,"Trying to leave their troubled lives behind, twin brothers return to their hometown to start again, only to discover that an even greater evil is waiting to welcome them back.",Dance with the devil.,"Title: Sinners

Tagline: Dance with the devil.

Overview: Trying to leave their troubled lives behind, twin brothers return to their hometown to start again, only to discover that an even greater evil is waiting to welcome them back.

Genres: Horror, Action, Thriller

Production Companies: Warner Bros. Pictures, Proximity Media, Domain Entertainment

Production Countries: United States of America

Spoken Languages: Mandarin, English, Yoruba",tt31193180,2025-04-16,2025.0,en,['US'],138.0,Released,"['Horror', 'Action', 'Thriller']","['Mandarin', 'English', 'Yoruba']",['United States of America'],100000000.0,371368759.0,36.6073,7.511,5230,,,"[{'id': 174, 'name': 'Warner Bros. Pictures', 'origin_country': 'US'}, {'id': 148495, 'name': 'Proximity Media', 'origin_country': 'US'}, {'id': 216687, 'name': 'Domain Entertainment', 'origin_country': 'US'}]",https://www.sinnersmovie.com,/fWPgbnt2LSqkQ6cdQc0SZN9CpLm.jpg,/nAxGnGHOsfzufThz20zgmRwKur3.jpg,1233413.json,444,62,False,False
1234821,Jurassic World Rebirth,Jurassic World Rebirth,"Five years after the events of Jurassic World Dominion, covert operations expert Zora Bennett is contracted to lead a skilled team on a top-secret mission to secure genetic material from the world's three most massive dinosaurs. When Zora's operation intersects with a civilian family whose boating expedition was capsized, they all find themselves stranded on an island where they come face-to-face with a sinister, shocking discovery that's been hidden from the world for decades.",A new era is born.,"Title: Jurassic World Rebirth

Tagline: A new era is born.

Overview: Five years after the events of Jurassic World Dominion, covert operations expert Zora Bennett is contracted to lead a skilled team on a top-secret mission to secure genetic material from the world's three most massive dinosaurs. When Zora's operation intersects with a civilian family whose boating expedition was capsized, they all find themselves stranded on an island where they come face-to-face with a sinister, shocking discovery that's been hidden from the world for decades.

Genres: Science Fiction, Adventure, Action

Collection: Jurassic Park Collection

Production Companies: Universal Pictures, Amblin Entertainment

Production Countries: United States of America

Spoken Languages: English, French",tt31036941,2025-06-23,2025.0,en,['US'],134.0,Released,"['Science Fiction', 'Adventure', 'Action']","['English', 'French']",['United States of America'],180000000.0,869146189.0,50.7386,6.257,3791,328.0,Jurassic Park Collection,"[{'id': 33, 'name': 'Universal Pictures', 'origin_country': 'US'}, {'id': 56, 'name': 'Amblin Entertainment', 'origin_country': 'US'}]",https://www.jurassicworld.com,/1RICxzeoNCAO5NpcRMIgg1XT6fm.jpg,/zNriRTr0kWwyaXPzdg1EIxf0BWk.jpg,1234821.json,781,110,False,False
1239134,Bhooth Bangla,भूत बंगला,"A man inherits a palace in rural Mangalpur and plans his sister's wedding there, but strange supernatural events and panicked locals force him to investigate the property's mysterious past.",,"Title: Bhooth Bangla

Original Title: भूत बंगला

Overview: A man inherits a palace in rural Mangalpur and plans his sister's wedding there, but strange supernatural events and panicked locals force him to investigate the property's mysterious past.

Genres: Horror, Comedy

Production Companies: Balaji Motion Pictures, Cape of Good Films

Production Countries: India

Spoken Languages: Hindi",tt29540862,2026-04-16,2026.0,hi,['IN'],163.0,Released,"['Horror', 'Comedy']",['Hindi'],['India'],14000000.0,20000000.0,6.6443,5.6,65,,,"[{'id': 3750, 'name': 'Balaji Motion Pictures', 'origin_country': 'IN'}, {'id': 35063, 'name': 'Cape of Good Films', 'origin_country': 'IN'}]",,/ArIS4vwUxdhm3j7tsTHmffdfU8W.jpg,/A2tzVTVtnTvpji96IZmleN78KKv.jpg,1239134.json,392,55,False,False
1240889,Teenage Sex and Death at Camp Miasma,Teenage Sex and Death at Camp Miasma,"After years of slapdash sequels, the Camp Miasma franchise is handed over to an enthusiastic young director for resurrection. But when she visits the original’s star, a now-reclusive actress shrouded in mystery, the two women fall into a blood-soaked world of desire, fear, and delirium.",Blood. Lust.,"Title: Teenage Sex and Death at Camp Miasma

Tagline: Blood. Lust.

Overview: After years of slapdash sequels, the Camp Miasma franchise is handed over to an enthusiastic young director for resurrection. But when she visits the original’s star, a now-reclusive actress shrouded in mystery, the two women fall into a blood-soaked world of desire, fear, and delirium.

Genres: Comedy, Horror, Romance

Production Companies: MUBI, Plan B Entertainment

Production Countries: United Kingdom, United States of America

Spoken Languages: English",tt35298123,2026-08-06,2026.0,en,['US'],112.0,Released,"['Comedy', 'Horror', 'Romance']",['English'],"['United Kingdom', 'United States of America']",8000000.0,8525000.0,130.823,6.33,203,,,"[{'id': 204957, 'name': 'MUBI', 'origin_country': 'GB'}, {'id': 81, 'name': 'Plan B Entertainment', 'origin_country': 'US'}]",https://mubi.com/en/campmiasma,/6Q6Zo6GNXMLP600OJSh6MhW21um.jpg,/d1n2ySWSanU34eEsluRjfrjRq52.jpg,1240889.json,539,78,False,True
1241634,Saiyaara,सैयारा,"Two artistic souls find harmony through music despite their contrasting worlds. As feelings deepen, age and circumstances challenge their undeniable bond.",,"Title: Saiyaara

Original Title: सैयारा

Overview: Two artistic souls find harmony through music despite their contrasting worlds. As feelings deepen, age and circumstances challenge their undeniable bond.

Genres: Romance, Drama, Music

Production Companies: Yash Raj Films

Production Countries: India

Spoken Languages: Hindi",tt28037987,2025-07-18,2025.0,hi,['IN'],150.0,Released,"['Romance', 'Drama', 'Music']",['Hindi'],['India'],5500000.0,63539300.0,5.3682,6.4,152,,,"[{'id': 1569, 'name': 'Yash Raj Films', 'origin_country': 'IN'}]",,/hQBIsi3ZfBYEayMc3GhcEmJVkss.jpg,/mguy0nefEUY7NKruffpLO3Stj3d.jpg,1241634.json,328,42,False,False
1241982,Moana 2,Moana 2,"After receiving an unexpected call from her wayfinding ancestors, Moana journeys alongside Maui and a new crew to the far seas of Oceania and into dangerous, long-lost waters for an adventure unlike anything she's ever faced.",The ocean is calling them back.,"Title: Moana 2

Tagline: The ocean is calling them back.

Overview: After receiving an unexpected call from her wayfinding ancestors, Moana journeys alongside Maui and a new crew to the far seas of Oceania and into dangerous, long-lost waters for an adventure unlike anything she's ever faced.

Genres: Adventure, Animation, Comedy, Family, Fantasy

Collection: Moana Collection

Production Companies: Walt Disney Animation Studios, Walt Disney Animation Studios

Production Countries: Canada, United States of America

Spoken Languages: English",tt13622970,2024-11-21,2024.0,en,['US'],100.0,Released,"['Adventure', 'Animation', 'Comedy', 'Family', 'Fantasy']",['English'],"['Canada', 'United States of America']",150000000.0,1059242164.0,39.0456,6.995,3302,1241984.0,Moana Collection,"[{'id': 6125, 'name': 'Walt Disney Animation Studios', 'origin_country': 'US'}, {'id': 158526, 'name': 'Walt Disney Animation Studios', 'origin_country': 'CA'}]",https://movies.disney.com/moana-2,/aLVkiINlIeCkcZIzb7XHzPYgO6L.jpg,/vYqt6kb4lcF8wwqsMMaULkP9OEn.jpg,1241982.json,545,76,False,False
1242898,Predator: Badlands,Predator: Badlands,"Cast out from his clan, a young Predator finds an unlikely ally in a damaged android and embarks on a treacherous journey in search of the ultimate adversary.",First hunt. Last chance.,"Title: Predator: Badlands

Tagline: First hunt. Last chance.

Overview: Cast out from his clan, a young Predator finds an unlikely ally in a damaged android and embarks on a treacherous journey in search of the ultimate adversary.

Genres: Action, Science Fiction, Adventure

Collection: Predator Collection

Production Companies: 20th Century Studios, Lawrence Gordon Productions, Davis Entertainment, Toberoff Productions, TSG Entertainment

Production Countries: United States of America

Spoken Languages: English, French",tt31227572,2025-11-05,2025.0,en,['US'],107.0,Released,"['Action', 'Science Fiction', 'Adventure']","['English', 'French']",['United States of America'],105000000.0,184500000.0,38.9323,7.839,3710,399.0,Predator Collection,"[{'id': 127928, 'name': '20th Century Studios', 'origin_country': 'US'}, {'id': 840, 'name': 'Lawrence Gordon Productions', 'origin_country': 'US'}, {'id': 1302, 'name': 'Davis Entertainment', 'origin_country': 'US'}, {'id': 185309, 'name': 'Toberoff Productions', 'origin_country': 'US'}, {'id': 22213, 'name': 'TSG Entertainment', 'origin_country': 'US'}]",https://www.20thcenturystudios.com/movies/predator-badlands,/pHpq9yNUIo6aDoCXEBzjSolywgz.jpg,/82lM4GJ9uuNvNDOEpxFy77uv4Ak.jpg,1242898.json,525,69,False,False
12429,Ponyo,崖の上のポニョ,"When Sosuke, a young boy who lives on a clifftop overlooking the sea, rescues a stranded goldfish named Ponyo, he discovers more than he bargained for. Ponyo is a curious, energetic young creature who yearns to be human, but even as she causes chaos around the house, her father, a powerful sorcerer, schemes to return Ponyo to the sea.",Welcome to a world where anything is possible.,"Title: Ponyo

Original Title: 崖の上のポニョ

Tagline: Welcome to a world where anything is possible.

Overview: When Sosuke, a young boy who lives on a clifftop overlooking the sea, rescues a stranded goldfish named Ponyo, he discovers more than he bargained for. Ponyo is a curious, energetic young creature who yearns to be human, but even as she causes chaos around the house, her father, a powerful sorcerer, schemes to return Ponyo to the sea.

Genres: Animation, Fantasy, Family

Production Companies: Studio Ghibli, TOHO, Nippon Television Network Corporation, dentsu, Hakuhodo DY Media Partners, Mitsubishi, Walt Disney Japan

Production Countries: Japan

Spoken Languages: Japanese",tt0876563,2008-07-19,2008.0,ja,['JP'],100.0,Released,"['Animation', 'Fantasy', 'Family']",['Japanese'],['Japan'],34000000.0,202404009.0,12.1428,7.763,4984,,,"[{'id': 10342, 'name': 'Studio Ghibli', 'origin_country': 'JP'}, {'id': 882, 'name': 'TOHO', 'origin_country': 'JP'}, {'id': 6755, 'name': 'Nippon Television Network Corporation', 'origin_country': 'JP'}, {'id': 1778, 'name': 'dentsu', 'origin_country': 'JP'}, {'id': 11846, 'name': 'Hakuhodo DY Media Partners', 'origin_country': 'JP'}, {'id': 11847, 'name': 'Mitsubishi', 'origin_country': 'JP'}, {'id': 272654, 'name': 'Walt Disney Japan', 'origin_country': 'JP'}]",https://www.ghibli.jp/works/ponyo/,/yp8vEZflGynlEylxEesbYasc06i.jpg,/1QmEcK0w2Ub4Hm094fHbZT8vA7o.jpg,12429.json,684,102,False,False
1244492,Look Back,ルックバック,"Popular, outgoing Fujino is celebrated by her classmates for her funny comics in the class newspaper. One day, her teacher asks her to share the space with Kyomoto, a truant recluse whose beautiful artwork sparks a competitive fervor in Fujino. What starts as jealousy transforms when Fujino realizes their shared passion for drawing.",Manga drew them together. Life made them best friends.,"Title: Look Back

Original Title: ルックバック

Tagline: Manga drew them together. Life made them best friends.

Overview: Popular, outgoing Fujino is celebrated by her classmates for her funny comics in the class newspaper. One day, her teacher asks her to share the space with Kyomoto, a truant recluse whose beautiful artwork sparks a competitive fervor in Fujino. What starts as jealousy transforms when Fujino realizes their shared passion for drawing.

Genres: Animation, Drama

Production Companies: Studio Durian, avex pictures, Shueisha

Production Countries: Japan

Spoken Languages: Japanese",tt31711040,2024-06-28,2024.0,ja,['JP'],58.0,Released,"['Animation', 'Drama']",['Japanese'],['Japan'],,25198872.0,25.8889,8.181,677,,,"[{'id': 136998, 'name': 'Studio Durian', 'origin_country': 'JP'}, {'id': 55938, 'name': 'avex pictures', 'origin_country': 'JP'}, {'id': 2918, 'name': 'Shueisha', 'origin_country': 'JP'}]",https://gkids.com/films/look-back,/4f2EcNkp1Mvp9wE5w7HKxcmACWg.jpg,/2okfik8YwzSfdETpT5cUClSiGFO.jpg,1244492.json,596,86,False,False
1246049,Dracula,Dracula,"In late 15th-century Eastern Europe, Prince Vlad II’s bride is brutally murdered. As a result, he renounces God and damns Heaven itself. Cursed with eternal life, Vlad is reborn as Dracula, an immortal warlord who defies fate in a blood-soaked crusade to wrench his lost love back from death.","He renounced his faith to become immortal. Passion, anger, vengeance, and hatred will be unleashed into the modern world.","Title: Dracula

Tagline: He renounced his faith to become immortal. Passion, anger, vengeance, and hatred will be unleashed into the modern world.

Overview: In late 15th-century Eastern Europe, Prince Vlad II’s bride is brutally murdered. As a result, he renounces God and damns Heaven itself. Cursed with eternal life, Vlad is reborn as Dracula, an immortal warlord who defies fate in a blood-soaked crusade to wrench his lost love back from death.

Genres: Horror, Fantasy, Romance

Production Companies: EuropaCorp, TF1 Films Production, SND, Kinology, Actarus Productions, LBP

Production Countries: France

Spoken Languages: English, German, Romanian",tt31434030,2025-07-30,2025.0,fr,['FR'],130.0,Released,"['Horror', 'Fantasy', 'Romance']","['English', 'German', 'Romanian']",['France'],52000000.0,42415061.0,20.0806,7.253,1501,,,"[{'id': 6896, 'name': 'EuropaCorp', 'origin_country': 'FR'}, {'id': 356, 'name': 'TF1 Films Production', 'origin_country': 'FR'}, {'id': 2902, 'name': 'SND', 'origin_country': 'FR'}, {'id': 18626, 'name': 'Kinology', 'origin_country': 'FR'}, {'id': 255253, 'name': 'Actarus Productions', 'origin_country': 'FR'}, {'id': 170748, 'name': 'LBP', 'origin_country': 'FR'}]",https://signature-entertainment.co.uk/distribution/titles/dracula,/ykyRfv7JDofLxXLAwtLXaSuaFfM.jpg,/be5SIsRGMckO8tU9lrLcIik70Dy.jpg,1246049.json,656,95,False,True
1248832,Digger,Digger,The most powerful man in the world embarks on a frantic mission to prove he is humanity's savior before the disaster he's unleashed destroys everything.,A man. A plan. A meltdown.,"Title: Digger

Tagline: A man. A plan. A meltdown.

Overview: The most powerful man in the world embarks on a frantic mission to prove he is humanity's savior before the disaster he's unleashed destroys everything.

Genres: Comedy

Production Companies: Warner Bros. Pictures, Legendary Pictures, TC Productions, M Productions, Domain Entertainment

Production Countries: United States of America

Spoken Languages: English",tt31450459,2026-09-30,2026.0,en,['US'],129.0,Released,['Comedy'],['English'],['United States of America'],130000000.0,,63.2379,7.8,6,,,"[{'id': 174, 'name': 'Warner Bros. Pictures', 'origin_country': 'US'}, {'id': 923, 'name': 'Legendary Pictures', 'origin_country': 'US'}, {'id': 21777, 'name': 'TC Productions', 'origin_country': 'US'}, {'id': 52660, 'name': 'M Productions', 'origin_country': 'US'}, {'id': 216687, 'name': 'Domain Entertainment', 'origin_country': 'US'}]",https://www.diggermovie.com,/1ATXKrIPJyKNwnJ6lcG088Sa6zi.jpg,/u3EtxdmZeiliW98c5Oegk5LIGZa.jpg,1248832.json,423,59,False,False
1263337,Heart of the Beast,Heart of the Beast,"After a harrowing plane crash, Special Forces officer James Belmont and his combat dog, Odin, find themselves stranded deep in the Alaskan wilderness. Together, they are forced into a brutal fight for survival against the elements.",Survival depends on their bond.,"Title: Heart of the Beast

Tagline: Survival depends on their bond.

Overview: After a harrowing plane crash, Special Forces officer James Belmont and his combat dog, Odin, find themselves stranded deep in the Alaskan wilderness. Together, they are forced into a brutal fight for survival against the elements.

Genres: Adventure, Thriller

Production Companies: Paramount Pictures, Wild Chickens Productions, Temple Hill Entertainment, Domain Entertainment, GulfStream Pictures, Kino World

Production Countries: United States of America

Spoken Languages: English",tt7526136,2026-09-19,2026.0,en,['US'],101.0,Released,"['Adventure', 'Thriller']",['English'],['United States of America'],82000000.0,,188.6639,7.691,110,,,"[{'id': 4, 'name': 'Paramount Pictures', 'origin_country': 'US'}, {'id': 224269, 'name': 'Wild Chickens Productions', 'origin_country': 'US'}, {'id': 12292, 'name': 'Temple Hill Entertainment', 'origin_country': 'US'}, {'id': 216687, 'name': 'Domain Entertainment', 'origin_country': 'US'}, {'id': 20788, 'name': 'GulfStream Pictures', 'origin_country': 'US'}, {'id': 301387, 'name': 'Kino World', 'origin_country': 'US'}]",https://www.heartofthebeastmovie.com/,/1ApfSA8JTqeha3GTFEY8syV4auq.jpg,/bicMU6xVD5deVyKP2azpyx7xkmH.jpg,1263337.json,565,76,False,False
1265,Bridge to Terabithia,Bridge to Terabithia,"Jesse Aarons trained all summer to become the fastest runner in school. So he's very upset when newcomer Leslie Burke outruns him and everyone else. Despite this and other differences including that she's rich, he's poor, she's a city girl, and he's a country boy the two become fast friends. Together they create Terabithia, a land of monsters, trolls, ogres, and giants where they rule as king and queen.","Discover a place that will never leave you, and a friendship that will change you forever.","Title: Bridge to Terabithia

Tagline: Discover a place that will never leave you, and a friendship that will change you forever.

Overview: Jesse Aarons trained all summer to become the fastest runner in school. So he's very upset when newcomer Leslie Burke outruns him and everyone else. Despite this and other differences including that she's rich, he's poor, she's a city girl, and he's a country boy the two become fast friends. Together they create Terabithia, a land of monsters, trolls, ogres, and giants where they rule as king and queen.

Genres: Adventure, Drama, Family

Production Companies: Lauren Levine Productions Inc., Walden Media, Hal Lieberman Company

Production Countries: United States of America

Spoken Languages: English",tt0398808,2007-02-15,2007.0,en,['US'],95.0,Released,"['Adventure', 'Drama', 'Family']",['English'],['United States of America'],60000000.0,137587063.0,38.5583,7.353,5488,,,"[{'id': 60611, 'name': 'Lauren Levine Productions Inc.', 'origin_country': ''}, {'id': 10221, 'name': 'Walden Media', 'origin_country': 'US'}, {'id': 23890, 'name': 'Hal Lieberman Company', 'origin_country': ''}]",http://disney.go.com/disneyvideos/liveaction/bridgetoterabithia/,/ieIoNyJvtwQ6joyG6npTKxnCtGH.jpg,/o4mQHoP8LExn2Q9dn16OGqHvaiK.jpg,1265.json,746,115,False,False
1265609,War Machine,War Machine,"On one last grueling mission during Army Ranger training, a combat engineer must lead his unit in a fight against a giant otherworldly killing machine.",All grit. No quit.,"Title: War Machine

Tagline: All grit. No quit.

Overview: On one last grueling mission during Army Ranger training, a combat engineer must lead his unit in a fight against a giant otherworldly killing machine.

Genres: Action, Science Fiction, Thriller

Collection: War Machine Collection

Production Companies: Lionsgate, Hidden Pictures, Huge Film, Range Media Partners

Production Countries: Australia, United States of America

Spoken Languages: English",tt15940132,2026-02-12,2026.0,en,['AU'],110.0,Released,"['Action', 'Science Fiction', 'Thriller']",['English'],"['Australia', 'United States of America']",73000000.0,,41.8259,7.498,2523,1707178.0,War Machine Collection,"[{'id': 1632, 'name': 'Lionsgate', 'origin_country': 'US'}, {'id': 198785, 'name': 'Hidden Pictures', 'origin_country': 'US'}, {'id': 224643, 'name': 'Huge Film', 'origin_country': 'AU'}, {'id': 167684, 'name': 'Range Media Partners', 'origin_country': 'US'}]",https://www.netflix.com/title/81768525,/ril8yx5SOmj0KjNlftsdfIp00fr.jpg,/6yeVcxFR0j08vlv2OlL6zbewm4D.jpg,1265609.json,458,63,False,False
1266127,Ready or Not: Here I Come,Ready or Not: Here I Come,"Moments after surviving an all-out attack from the Le Domas family, Grace discovers she’s reached the next level of the nightmarish game — and this time with her estranged sister Faith at her side. Grace has one chance to survive, keep her sister alive, and claim the High Seat of the Council that controls the world. Four rival families are hunting her for the throne, and whoever wins rules it all.",Double or nothing.,"Title: Ready or Not: Here I Come

Tagline: Double or nothing.

Overview: Moments after surviving an all-out attack from the Le Domas family, Grace discovers she’s reached the next level of the nightmarish game — and this time with her estranged sister Faith at her side. Grace has one chance to survive, keep her sister alive, and claim the High Seat of the Council that controls the world. Four rival families are hunting her for the throne, and whoever wins rules it all.

Genres: Horror, Comedy

Collection: Ready or Not Collection

Production Companies: Searchlight Pictures, Mythology Entertainment, Radio Silence, Big Indie Pictures, Vinson Films

Production Countries: United States of America

Spoken Languages: Spanish, English, Mandarin",tt33978029,2026-03-19,2026.0,en,['US'],108.0,Released,"['Horror', 'Comedy']","['Spanish', 'English', 'Mandarin']",['United States of America'],14000000.0,42940054.0,27.2456,7.551,1674,1267164.0,Ready or Not Collection,"[{'id': 127929, 'name': 'Searchlight Pictures', 'origin_country': 'US'}, {'id': 34982, 'name': 'Mythology Entertainment', 'origin_country': 'US'}, {'id': 126588, 'name': 'Radio Silence', 'origin_country': 'US'}, {'id': 6831, 'name': 'Big Indie Pictures', 'origin_country': 'US'}, {'id': 19367, 'name': 'Vinson Films', 'origin_country': 'US'}]",https://www.searchlightpictures.com/ready-or-not-2-here-i-come,/13ZcJzSGEqVgDSqsS9U5EkQwPkV.jpg,/fx2cEuadZK28VHKkc0F1nFR96i0.jpg,1266127.json,746,115,False,True
1266800,The Desert Child,L'enfant du désert,"14-year-old Sun has written and successfully published a story based on an incredible story told by her late grandfather about a wild child called Hadara, who is saved by a group of ostriches when he becomes separated from his family in a storm, and is then raised in the desert amid a host of wild animals, including his best friend, a desert fox. When Sun is invited to travel to the Sahara by a local community who has heard about her book, she meets Kharouba, a Nomad girl of her own age, and realizes there may be much more to Hadara than just a character in a bedtime story.","Lost in the Sahara, raised in the wild.","Title: The Desert Child

Original Title: L'enfant du désert

Tagline: Lost in the Sahara, raised in the wild.

Overview: 14-year-old Sun has written and successfully published a story based on an incredible story told by her late grandfather about a wild child called Hadara, who is saved by a group of ostriches when he becomes separated from his family in a storm, and is then raised in the desert amid a host of wild animals, including his best friend, a desert fox. When Sun is invited to travel to the Sahara by a local community who has heard about her book, she meets Kharouba, a Nomad girl of her own age, and realizes there may be much more to Hadara than just a character in a bedtime story.

Genres: Adventure, Family

Production Companies: Mai Juin Productions, StudioCanal, uMedia

Production Countries: France, Belgium

Spoken Languages: French, Italian",tt37495239,2026-04-08,2026.0,fr,['FR'],92.0,Released,"['Adventure', 'Family']","['French', 'Italian']","['France', 'Belgium']",,3108495.0,25.9298,7.6,29,,,"[{'id': 73974, 'name': 'Mai Juin Productions', 'origin_country': 'FR'}, {'id': 694, 'name': 'StudioCanal', 'origin_country': 'FR'}, {'id': 19037, 'name': 'uMedia', 'origin_country': 'BE'}]",,/8qPtHYpeRgRQUDVYk5M8X37Rkbb.jpg,/raTby3MY67GCHiF1S0VSwq01fds.jpg,1266800.json,867,146,False,False
126889,Alien: Covenant,Alien: Covenant,"The crew of the colony ship Covenant, bound for a remote planet on the far side of the galaxy, discovers what they think is an uncharted paradise but is actually a dark, dangerous world.",The path to paradise begins in hell.,"Title: Alien: Covenant

Tagline: The path to paradise begins in hell.

Overview: The crew of the colony ship Covenant, bound for a remote planet on the far side of the galaxy, discovers what they think is an uncharted paradise but is actually a dark, dangerous world.

Genres: Horror, Science Fiction

Collection: Prometheus Collection

Production Companies: 20th Century Fox, Brandywine Productions, Scott Free Productions

Production Countries: United States of America

Spoken Languages: English, German",tt2316204,2017-05-09,2017.0,en,['US'],122.0,Released,"['Horror', 'Science Fiction']","['English', 'German']",['United States of America'],97000000.0,240891763.0,46.6571,6.189,9693,135416.0,Prometheus Collection,"[{'id': 25, 'name': '20th Century Fox', 'origin_country': 'US'}, {'id': 401, 'name': 'Brandywine Productions', 'origin_country': 'US'}, {'id': 221347, 'name': 'Scott Free Productions', 'origin_country': 'US'}]",https://www.20thcenturystudios.com/movies/alien-covenant,/zecMELPbU5YMQpC81Z8ImaaXuf9.jpg,/iXXPaQPfQowpQ5UvhsHLj9BgFhe.jpg,126889.json,506,73,False,False
1269325,Drishyam: The Conclusion,दृश्यम्: द कन्क्लूजन,"Years after outsmarting the police, Vijay Salgaonkar's past resurfaces when a new evidence threatens to expose his secret. As the investigation reopens, he must outwit the system once again to save his family.",,"Title: Drishyam: The Conclusion

Original Title: दृश्यम्: द कन्क्लूजन

Overview: Years after outsmarting the police, Vijay Salgaonkar's past resurfaces when a new evidence threatens to expose his secret. As the investigation reopens, he must outwit the system once again to save his family.

Genres: Thriller, Drama, Mystery

Collection: Drishyam Collection

Production Companies: Viacom18 Studios, Panorama Studios, Pen Studios

Production Countries: India

Spoken Languages: Hindi",tt27050858,2026-10-02,2026.0,hi,['IN'],170.0,Post Production,"['Thriller', 'Drama', 'Mystery']",['Hindi'],['India'],,,6.171,0.0,0,1029834.0,Drishyam Collection,"[{'id': 6808, 'name': 'Viacom18 Studios', 'origin_country': 'IN'}, {'id': 44223, 'name': 'Panorama Studios', 'origin_country': 'IN'}, {'id': 103329, 'name': 'Pen Studios', 'origin_country': 'IN'}]",,/7T62GSduOWDMB0gGDBs9pmtLTSB.jpg,/nq73eRdEooripf3k0XHLtX14zyC.jpg,1269325.json,482,64,False,False
1272837,28 Years Later: The Bone Temple,28 Years Later: The Bone Temple,Dr. Kelson finds himself in a shocking new relationship - with consequences that could change the world as they know it - and Spike's encounter with Jimmy Crystal becomes a nightmare he can't escape.,Fear is the new faith.,"Title: 28 Years Later: The Bone Temple

Tagline: Fear is the new faith.

Overview: Dr. Kelson finds himself in a shocking new relationship - with consequences that could change the world as they know it - and Spike's encounter with Jimmy Crystal becomes a nightmare he can't escape.

Genres: Horror, Thriller, Science Fiction

Collection: 28 Days/Weeks/Years Later Collection

Production Companies: Columbia Pictures, TSG Entertainment, DNA Films

Production Countries: United Kingdom, United States of America

Spoken Languages: English",tt32141377,2026-01-14,2026.0,en,['GB'],109.0,Released,"['Horror', 'Thriller', 'Science Fiction']",['English'],"['United Kingdom', 'United States of America']",63000000.0,58527279.0,25.4009,7.088,1782,1565.0,28 Days/Weeks/Years Later Collection,"[{'id': 5, 'name': 'Columbia Pictures', 'origin_country': 'US'}, {'id': 22213, 'name': 'TSG Entertainment', 'origin_country': 'US'}, {'id': 284, 'name': 'DNA Films', 'origin_country': 'GB'}]",https://28yearslater.movie,/kK1BGkG3KAvWB0WMV1DfOx9yTMZ.jpg,/hHDNOlATHhre4eZ7aYz5cdyJLik.jpg,1272837.json,537,77,False,False
1273221,Scary Movie,Scary Movie,"Twenty-six years after outrunning a suspiciously familiar masked killer, the Core Four are back in the killer's crosshairs and no horror movie IP is safe.",Every line will be crossed.,"Title: Scary Movie

Tagline: Every line will be crossed.

Overview: Twenty-six years after outrunning a suspiciously familiar masked killer, the Core Four are back in the killer's crosshairs and no horror movie IP is safe.

Genres: Comedy

Collection: Scary Movie Collection

Production Companies: Wayans Bros. Entertainment, Miramax

Production Countries: United States of America

Spoken Languages: English, Korean, Portuguese, Spanish",tt32093575,2026-06-03,2026.0,en,['US'],96.0,Released,['Comedy'],"['English', 'Korean', 'Portuguese', 'Spanish']",['United States of America'],30000000.0,231886052.0,56.5414,6.373,1954,4246.0,Scary Movie Collection,"[{'id': 1608, 'name': 'Wayans Bros. Entertainment', 'origin_country': 'US'}, {'id': 14, 'name': 'Miramax', 'origin_country': 'US'}]",https://www.scarymovie.film,/znHT8peERZRWG1ME3r0Db0EV8k8.jpg,/xWBiXclrRmTggQHMRsIn84YHavs.jpg,1273221.json,437,59,False,False
1275779,Disclosure Day,Disclosure Day,"A cybersecurity expert becomes a whistleblower after uncovering secrets about aliens, putting him on the run from a corporation. Meanwhile, a meteorologist experiencing strange phenomena joins forces with him to prove there's life beyond our understanding.",We deserve to know.,"Title: Disclosure Day

Tagline: We deserve to know.

Overview: A cybersecurity expert becomes a whistleblower after uncovering secrets about aliens, putting him on the run from a corporation. Meanwhile, a meteorologist experiencing strange phenomena joins forces with him to prove there's life beyond our understanding.

Genres: Science Fiction, Thriller

Production Companies: Universal Pictures, Amblin Entertainment

Production Countries: United States of America

Spoken Languages: English, Russian, Korean",tt15047880,2026-06-10,2026.0,en,['US'],146.0,Released,"['Science Fiction', 'Thriller']","['English', 'Russian', 'Korean']",['United States of America'],115000000.0,241186430.0,87.9091,7.467,3472,,,"[{'id': 33, 'name': 'Universal Pictures', 'origin_country': 'US'}, {'id': 56, 'name': 'Amblin Entertainment', 'origin_country': 'US'}]",https://www.disclosuredaymovie.com,/AnJ8IQJI23hNpYXVNaythu061Ru.jpg,/flxau5Iu7bChQHsESqvGZ3FQRaI.jpg,1275779.json,510,66,False,False
128,Princess Mononoke,もののけ姫,"Ashitaka, a prince of the disappearing Emishi people, is cursed by a demonized boar god and must journey to the west to find a cure. Along the way, he encounters San, a young human woman fighting to protect the forest, and Lady Eboshi, who is trying to destroy it. Ashitaka must find a way to bring balance to this conflict.",The fate of the world rests on the courage of one warrior.,"Title: Princess Mononoke

Original Title: もののけ姫

Tagline: The fate of the world rests on the courage of one warrior.

Overview: Ashitaka, a prince of the disappearing Emishi people, is cursed by a demonized boar god and must journey to the west to find a cure. Along the way, he encounters San, a young human woman fighting to protect the forest, and Lady Eboshi, who is trying to destroy it. Ashitaka must find a way to bring balance to this conflict.

Genres: Adventure, Fantasy, Animation

Production Companies: Studio Ghibli, dentsu, Tokuma Shoten, Nippon Television Network Corporation

Production Countries: Japan

Spoken Languages: Japanese",tt0119698,1997-07-12,1997.0,ja,['JP'],134.0,Released,"['Adventure', 'Fantasy', 'Animation']",['Japanese'],['Japan'],20000000.0,231379818.0,23.4163,8.322,9322,,,"[{'id': 10342, 'name': 'Studio Ghibli', 'origin_country': 'JP'}, {'id': 1778, 'name': 'dentsu', 'origin_country': 'JP'}, {'id': 1779, 'name': 'Tokuma Shoten', 'origin_country': 'JP'}, {'id': 6755, 'name': 'Nippon Television Network Corporation', 'origin_country': 'JP'}]",https://gkids.com/films/princess-mononoke,/cMYCDADoLKLbB83g4WnJegaZimC.jpg,/gl0jzn4BupSbL2qMVeqrjKkF9Js.jpg,128.json,647,101,False,False
1280738,The Furious,火遮眼,"After a criminal network kidnaps Wang Wei's daughter and the corrupt police refuse to assist him, Wei sets out on his own to locate her. Navin, a tenacious journalist whose wife has mysteriously vanished, is his only ally. In this explosive martial arts showdown, the unlikely duo fights the kidnappers ruthlessly driven by a furious vengeance.","To save their loved ones, they will fight everyone.","Title: The Furious

Original Title: 火遮眼

Tagline: To save their loved ones, they will fight everyone.

Overview: After a criminal network kidnaps Wang Wei's daughter and the corrupt police refuse to assist him, Wei sets out on his own to locate her. Navin, a tenacious journalist whose wife has mysteriously vanished, is his only ally. In this explosive martial arts showdown, the unlikely duo fights the kidnappers ruthlessly driven by a furious vengeance.

Genres: Action, Crime, Thriller

Production Companies: Edko Films, XYZ Films, Zhejiang Hengdian Film Production

Production Countries: Hong Kong, China, United States of America

Spoken Languages: English, Mandarin, Tagalog, Thai, Indonesian",tt33311069,2026-06-10,2026.0,zh,"['CN', 'HK']",113.0,Released,"['Action', 'Crime', 'Thriller']","['English', 'Mandarin', 'Tagalog', 'Thai', 'Indonesian']","['Hong Kong', 'China', 'United States of America']",20000000.0,39745080.0,56.8704,8.19,775,,,"[{'id': 10284, 'name': 'Edko Films', 'origin_country': 'HK'}, {'id': 12142, 'name': 'XYZ Films', 'origin_country': 'US'}, {'id': 131092, 'name': 'Zhejiang Hengdian Film Production', 'origin_country': 'CN'}]",https://www.lionsgate.com/movies/the-furious,/ivQ1Z3lI1xWvAeGDHBw3CCYZDGJ.jpg,/i0eR9O1FnCgBm1cH8WwqxGbAXMS.jpg,1280738.json,700,103,False,False
1284041,The Last House,The Last House,A family suddenly sealed inside their home must work together to survive against dwindling resources and the ominous threat keeping them trapped.,How long can you survive?,"Title: The Last House

Tagline: How long can you survive?

Overview: A family suddenly sealed inside their home must work together to survive against dwindling resources and the ominous threat keeping them trapped.

Genres: Horror, Science Fiction, Thriller

Production Companies: Chernin Entertainment, 3 Arts Entertainment

Production Countries: United States of America

Spoken Languages: English",tt32268156,2026-08-06,2026.0,en,['US'],110.0,Released,"['Horror', 'Science Fiction', 'Thriller']",['English'],['United States of America'],,,28.5519,6.845,1412,,,"[{'id': 7076, 'name': 'Chernin Entertainment', 'origin_country': 'US'}, {'id': 787, 'name': '3 Arts Entertainment', 'origin_country': 'US'}]",https://www.netflix.com/title/81914143,/6JU7E8Vv2M11egkctWVOScxWR75.jpg,/1RhfevWmWCVHtEqxWBEjPOC5KG1.jpg,1284041.json,399,54,False,False
1284465,The Death of Robin Hood,The Death of Robin Hood,"Grappling with his past after a life of crime and murder, Robin Hood finds himself gravely injured after a battle he thought would be his last. In the hands of a mysterious woman, he is offered a chance at salvation.",He was no hero.,"Title: The Death of Robin Hood

Tagline: He was no hero.

Overview: Grappling with his past after a life of crime and murder, Robin Hood finds himself gravely injured after a battle he thought would be his last. In the hands of a mysterious woman, he is offered a chance at salvation.

Genres: Adventure, Drama, Action

Production Companies: Lyrical Media, Ryder Picture Company

Production Countries: United States of America

Spoken Languages: English",tt32273171,2026-06-18,2026.0,en,['US'],123.0,Released,"['Adventure', 'Drama', 'Action']",['English'],['United States of America'],25000000.0,3200000.0,77.6066,6.6,439,,,"[{'id': 180839, 'name': 'Lyrical Media', 'origin_country': 'US'}, {'id': 172841, 'name': 'Ryder Picture Company', 'origin_country': 'US'}]",https://a24films.com/films/the-death-of-robin-hood,/13MmRwmG5NmaMfU8qNrtgGXisiD.jpg,/lh3BDkmWJh998n4fQcHYcVi7dpm.jpg,1284465.json,453,72,False,False
1285366,Shape of My Heart,愛のぬくもり,"A romance about a man and a woman who, due to an unexpected event, end up switching bodies. Despite coming from completely different backgrounds and environments, the two try to overcome the various difficulties that arise from their body swap.",,"Title: Shape of My Heart

Original Title: 愛のぬくもり

Overview: A romance about a man and a woman who, due to an unexpected event, end up switching bodies. Despite coming from completely different backgrounds and environments, the two try to overcome the various difficulties that arise from their body swap.

Genres: Romance

Production Companies: Legend Pictures

Production Countries: Japan

Spoken Languages: Japanese",tt33349025,2024-07-06,2024.0,ja,['JP'],91.0,Released,['Romance'],['Japanese'],['Japan'],,,65.9533,5.7,8,,,"[{'id': 62454, 'name': 'Legend Pictures', 'origin_country': 'JP'}]",,/3r0O6BW9USoZ9mteCVyNKMQriRL.jpg,/yjK3ardrgdS8suZG8KMU82Q7U38.jpg,1285366.json,417,61,False,False
1288059,I Want Your Sex,I Want Your Sex,"When a naive young man becomes the sexual muse for a renowned and provocative artist, his dream job quickly turns dangerous as he is drawn into an obsessive world of power, betrayal, and murder.","Don't worry, you'll like it.","Title: I Want Your Sex

Tagline: Don't worry, you'll like it.

Overview: When a naive young man becomes the sexual muse for a renowned and provocative artist, his dream job quickly turns dangerous as he is drawn into an obsessive world of power, betrayal, and murder.

Genres: Comedy

Production Companies: Black Bear Pictures, Desperate Pictures

Production Countries: United States of America

Spoken Languages: English",tt32332915,2026-07-29,2026.0,en,['US'],90.0,Released,['Comedy'],['English'],['United States of America'],10000000.0,2000000.0,38.4526,6.1,88,,,"[{'id': 22146, 'name': 'Black Bear Pictures', 'origin_country': 'US'}, {'id': 1474, 'name': 'Desperate Pictures', 'origin_country': 'US'}]",https://www.magpictures.com/iwantyoursex,/pR7SIX3AwqdoD96OI44oLG98e7g.jpg,/gQsjbxdjJUam7buy4U2TpVTiGSO.jpg,1288059.json,421,64,False,False
1288445,Mutiny,Mutiny,"After witnessing his billionaire boss' murder and being framed for the crime, Cole Reed boards a cargo ship on a one-man crusade to avenge his boss' death only to discover an international conspiracy.",There's blood in the water.,"Title: Mutiny

Tagline: There's blood in the water.

Overview: After witnessing his billionaire boss' murder and being framed for the crime, Cole Reed boards a cargo ship on a one-man crusade to avenge his boss' death only to discover an international conspiracy.

Genres: Action, Thriller

Production Companies: Punch Palace Productions, MadRiver Pictures

Production Countries: United Kingdom, United States of America

Spoken Languages: English",tt32338669,2026-08-19,2026.0,en,['US'],96.0,Released,"['Action', 'Thriller']",['English'],"['United Kingdom', 'United States of America']",40000000.0,20824283.0,245.3774,7.278,675,,,"[{'id': 218150, 'name': 'Punch Palace Productions', 'origin_country': 'GB'}, {'id': 73492, 'name': 'MadRiver Pictures', 'origin_country': 'US'}]",https://www.mutiny.movie,/pu2VxGlpGwffOx292w18b1tv96j.jpg,/e2QAGrEmbpmZpMymDRkDisJkvg9.jpg,1288445.json,447,63,False,False
129,Spirited Away,千と千尋の神隠し,"A young girl, Chihiro, becomes trapped in a strange new world of spirits. When her parents undergo a mysterious transformation, she must call upon the courage she never knew she had to free her family.",Beyond the tunnel was a mysterious town.,"Title: Spirited Away

Original Title: 千と千尋の神隠し

Tagline: Beyond the tunnel was a mysterious town.

Overview: A young girl, Chihiro, becomes trapped in a strange new world of spirits. When her parents undergo a mysterious transformation, she must call upon the courage she never knew she had to free her family.

Genres: Animation, Family, Fantasy

Production Companies: Studio Ghibli, Tokuma Shoten, Nippon Television Network Corporation, Mitsubishi, dentsu, TFC, The Walt Disney Company (Japan)

Production Countries: Japan

Spoken Languages: Japanese",tt0245429,2001-07-20,2001.0,ja,['JP'],125.0,Released,"['Animation', 'Family', 'Fantasy']",['Japanese'],['Japan'],19000000.0,274925095.0,39.7309,8.535,18954,,,"[{'id': 10342, 'name': 'Studio Ghibli', 'origin_country': 'JP'}, {'id': 1779, 'name': 'Tokuma Shoten', 'origin_country': 'JP'}, {'id': 6755, 'name': 'Nippon Television Network Corporation', 'origin_country': 'JP'}, {'id': 11847, 'name': 'Mitsubishi', 'origin_country': 'JP'}, {'id': 1778, 'name': 'dentsu', 'origin_country': 'JP'}, {'id': 1780, 'name': 'TFC', 'origin_country': 'JP'}, {'id': 164892, 'name': 'The Walt Disney Company (Japan)', 'origin_country': 'JP'}]",https://gkids.com/films/spirited-away,/39wmItIWsg5sZMyRUHLkWBcuVCM.jpg,/6oaL4DP75yABrd5EbC4H2zq5ghc.jpg,129.json,552,78,False,False
1290432,A Private Life,Vie privée,"When renowned psychiatrist Lilian Steiner learns of the sudden death of a patient, she suspects murder.  She mounts a private investigation, enlisting an odd assortment of quirky characters.",,"Title: A Private Life

Original Title: Vie privée

Overview: When renowned psychiatrist Lilian Steiner learns of the sudden death of a patient, she suspects murder.  She mounts a private investigation, enlisting an odd assortment of quirky characters.

Genres: Mystery, Crime, Drama

Production Companies: Les Films Velvet, France 3 Cinéma, Auvergne-Rhône-Alpes Cinéma, Buenos Hair

Production Countries: France

Spoken Languages: English, French",tt33852162,2025-09-27,2025.0,fr,['FR'],108.0,Released,"['Mystery', 'Crime', 'Drama']","['English', 'French']",['France'],,10040197.0,7.6383,5.5,277,,,"[{'id': 7117, 'name': 'Les Films Velvet', 'origin_country': 'FR'}, {'id': 591, 'name': 'France 3 Cinéma', 'origin_country': 'FR'}, {'id': 109756, 'name': 'Auvergne-Rhône-Alpes Cinéma', 'origin_country': 'FR'}, {'id': 286058, 'name': 'Buenos Hair', 'origin_country': ''}]",https://www.sonypictures.com/movies/aprivatelife,/grozteYTaspY4xaJRt3nw4zMtTs.jpg,/3fZ5HvkrjaS34sZERshWm9koXdF.jpg,1290432.json,446,60,False,False
1290821,Shelter,Shelter,"A man living in self-imposed exile on a remote island rescues a young girl from a violent storm, setting off a chain of events that forces him out of seclusion to protect her from enemies tied to his past.",Her safety. His mission.,"Title: Shelter

Tagline: Her safety. His mission.

Overview: A man living in self-imposed exile on a remote island rescues a young girl from a violent storm, setting off a chain of events that forces him out of seclusion to protect her from enemies tied to his past.

Genres: Action, Crime, Thriller

Production Companies: Black Bear Pictures, Punch Palace Productions, CineMachine, Stampede Ventures

Production Countries: United States of America, United Kingdom

Spoken Languages: English",tt32357218,2026-01-28,2026.0,en,"['GB', 'US']",107.0,Released,"['Action', 'Crime', 'Thriller']",['English'],"['United States of America', 'United Kingdom']",50000000.0,53933639.0,43.2691,7.755,1914,,,"[{'id': 22146, 'name': 'Black Bear Pictures', 'origin_country': 'US'}, {'id': 218150, 'name': 'Punch Palace Productions', 'origin_country': 'GB'}, {'id': 253186, 'name': 'CineMachine', 'origin_country': 'US'}, {'id': 118472, 'name': 'Stampede Ventures', 'origin_country': 'US'}]",https://blackbearpictures.com/film-and-tv/shelter,/cv7DeQQ7TOozPoTCBdNJIvWKhU1.jpg,/nHxWyy18SvAZ8jJeemtS8k1UNjM.jpg,1290821.json,491,73,False,False
1291595,Insidious: Out of the Further,Insidious: Out of the Further,"Gemma, a young mother raising her daughter in the house she grew up in, discovers she can travel into The Further, where she possesses an ability to bring what lives there back to the real world.",Evil found a way out.,"Title: Insidious: Out of the Further

Tagline: Evil found a way out.

Overview: Gemma, a young mother raising her daughter in the house she grew up in, discovers she can travel into The Further, where she possesses an ability to bring what lives there back to the real world.

Genres: Horror, Thriller

Collection: Insidious Collection

Production Companies: Blumhouse Productions, Screen Gems, Stage 6 Films, Atomic Monster, TSG Entertainment

Production Countries: United States of America

Spoken Languages: English",tt32393988,2026-08-19,2026.0,en,['US'],106.0,Released,"['Horror', 'Thriller']",['English'],['United States of America'],18000000.0,165521039.0,58.2699,6.5,167,228446.0,Insidious Collection,"[{'id': 3172, 'name': 'Blumhouse Productions', 'origin_country': 'US'}, {'id': 3287, 'name': 'Screen Gems', 'origin_country': 'US'}, {'id': 11341, 'name': 'Stage 6 Films', 'origin_country': 'US'}, {'id': 76907, 'name': 'Atomic Monster', 'origin_country': 'US'}, {'id': 22213, 'name': 'TSG Entertainment', 'origin_country': 'US'}]",https://insidious.movie/,/4tTrW9dXCByS5wt2pXVWb58zNjz.jpg,/hD8y787ciNWQ2bn396YrSsOIzdN.jpg,1291595.json,518,77,False,False
1291608,Dhurandhar,धुरंधर,"In the early 2000s, an undercover operative infiltrates Karachi's underworld, breaking into its inner circle to dismantle a violent nexus from within.",,"Title: Dhurandhar

Original Title: धुरंधर

Overview: In the early 2000s, an undercover operative infiltrates Karachi's underworld, breaking into its inner circle to dismantle a violent nexus from within.

Genres: Action, Crime, Thriller

Collection: Dhurandhar Collection

Production Companies: B62 Studios, Jio Studios

Production Countries: India

Spoken Languages: Hindi, Punjabi, Urdu",tt33014583,2025-12-05,2025.0,hi,['IN'],214.0,Released,"['Action', 'Crime', 'Thriller']","['Hindi', 'Punjabi', 'Urdu']",['India'],24000000.0,136599112.0,11.5053,7.3,360,1628043.0,Dhurandhar Collection,"[{'id': 212774, 'name': 'B62 Studios', 'origin_country': 'IN'}, {'id': 115477, 'name': 'Jio Studios', 'origin_country': 'IN'}]",,/8FHOtUpNIk5ZPEay2N2EY5lrxkv.jpg,/snYOXem8pUGOffnLbbGq4aB1pg4.jpg,1291608.json,388,49,False,False
1291659,The Wizard of the Kremlin,Le Mage du Kremlin,"In the chaos of post-Soviet Russia, rising KGB officer Vladimir Putin joins forces with master manipulator Vadim Baranov to reshape life behind the Iron Curtain, using violence and deception to change the world forever.",Power was the plan. Putin was the consequence.,"Title: The Wizard of the Kremlin

Original Title: Le Mage du Kremlin

Tagline: Power was the plan. Putin was the consequence.

Overview: In the chaos of post-Soviet Russia, rising KGB officer Vladimir Putin joins forces with master manipulator Vadim Baranov to reshape life behind the Iron Curtain, using violence and deception to change the world forever.

Genres: Drama

Production Companies: Curiosa Films, Gaumont, France 2 Cinéma, Tribune Pictures, LB Entertainment, Jeff Rice Films, PCE Films

Production Countries: France, United Kingdom, United States of America

Spoken Languages: English, Russian",tt32386654,2026-01-21,2026.0,fr,['FR'],136.0,Released,['Drama'],"['English', 'Russian']","['France', 'United Kingdom', 'United States of America']",,8440584.0,11.0778,6.5,259,,,"[{'id': 77552, 'name': 'Curiosa Films', 'origin_country': 'FR'}, {'id': 9, 'name': 'Gaumont', 'origin_country': 'FR'}, {'id': 83, 'name': 'France 2 Cinéma', 'origin_country': 'FR'}, {'id': 143532, 'name': 'Tribune Pictures', 'origin_country': 'GB'}, {'id': 96310, 'name': 'LB Entertainment', 'origin_country': 'US'}, {'id': 52738, 'name': 'Jeff Rice Films', 'origin_country': 'US'}, {'id': 242541, 'name': 'PCE Films', 'origin_country': 'US'}]",https://www.vert-ent.com/library/the-wizard-of-the-kremlin,/85EYON4oXVYTPdMuW5q5ELQLU88.jpg,/bDBVzSp24aesVWJBBmWxDcoOSRw.jpg,1291659.json,606,88,False,False
1294189,The Mongoose,The Mongoose,"A falsely accused war hero with nothing to lose leads police on an epic televised cross-country car chase, helped by members of his former Special Forces Army battalion and closely monitored by a fascinated public rooting for his safe getaway.",,"Title: The Mongoose

Overview: A falsely accused war hero with nothing to lose leads police on an epic televised cross-country car chase, helped by members of his former Special Forces Army battalion and closely monitored by a fascinated public rooting for his safe getaway.

Genres: Action, Thriller

Production Companies: Code Entertainment, The Solution

Production Countries: United States of America

Spoken Languages: English",tt13611778,2026-10-29,2026.0,en,['US'],99.0,Post Production,"['Action', 'Thriller']",['English'],['United States of America'],,,268.4613,0.0,0,,,"[{'id': 14589, 'name': 'Code Entertainment', 'origin_country': 'US'}, {'id': 33768, 'name': 'The Solution', 'origin_country': 'US'}]",,/eSS5mvSG84UUuvtbHel5Yu3Wik4.jpg,/iRIhPqqoUHiFBxn8oYf3gCQnaKk.jpg,1294189.json,431,62,False,False
1297842,GOAT,GOAT,"A small goat with big dreams gets a once-in-a-lifetime shot to join the pros and play roarball, a high-intensity, co-ed, full-contact sport dominated by the fastest, fiercest animals in the world.",You're never too small to dream big.,"Title: GOAT

Tagline: You're never too small to dream big.

Overview: A small goat with big dreams gets a once-in-a-lifetime shot to join the pros and play roarball, a high-intensity, co-ed, full-contact sport dominated by the fastest, fiercest animals in the world.

Genres: Animation, Comedy, Family

Production Companies: Sony Pictures Animation, Unanimous Media, Modern Magic, Columbia Pictures, MACRO, TSG Entertainment

Production Countries: United States of America

Spoken Languages: English",tt27613895,2026-02-11,2026.0,en,['US'],100.0,Released,"['Animation', 'Comedy', 'Family']",['English'],['United States of America'],90000000.0,193566330.0,39.9124,8.1,1100,,,"[{'id': 2251, 'name': 'Sony Pictures Animation', 'origin_country': 'US'}, {'id': 120524, 'name': 'Unanimous Media', 'origin_country': 'US'}, {'id': 184287, 'name': 'Modern Magic', 'origin_country': 'US'}, {'id': 5, 'name': 'Columbia Pictures', 'origin_country': 'US'}, {'id': 79426, 'name': 'MACRO', 'origin_country': 'US'}, {'id': 22213, 'name': 'TSG Entertainment', 'origin_country': 'US'}]",https://goat.movie,/wfuqMlaExcoYiUEvKfVpUTt1v4u.jpg,/tq3h43fZy0H80vzf47MAY7R9Mxo.jpg,1297842.json,499,69,False,False
13,Forrest Gump,Forrest Gump,"A man with a low IQ has accomplished great things in his life and been present during significant historic events—in each case, far exceeding what anyone imagined he could do. But despite all he has achieved, his one true love eludes him.",The world will never be the same once you've seen it through the eyes of Forrest Gump.,"Title: Forrest Gump

Tagline: The world will never be the same once you've seen it through the eyes of Forrest Gump.

Overview: A man with a low IQ has accomplished great things in his life and been present during significant historic events—in each case, far exceeding what anyone imagined he could do. But despite all he has achieved, his one true love eludes him.

Genres: Comedy, Drama, Romance

Production Companies: Paramount Pictures, The Steve Tisch Company, Wendy Finerman Productions

Production Countries: United States of America

Spoken Languages: English",tt0109830,1994-06-23,1994.0,en,['US'],142.0,Released,"['Comedy', 'Drama', 'Romance']",['English'],['United States of America'],55000000.0,677387716.0,36.1427,8.461,30536,,,"[{'id': 4, 'name': 'Paramount Pictures', 'origin_country': 'US'}, {'id': 21920, 'name': 'The Steve Tisch Company', 'origin_country': 'US'}, {'id': 412, 'name': 'Wendy Finerman Productions', 'origin_country': 'US'}]",https://www.paramountmovies.com/movies/forrest-gump,/Cw4hIUIAmSYfK9QfaUW5igp9La.jpg,/66Kn4XWhkuPkJxOJyPEx4U2CUfN.jpg,13.json,568,88,False,True
1302904,Practical Magic 2,Practical Magic 2,The Owens sisters must confront the dark curse that threatens to unravel their family once and for all.,Everything you've witched for.,"Title: Practical Magic 2

Tagline: Everything you've witched for.

Overview: The Owens sisters must confront the dark curse that threatens to unravel their family once and for all.

Genres: Romance, Fantasy, Comedy

Collection: Practical Magic Collection

Production Companies: Di Novi Pictures, Warner Bros. Pictures, Blossom Films, Fortis Films, Domain Entertainment, Alcon Entertainment

Production Countries: United States of America

Spoken Languages: English",tt32588798,2026-09-09,2026.0,en,['US'],130.0,Released,"['Romance', 'Fantasy', 'Comedy']",['English'],['United States of America'],75000000.0,46000000.0,45.1553,6.215,93,1354706.0,Practical Magic Collection,"[{'id': 813, 'name': 'Di Novi Pictures', 'origin_country': 'US'}, {'id': 174, 'name': 'Warner Bros. Pictures', 'origin_country': 'US'}, {'id': 32537, 'name': 'Blossom Films', 'origin_country': 'US'}, {'id': 4258, 'name': 'Fortis Films', 'origin_country': 'US'}, {'id': 216687, 'name': 'Domain Entertainment', 'origin_country': 'US'}, {'id': 1088, 'name': 'Alcon Entertainment', 'origin_country': 'US'}]",https://www.practicalmagicmovie.com,/ogwQOLbCfncjvBhFb5l0OmQH8KC.jpg,/wE6syT1vv6W24iLGfhR4kQHnIDN.jpg,1302904.json,464,61,False,False
1303331,Dhamaal 4,धमाल ४,"The Dhamaal boys are back for another treasure hunt, facing hilarious challenges in their quest for the Treasure of Life.",,"Title: Dhamaal 4

Original Title: धमाल ४

Overview: The Dhamaal boys are back for another treasure hunt, facing hilarious challenges in their quest for the Treasure of Life.

Genres: Comedy

Collection: Dhamaal Collection

Production Companies: T-Series, Devgan Films, Maruti International, Panorama Studios

Production Countries: India

Spoken Languages: Hindi",tt27548557,2026-07-10,2026.0,hi,['IN'],143.0,Released,['Comedy'],['Hindi'],['India'],21000000.0,,9.5141,4.3,13,142021.0,Dhamaal Collection,"[{'id': 3522, 'name': 'T-Series', 'origin_country': 'IN'}, {'id': 86443, 'name': 'Devgan Films', 'origin_country': 'IN'}, {'id': 3985, 'name': 'Maruti International', 'origin_country': 'IN'}, {'id': 44223, 'name': 'Panorama Studios', 'origin_country': 'IN'}]",,/oVij5aEEE6iI4PxB4i0CgKp8h0m.jpg,/95sjD0dRajtU6SKD6Gq6PtrGoGY.jpg,1303331.json,361,48,False,False
1304313,Lee Cronin's The Mummy,Lee Cronin's The Mummy,"The young daughter of a journalist disappears into the desert without a trace—eight years later, the broken family is shocked when she is returned to them, as what should be a joyful reunion turns into a living nightmare.",What happened to Katie?,"Title: Lee Cronin's The Mummy

Tagline: What happened to Katie?

Overview: The young daughter of a journalist disappears into the desert without a trace—eight years later, the broken family is shocked when she is returned to them, as what should be a joyful reunion turns into a living nightmare.

Genres: Horror, Mystery

Production Companies: Atomic Monster, Blumhouse Productions, New Line Cinema, Domain Entertainment, Wicked/Good, Wild Atlantic Pictures

Production Countries: United States of America, Ireland

Spoken Languages: Arabic, English, Spanish",tt32612507,2026-04-15,2026.0,en,"['IE', 'US']",133.0,Released,"['Horror', 'Mystery']","['Arabic', 'English', 'Spanish']","['United States of America', 'Ireland']",22000000.0,90552113.0,39.1821,7.852,2724,,,"[{'id': 76907, 'name': 'Atomic Monster', 'origin_country': 'US'}, {'id': 3172, 'name': 'Blumhouse Productions', 'origin_country': 'US'}, {'id': 12, 'name': 'New Line Cinema', 'origin_country': 'US'}, {'id': 216687, 'name': 'Domain Entertainment', 'origin_country': 'US'}, {'id': 285968, 'name': 'Wicked/Good', 'origin_country': 'IE'}, {'id': 129815, 'name': 'Wild Atlantic Pictures', 'origin_country': 'IE'}]",https://www.warnerbros.com/movies/lee-cronins-mummy,/1q308iixueCU4pFtSYugNOevtNx.jpg,/xugEpZk9YQ0DIz1aFvH5HGkqpZK.jpg,1304313.json,559,79,False,True
1311031,Demon Slayer: Kimetsu no Yaiba Infinity Castle,劇場版「鬼滅の刃」無限城編 第一章 猗窩座再来,"The Demon Slayer Corps are drawn into the Infinity Castle, where Tanjiro, Nezuko, and the Hashira face terrifying Upper Rank demons in a desperate fight as the final battle against Muzan Kibutsuji begins.",It's time to have some fun.,"Title: Demon Slayer: Kimetsu no Yaiba Infinity Castle

Original Title: 劇場版「鬼滅の刃」無限城編 第一章 猗窩座再来

Tagline: It's time to have some fun.

Overview: The Demon Slayer Corps are drawn into the Infinity Castle, where Tanjiro, Nezuko, and the Hashira face terrifying Upper Rank demons in a desperate fight as the final battle against Muzan Kibutsuji begins.

Genres: Animation, Action, Fantasy

Collection: Demon Slayer: Kimetsu no Yaiba Collection

Production Companies: ufotable, Aniplex, Shueisha

Production Countries: Japan

Spoken Languages: Japanese",tt32820897,2025-07-18,2025.0,ja,['JP'],156.0,Released,"['Animation', 'Action', 'Fantasy']",['Japanese'],['Japan'],20000000.0,793594078.0,60.7001,8.798,2196,925155.0,Demon Slayer: Kimetsu no Yaiba Collection,"[{'id': 5887, 'name': 'ufotable', 'origin_country': 'JP'}, {'id': 2883, 'name': 'Aniplex', 'origin_country': 'JP'}, {'id': 2918, 'name': 'Shueisha', 'origin_country': 'JP'}]",https://www.crunchyroll.com/series/G8DHV7809/demon-slayer-kimetsu-no-yaiba-infinity-castle-i,/fWVSwgjpT2D78VUh6X8UBd2rorW.jpg,/1RgPyOhN4DRs225BGTlHJqCudII.jpg,1311031.json,547,76,False,False
1314481,The Devil Wears Prada 2,The Devil Wears Prada 2,"Andy Sachs returns to Runway as Miranda Priestly navigates a new media landscape and Runway's position within. The duo reconnect with former assistant Emily Charlton, now the head of a luxury brand that possesses funding which could ensure Runway's survival.",Icons reign forever.,"Title: The Devil Wears Prada 2

Tagline: Icons reign forever.

Overview: Andy Sachs returns to Runway as Miranda Priestly navigates a new media landscape and Runway's position within. The duo reconnect with former assistant Emily Charlton, now the head of a luxury brand that possesses funding which could ensure Runway's survival.

Genres: Comedy, Drama

Collection: The Devil Wears Prada Collection

Production Companies: 20th Century Studios, Wendy Finerman Productions

Production Countries: United States of America

Spoken Languages: English, Italian",tt33612209,2026-04-29,2026.0,en,['US'],119.0,Released,"['Comedy', 'Drama']","['English', 'Italian']",['United States of America'],100000000.0,691379651.0,44.4331,7.047,2372,1314623.0,The Devil Wears Prada Collection,"[{'id': 127928, 'name': '20th Century Studios', 'origin_country': 'US'}, {'id': 412, 'name': 'Wendy Finerman Productions', 'origin_country': 'US'}]",https://www.20thcenturystudios.com/movies/the-devil-wears-prada-2,/xTI42pmsP5EDnvsNJPEDubwWBQO.jpg,/Af907x5h9W1wVis8XrSd7ynTWuy.jpg,1314481.json,556,78,False,False
1315772,Minions & Monsters,Minions & Monsters,"This is the rambunctious, ridiculous and totally true story of how the Minions conquered Hollywood, became movie stars, lost everything, unleashed monsters onto the world and then banded together to try and save the planet from the mayhem they had just created.",Hollywood has a monster problem.,"Title: Minions & Monsters

Tagline: Hollywood has a monster problem.

Overview: This is the rambunctious, ridiculous and totally true story of how the Minions conquered Hollywood, became movie stars, lost everything, unleashed monsters onto the world and then banded together to try and save the planet from the mayhem they had just created.

Genres: Adventure, Animation, Comedy, Family, Fantasy

Collection: Minions Collection

Production Companies: Universal Pictures, Illumination

Production Countries: United States of America

Spoken Languages: English, Spanish",tt32890033,2026-06-24,2026.0,en,['US'],90.0,Released,"['Adventure', 'Animation', 'Comedy', 'Family', 'Fantasy']","['English', 'Spanish']",['United States of America'],85000000.0,519033384.0,116.0834,7.564,1188,544669.0,Minions Collection,"[{'id': 33, 'name': 'Universal Pictures', 'origin_country': 'US'}, {'id': 6704, 'name': 'Illumination', 'origin_country': 'US'}]",https://www.minionsmovie.com,/4LwvU9SZc8QQzW1X1FAPhNbXnEU.jpg,/kkcwhgSFd81QDlXo8ytrpHPQjhy.jpg,1315772.json,568,77,False,False
131631,The Hunger Games: Mockingjay - Part 1,The Hunger Games: Mockingjay - Part 1,"After surviving the Quarter Quell, Katniss finds herself in the hidden stronghold of District 13, where the rebellion against the Capitol is gaining momentum. Struggling with the weight of becoming the symbol of resistance, she must navigate fragile alliances while trying to protect those she loves. As propaganda battles rage and Panem moves closer to full-scale war, Katniss is forced to confront the true cost of revolution.",Fire burns brighter in the darkness.,"Title: The Hunger Games: Mockingjay - Part 1

Tagline: Fire burns brighter in the darkness.

Overview: After surviving the Quarter Quell, Katniss finds herself in the hidden stronghold of District 13, where the rebellion against the Capitol is gaining momentum. Struggling with the weight of becoming the symbol of resistance, she must navigate fragile alliances while trying to protect those she loves. As propaganda battles rage and Panem moves closer to full-scale war, Katniss is forced to confront the true cost of revolution.

Genres: Science Fiction, Adventure, Thriller

Collection: The Hunger Games Collection

Production Companies: Lionsgate, Color Force

Production Countries: United States of America

Spoken Languages: English",tt1951265,2014-11-19,2014.0,en,['US'],123.0,Released,"['Science Fiction', 'Adventure', 'Thriller']",['English'],['United States of America'],125000000.0,755356711.0,41.1871,6.814,17040,131635.0,The Hunger Games Collection,"[{'id': 1632, 'name': 'Lionsgate', 'origin_country': 'US'}, {'id': 5420, 'name': 'Color Force', 'origin_country': 'US'}]",http://www.thehungergames.movie/,/4FAA18ZIja70d1Tu5hr5cj2q1sB.jpg,/lV1P1Q5gLDXVG1ZYCxZHStkcQC3.jpg,131631.json,739,107,False,False
1318467,The Last Kiss,The Last Kiss,"Laurel always imagined her first kiss would be a fairy tale. Instead, that fantasy turns frightening when she's cursed with an ability to see the death of anyone she kisses. After a vision reveals her crush is doomed to die in a strange murder spree targeting her closest friends, she races to unmask the killer before the mystery becomes a massacre.",Some goodbyes last forever.,"Title: The Last Kiss

Tagline: Some goodbyes last forever.

Overview: Laurel always imagined her first kiss would be a fairy tale. Instead, that fantasy turns frightening when she's cursed with an ability to see the death of anyone she kisses. After a vision reveals her crush is doomed to die in a strange murder spree targeting her closest friends, she races to unmask the killer before the mystery becomes a massacre.

Genres: Horror, Mystery, Thriller

Production Companies: Blumhouse Productions, Man in a Tree Productions

Production Countries: United States of America

Spoken Languages: English",tt33253206,2026-09-15,2026.0,en,['US'],97.0,Released,"['Horror', 'Mystery', 'Thriller']",['English'],['United States of America'],,,34.9385,6.4,18,,,"[{'id': 3172, 'name': 'Blumhouse Productions', 'origin_country': 'US'}, {'id': 138783, 'name': 'Man in a Tree Productions', 'origin_country': 'US'}]",https://www.universalpicturesathome.com/movies/the-last-kiss-2026,/cLZ7iFZc25vluSIKt3XtdSTait4.jpg,/ifAdNCn67jW5y7hcDOUozjRBLU0.jpg,1318467.json,602,93,False,False
1320660,Pati Patni Aur Woh Do,पति पत्नी और वो दो,"A seemingly perfect marriage in Prayagraj takes an unexpected turn when one decision leads to a chain of misunderstandings, suspicion, and comedic chaos.",,"Title: Pati Patni Aur Woh Do

Original Title: पति पत्नी और वो दो

Overview: A seemingly perfect marriage in Prayagraj takes an unexpected turn when one decision leads to a chain of misunderstandings, suspicion, and comedic chaos.

Genres: Comedy, Drama, Romance

Collection: Pati Patni Aur Woh Collection

Production Companies: T-Series, B.R. Studios

Production Countries: India

Spoken Languages: Hindi",tt33054858,2026-05-15,2026.0,hi,['IN'],117.0,Released,"['Comedy', 'Drama', 'Romance']",['Hindi'],['India'],,,5.7868,6.0,20,1687356.0,Pati Patni Aur Woh Collection,"[{'id': 3522, 'name': 'T-Series', 'origin_country': 'IN'}, {'id': 101341, 'name': 'B.R. Studios', 'origin_country': 'IN'}]",,/x0RUPvba4JlCCkyyEZGlQFIFVuF.jpg,/pA4Cg2DW1a2s9HQzqueKgYVaVua.jpg,1320660.json,404,58,False,False
1323244,Rage of Stars,Rage of Stars,"A story about a woman from the International Special Forces Unit, who has a premonition about the impending end of humanity.",,"Title: Rage of Stars

Overview: A story about a woman from the International Special Forces Unit, who has a premonition about the impending end of humanity.

Genres: Action, Science Fiction, Thriller

Production Companies: Lukra Films

Production Countries: Poland",tt29512655,2026-08-06,2026.0,en,['PL'],106.0,Released,"['Action', 'Science Fiction', 'Thriller']",[],['Poland'],,,98.7237,6.684,190,,,"[{'id': 235192, 'name': 'Lukra Films', 'origin_country': 'PL'}]",https://www.rageofstars.com/,/oLld47ZT1I3iecM3OWhIphohQUJ.jpg,/z7lZgL5tzefTfhyRtouThFhsuUS.jpg,1323244.json,264,38,False,False
1327819,Hoppers,Hoppers,"Scientists have discovered how to 'hop' human consciousness into lifelike robotic animals, allowing people to communicate with animals as animals. Animal lover Mabel seizes an opportunity to use the technology, uncovering mysteries within the animal world beyond anything she could have imagined.",Act natural.,"Title: Hoppers

Tagline: Act natural.

Overview: Scientists have discovered how to 'hop' human consciousness into lifelike robotic animals, allowing people to communicate with animals as animals. Animal lover Mabel seizes an opportunity to use the technology, uncovering mysteries within the animal world beyond anything she could have imagined.

Genres: Adventure, Animation, Comedy, Family, Science Fiction

Production Companies: Pixar

Production Countries: United States of America

Spoken Languages: English",tt26443616,2026-03-04,2026.0,en,['US'],104.0,Released,"['Adventure', 'Animation', 'Comedy', 'Family', 'Science Fiction']",['English'],['United States of America'],150000000.0,389685783.0,51.4103,8.147,2377,,,"[{'id': 3, 'name': 'Pixar', 'origin_country': 'US'}]",https://www.pixar.com/hoppers,/xjtWQ2CL1mpmMNwuU5HeS4Iuwuu.jpg,/u53UYu5XG2hNgWGvs3xGhAVzypl.jpg,1327819.json,512,67,False,False
133121,Resident Evil: Damnation,バイオハザード ダムネーション,"U.S. federal agent Leon S. Kennedy sneaks into the ""East Slavic Republic"" to verify rumors that Bio-Organic Weapons (BOWs) are being used in the country's civil war, which the U.S. and Russia are making preparations to jointly intervene in. Right after his infiltration, the U.S. government orders him to leave immediately. Determined to uncover the truth, Leon ignores the order and enters the battlefield to end the chain of tragedies caused by the BOWs.","When terror crawls, evil is unleashed.","Title: Resident Evil: Damnation

Original Title: バイオハザード ダムネーション

Tagline: When terror crawls, evil is unleashed.

Overview: U.S. federal agent Leon S. Kennedy sneaks into the ""East Slavic Republic"" to verify rumors that Bio-Organic Weapons (BOWs) are being used in the country's civil war, which the U.S. and Russia are making preparations to jointly intervene in. Right after his infiltration, the U.S. government orders him to leave immediately. Determined to uncover the truth, Leon ignores the order and enters the battlefield to end the chain of tragedies caused by the BOWs.

Genres: Action, Animation, Science Fiction, Horror

Collection: Resident Evil (Animated) Collection

Production Companies: Digital Frontier, Capcom, Sony Pictures

Production Countries: Japan

Spoken Languages: Japanese, English",tt1753496,2012-09-25,2012.0,ja,['JP'],100.0,Released,"['Action', 'Animation', 'Science Fiction', 'Horror']","['Japanese', 'English']",['Japan'],,2325035.0,13.7704,6.888,1026,133352.0,Resident Evil (Animated) Collection,"[{'id': 3361, 'name': 'Digital Frontier', 'origin_country': 'JP'}, {'id': 7220, 'name': 'Capcom', 'origin_country': 'JP'}, {'id': 82346, 'name': 'Sony Pictures', 'origin_country': 'JP'}]",https://www.sonypictures.com/movies/residentevildamnation,/zkHSURVCrt7rpvDDgUXO75CV1v4.jpg,/xbjOkrAaT4CAIrNJ38oQSBomHvg.jpg,133121.json,811,115,False,False
1339713,Obsession,Obsession,"After breaking the mysterious ""One Wish Willow"" to win his crush's heart, a hopeless romantic finds himself getting exactly what he asked for but soon discovers that some desires come at a dark, sinister price.",Be careful who you wish for…,"Title: Obsession

Tagline: Be careful who you wish for…

Overview: After breaking the mysterious ""One Wish Willow"" to win his crush's heart, a hopeless romantic finds himself getting exactly what he asked for but soon discovers that some desires come at a dark, sinister price.

Genres: Horror, Thriller

Production Companies: Tea Shop Productions, Under the Shell, Capstone Pictures, Blumhouse Productions

Production Countries: United States of America, United Kingdom

Spoken Languages: English",tt37287335,2026-05-13,2026.0,en,['US'],109.0,Released,"['Horror', 'Thriller']",['English'],"['United States of America', 'United Kingdom']",750000.0,519413102.0,168.1108,8.2,5786,,,"[{'id': 155758, 'name': 'Tea Shop Productions', 'origin_country': 'GB'}, {'id': 273145, 'name': 'Under the Shell', 'origin_country': 'US'}, {'id': 154063, 'name': 'Capstone Pictures', 'origin_country': 'US'}, {'id': 3172, 'name': 'Blumhouse Productions', 'origin_country': 'US'}]",http://www.focusfeatures.com/obsession,/bRwnj8WEKBCvmfeUNOukJPwB43K.jpg,/uoTZOIXnkcTgJe1emITpsQq7sPu.jpg,1339713.json,497,71,False,False
1339876,Mardaani 3,मर्दानी 3,"Officer Shivani Shivaji Roy returns to hunt down those behind the disappearance of young girls, risking everything to bring them back alive.",Rescue begins.,"Title: Mardaani 3

Original Title: मर्दानी 3

Tagline: Rescue begins.

Overview: Officer Shivani Shivaji Roy returns to hunt down those behind the disappearance of young girls, risking everything to bring them back alive.

Genres: Action, Crime, Thriller

Collection: Mardaani Collection

Production Companies: Yash Raj Films

Production Countries: India

Spoken Languages: Hindi",tt27673536,2026-01-30,2026.0,hi,['IN'],131.0,Released,"['Action', 'Crime', 'Thriller']",['Hindi'],['India'],,,6.7435,7.6,44,736592.0,Mardaani Collection,"[{'id': 1569, 'name': 'Yash Raj Films', 'origin_country': 'IN'}]",,/dHxLBtHw4InwsVumnthupZYz6NM.jpg,/pfcyWSaPKGagqdunfBXQYCqZHxx.jpg,1339876.json,379,51,False,False
1341138,Spa Weekend,Spa Weekend,"Four lifelong friends realize that somewhere between careers, relationships, families, and everyday responsibilities, they’ve forgotten how to take care of themselves and each other. Burned out and overdue for a break, the women escape to a luxury spa retreat for an unforgettable weekend dedicated to fun, laughter, and a lot of really bad decisions.",Friendship is a real trip.,"Title: Spa Weekend

Tagline: Friendship is a real trip.

Overview: Four lifelong friends realize that somewhere between careers, relationships, families, and everyday responsibilities, they’ve forgotten how to take care of themselves and each other. Burned out and overdue for a break, the women escape to a luxury spa retreat for an unforgettable weekend dedicated to fun, laughter, and a lot of really bad decisions.

Genres: Comedy

Production Companies: Suzanne Todd Productions, Black Bear Pictures

Production Countries: United States of America

Spoken Languages: English",tt33305867,2026-08-20,2026.0,en,['US'],97.0,Released,['Comedy'],['English'],['United States of America'],20000000.0,10154377.0,58.7002,6.6,51,,,"[{'id': 91921, 'name': 'Suzanne Todd Productions', 'origin_country': 'US'}, {'id': 22146, 'name': 'Black Bear Pictures', 'origin_country': 'US'}]",https://spaweekend.movie/home/,/uhx4YjT9YbSxrKVE7GWJdjI412J.jpg,/8NGPUlR4xKQfgLaWCeXALGF3i27.jpg,1341138.json,578,83,False,True
1354959,Stand Up My Husband!,내 남편을 세워줘!,,,"Title: Stand Up My Husband!

Original Title: 내 남편을 세워줘!

Genres: Drama

Production Countries: South Korea

Spoken Languages: Korean",,2024-06-21,2024.0,ko,['KR'],,Released,['Drama'],['Korean'],['South Korea'],,,14.6293,9.0,1,,,[],,/6GzBmkYRMirSjXyBv3tmB5WcTrh.jpg,,1354959.json,131,19,False,False
1355228,Gandhari,गांधारी,"When a mother loses her eyesight and her daughter in a kidnapping, she takes matters into her own hands to hunt down those responsible.",,"Title: Gandhari

Original Title: गांधारी

Overview: When a mother loses her eyesight and her daughter in a kidnapping, she takes matters into her own hands to hunt down those responsible.

Genres: Action, Drama, Thriller

Production Companies: Kathha Pictures, Outsiders Films

Production Countries: India

Spoken Languages: Hindi",tt33354945,2026-09-03,2026.0,hi,['IN'],117.0,Released,"['Action', 'Drama', 'Thriller']",['Hindi'],['India'],,,19.1683,7.4,27,,,"[{'id': 203515, 'name': 'Kathha Pictures', 'origin_country': 'IN'}, {'id': 157345, 'name': 'Outsiders Films', 'origin_country': 'IN'}]",https://www.netflix.com/title/81787058,/hCHei97aPYCCsh4vicz9X0wmdFV.jpg,/sT5WVT8LzvDwIbfy9BGXK0fvf3s.jpg,1355228.json,330,46,False,False
1363974,That Time I Got Reincarnated as a Slime the Movie: Tears of the Azure Sea,劇場版 転生したらスライムだった件 蒼海の涙編,"After concluding the opening ceremony of the Demon Kingdom Federation Tempest, Rimuru and his companions are invited by the Celestial Emperor Hermesia of the great elven nation – the Magi Dynasty Salion – to visit her private resort island. As the group enjoys their brief vacation, a mysterious woman named Yura appears. A new incident unfolds against the backdrop of the boundless azure sea.",,"Title: That Time I Got Reincarnated as a Slime the Movie: Tears of the Azure Sea

Original Title: 劇場版 転生したらスライムだった件 蒼海の涙編

Overview: After concluding the opening ceremony of the Demon Kingdom Federation Tempest, Rimuru and his companions are invited by the Celestial Emperor Hermesia of the great elven nation – the Magi Dynasty Salion – to visit her private resort island. As the group enjoys their brief vacation, a mysterious woman named Yura appears. A new incident unfolds against the backdrop of the boundless azure sea.

Genres: Animation, Fantasy, Adventure, Comedy

Collection: That Time I Got Reincarnated as a Slime Collection

Production Companies: 8bit, Bandai Namco Filmworks, BN Pictures

Production Countries: Japan

Spoken Languages: Japanese",tt38650409,2026-02-27,2026.0,ja,['JP'],105.0,Released,"['Animation', 'Fantasy', 'Adventure', 'Comedy']",['Japanese'],['Japan'],,,12.1679,8.2,65,1513903.0,That Time I Got Reincarnated as a Slime Collection,"[{'id': 30294, 'name': '8bit', 'origin_country': 'JP'}, {'id': 173132, 'name': 'Bandai Namco Filmworks', 'origin_country': 'JP'}, {'id': 74440, 'name': 'BN Pictures', 'origin_country': 'JP'}]",https://slime-movie-2.com,/oblkRIWuKTF46CsnLhBiE7Otn3z.jpg,/l2Gk8eFrPHn6ltT9PtfmdyvqFsG.jpg,1363974.json,759,115,False,True
13648,Resident Evil: Degeneration,バイオハザード：ディジェネレーション,"Leon S. Kennedy and Claire Redfield must battle a rogue warrior seeking revenge after unleashing the deadly G-Virus, whilst a mutated monster goes on a rampage.",Evil never rests.,"Title: Resident Evil: Degeneration

Original Title: バイオハザード：ディジェネレーション

Tagline: Evil never rests.

Overview: Leon S. Kennedy and Claire Redfield must battle a rogue warrior seeking revenge after unleashing the deadly G-Virus, whilst a mutated monster goes on a rampage.

Genres: Animation, Horror, Action, Science Fiction

Collection: Resident Evil (Animated) Collection

Production Companies: Capcom, Sony Pictures, Digital Frontier

Production Countries: Japan

Spoken Languages: English, Japanese",tt1174954,2008-02-13,2008.0,ja,['JP'],97.0,Released,"['Animation', 'Horror', 'Action', 'Science Fiction']","['English', 'Japanese']",['Japan'],,403117.0,15.3724,6.809,1203,133352.0,Resident Evil (Animated) Collection,"[{'id': 7220, 'name': 'Capcom', 'origin_country': 'JP'}, {'id': 82346, 'name': 'Sony Pictures', 'origin_country': 'JP'}, {'id': 3361, 'name': 'Digital Frontier', 'origin_country': 'JP'}]",https://www.sonypictures.com/movies/residentevildegeneration,/1x5OaFOo38JAwR5yXxeuvQg3VWH.jpg,/3JgfNUCoN6pyXlO7wZOJ4PgQgW3.jpg,13648.json,500,63,False,False
1365884,Call My Agent! The Movie,Dix Pour Cent ! Le Film,"Five years after ASK Agency closed, debut director Andréa loses her lead actor just days before filming and reunited with her old team — for better or worse.",,"Title: Call My Agent! The Movie

Original Title: Dix Pour Cent ! Le Film

Overview: Five years after ASK Agency closed, debut director Andréa loses her lead actor just days before filming and reunited with her old team — for better or worse.

Genres: Comedy, Drama

Production Companies: Mon Voisin Productions, Mother Production, Mediawan

Production Countries: France

Spoken Languages: French",tt38267923,2026-08-29,2026.0,fr,['FR'],117.0,Released,"['Comedy', 'Drama']",['French'],['France'],,,10.3027,6.17,103,,,"[{'id': 22983, 'name': 'Mon Voisin Productions', 'origin_country': 'FR'}, {'id': 49973, 'name': 'Mother Production', 'origin_country': 'FR'}, {'id': 138896, 'name': 'Mediawan', 'origin_country': 'FR'}]",https://www.netflix.com/title/82026389,/p4SvSFIkjCs4y0C7yAcYP9XNmP2.jpg,/4v8XgcmtUFVXUzGb7noltdjg2Ou.jpg,1365884.json,395,60,False,True
1368337,The Odyssey,The Odyssey,"Odysseus, the legendary King of Ithaca, embarks on a long and perilous journey home following the Trojan War. Throughout his voyage, he is forced to confront the whims of gods, mythological monsters, and trials that stretch both his cunning and his humanity to the breaking point.",Defy the gods.,"Title: The Odyssey

Tagline: Defy the gods.

Overview: Odysseus, the legendary King of Ithaca, embarks on a long and perilous journey home following the Trojan War. Throughout his voyage, he is forced to confront the whims of gods, mythological monsters, and trials that stretch both his cunning and his humanity to the breaking point.

Genres: Adventure, Action, Fantasy

Production Companies: Universal Pictures, Syncopy

Production Countries: United Kingdom, United States of America

Spoken Languages: English",tt33764258,2026-07-15,2026.0,en,"['GB', 'US']",173.0,Released,"['Adventure', 'Action', 'Fantasy']",['English'],"['United Kingdom', 'United States of America']",250000000.0,1751248000.0,366.2926,8.019,3946,,,"[{'id': 33, 'name': 'Universal Pictures', 'origin_country': 'US'}, {'id': 9996, 'name': 'Syncopy', 'origin_country': 'GB'}]",https://www.universalpictures.com/movies/the-odyssey,/5rhTDKUhPYvpdQIijFIs5VoWsON.jpg,/bulFtfy3oBQtCnAMSi7g6DSSds3.jpg,1368337.json,513,74,False,False
1375156,Udta Teer,उड़ता तीर,An amnesiac Pakistani spy wakes up believing he is a patriotic Indian counter-terrorism officer.,"Deshbhakti yaad hai, par desh nahi","Title: Udta Teer

Original Title: उड़ता तीर

Tagline: Deshbhakti yaad hai, par desh nahi

Overview: An amnesiac Pakistani spy wakes up believing he is a patriotic Indian counter-terrorism officer.

Genres: Comedy

Production Companies: Dharma Productions, Sikhya Entertainment

Production Countries: India

Spoken Languages: Hindi",tt31806773,2026-10-09,2026.0,hi,['IN'],144.0,Post Production,['Comedy'],['Hindi'],['India'],,,12.2773,0.0,0,,,"[{'id': 19146, 'name': 'Dharma Productions', 'origin_country': 'IN'}, {'id': 22486, 'name': 'Sikhya Entertainment', 'origin_country': 'IN'}]",,/tvICKypVlW7Iio4KVs7NousbSKi.jpg,/gKXglEalCq75kWjlASXhUeRJocP.jpg,1375156.json,330,43,False,False
1375441,Primetime,Primetime,"In 2006, To Catch a Predator host Chris Hansen sets out to make television history, turning an undercover investigation into one of the most controversial cultural phenomena of the decade.",Are you ready to make television history?,"Title: Primetime

Tagline: Are you ready to make television history?

Overview: In 2006, To Catch a Predator host Chris Hansen sets out to make television history, turning an undercover investigation into one of the most controversial cultural phenomena of the decade.

Genres: Crime, Thriller, Drama

Production Companies: A24, Icki Eneo Arlo, Square Peg, Range Media Partners

Production Countries: United States of America

Spoken Languages: English",tt34206385,2026-09-23,2026.0,en,['US'],110.0,Released,"['Crime', 'Thriller', 'Drama']",['English'],['United States of America'],14500000.0,19197764.0,94.564,7.23,50,,,"[{'id': 41077, 'name': 'A24', 'origin_country': 'US'}, {'id': 191272, 'name': 'Icki Eneo Arlo', 'origin_country': 'US'}, {'id': 123620, 'name': 'Square Peg', 'origin_country': 'US'}, {'id': 167684, 'name': 'Range Media Partners', 'origin_country': 'US'}]",https://a24films.com/films/primetime,/lmrulvLbmaejTix1YaMxo1oGhH1.jpg,/4E5RVsSUG1A4Adwbqupu5w6kofZ.jpg,1375441.json,452,65,False,False
1375646,Colony,군체,"Professor Se-jeong is thrust into a bloody nightmare when a rapidly mutating virus is released during a biotech conference causing authorities to seal the facility. Trapped inside with no escape, Se-jeong along with a small group of survivors must fight to stay alive while the infected undergo horrific transformations.",Survive the hive.,"Title: Colony

Original Title: 군체

Tagline: Survive the hive.

Overview: Professor Se-jeong is thrust into a bloody nightmare when a rapidly mutating virus is released during a biotech conference causing authorities to seal the facility. Trapped inside with no escape, Se-jeong along with a small group of survivors must fight to stay alive while the infected undergo horrific transformations.

Genres: Action, Horror, Science Fiction

Production Companies: Wow Point, Smilegate Entertainment, Midnight Studio

Production Countries: South Korea

Spoken Languages: Korean",tt34385135,2026-05-21,2026.0,ko,['KR'],123.0,Released,"['Action', 'Horror', 'Science Fiction']",['Korean'],['South Korea'],,,231.6084,8.054,905,,,"[{'id': 218768, 'name': 'Wow Point', 'origin_country': 'KR'}, {'id': 246330, 'name': 'Smilegate Entertainment', 'origin_country': 'KR'}, {'id': 243139, 'name': 'Midnight Studio', 'origin_country': 'KR'}]",https://wellgousa.com/films/colony,/tN799oUR0f1gUKDYdMNrDaY7I51.jpg,/hpBGCnzOvdtQoMyE48gvwp2y5yx.jpg,1375646.json,570,79,False,False
1376415,The Money Maker,L'Affaire Bojarski,"A Polish engineer relocates to France and becomes a legendary counterfeiter. Working solo, he crafts flawless fake francs worth millions over 14 years, earning the nickname ""Cézanne of counterfeit money"" for his artistic skill and output.",,"Title: The Money Maker

Original Title: L'Affaire Bojarski

Overview: A Polish engineer relocates to France and becomes a legendary counterfeiter. Working solo, he crafts flawless fake francs worth millions over 14 years, earning the nickname ""Cézanne of counterfeit money"" for his artistic skill and output.

Genres: History, Drama, Crime

Production Companies: Les Compagnons du Cinéma, Auvergne-Rhône-Alpes Cinéma, Le Bureau Films, France 2 Cinéma, Cactus Films

Production Countries: France, Belgium

Spoken Languages: French",tt35495035,2026-01-12,2026.0,fr,['FR'],128.0,Released,"['History', 'Drama', 'Crime']",['French'],"['France', 'Belgium']",,,16.1166,7.084,166,,,"[{'id': 94916, 'name': 'Les Compagnons du Cinéma', 'origin_country': 'FR'}, {'id': 109756, 'name': 'Auvergne-Rhône-Alpes Cinéma', 'origin_country': 'FR'}, {'id': 220458, 'name': 'Le Bureau Films', 'origin_country': 'FR'}, {'id': 83, 'name': 'France 2 Cinéma', 'origin_country': 'FR'}, {'id': 105883, 'name': 'Cactus Films', 'origin_country': 'FR'}]",,/9syq0YtiW9d9PpQ5fAgWBK6LAtb.jpg,/hKC8k08rgIyXFVQXrp1izEAWwL1.jpg,1376415.json,529,72,False,True
1377237,Runner,Runner,"A former soldier is thrown into a brutal race against time when a critical medical delivery makes him and his unlikely partner the targets of a ruthless cartel. As the mission spirals into a deadly manhunt, every detour, delay, and bullet pushes them closer to failure. With betrayal closing in from every side, they must survive the chase and deliver their cargo to save the life of a little girl.",Next-day delivery isn't an option.,"Title: Runner

Tagline: Next-day delivery isn't an option.

Overview: A former soldier is thrown into a brutal race against time when a critical medical delivery makes him and his unlikely partner the targets of a ruthless cartel. As the mission spirals into a deadly manhunt, every detour, delay, and bullet pushes them closer to failure. With betrayal closing in from every side, they must survive the chase and deliver their cargo to save the life of a little girl.

Genres: Action, Comedy

Production Companies: Broken Road Productions, AllyCat Entertainment, Nickel City Pictures, A Higher Standard, G2 Dispatch, Angel Studios, International Media Funds Management, Bright White Light

Production Countries: United States of America, Australia, United Kingdom

Spoken Languages: English",tt31349844,2026-09-07,2026.0,en,['US'],97.0,Released,"['Action', 'Comedy']",['English'],"['United States of America', 'Australia', 'United Kingdom']",,6432956.0,104.7284,7.613,53,,,"[{'id': 8000, 'name': 'Broken Road Productions', 'origin_country': 'US'}, {'id': 72954, 'name': 'AllyCat Entertainment', 'origin_country': 'US'}, {'id': 110723, 'name': 'Nickel City Pictures', 'origin_country': 'US'}, {'id': 221397, 'name': 'A Higher Standard', 'origin_country': 'US'}, {'id': 219277, 'name': 'G2 Dispatch', 'origin_country': 'AU'}, {'id': 165435, 'name': 'Angel Studios', 'origin_country': 'US'}, {'id': 309655, 'name': 'International Media Funds Management', 'origin_country': 'AU'}, {'id': 209819, 'name': 'Bright White Light', 'origin_country': 'GB'}]",https://www.angel.com/movies/runner,/yBKMAIj7clP42UkFejhGDBBoTpb.jpg,/2c9zNZJL0ZdagD6JbmU3hH4hovs.jpg,1377237.json,791,118,False,False
1378537,Mirzapur: The Movie,मिर्ज़ापुर - द मूवी,"The battle for Mirzapur’s throne intensifies as old enemies resurface and a new threat emerges in the form of Babban Babua, a ruthless businessman from Jaisalmer with ambitions of his own. As the Tripathis face enemies from both the past and present, loyalties are tested while Guddu and Bablu Pandit fight to establish themselves in the power struggle for Mirzapur.",Witness the epic untold story.,"Title: Mirzapur: The Movie

Original Title: मिर्ज़ापुर - द मूवी

Tagline: Witness the epic untold story.

Overview: The battle for Mirzapur’s throne intensifies as old enemies resurface and a new threat emerges in the form of Babban Babua, a ruthless businessman from Jaisalmer with ambitions of his own. As the Tripathis face enemies from both the past and present, loyalties are tested while Guddu and Bablu Pandit fight to establish themselves in the power struggle for Mirzapur.

Genres: Action, Crime, Drama, Thriller

Production Companies: Excel Entertainment, Amazon MGM Studios

Production Countries: India, United States of America

Spoken Languages: Hindi",tt34339725,2026-09-03,2026.0,hi,['IN'],197.0,Released,"['Action', 'Crime', 'Drama', 'Thriller']",['Hindi'],"['India', 'United States of America']",8766456.0,,10.2619,6.9,18,,,"[{'id': 2934, 'name': 'Excel Entertainment', 'origin_country': 'IN'}, {'id': 210099, 'name': 'Amazon MGM Studios', 'origin_country': 'US'}]",,/cdDKdCRyq6BYuNblpKUYqRPWvEg.jpg,/nTkQBI8ldvPByIkxsemGxtKlr8E.jpg,1378537.json,665,99,False,True
1381071,Godzilla Minus Zero,ゴジラ-0.0,"War reduced Japan to zero, and Godzilla plunged it into minus. Two years have passed since then, and the country has faced agonizing struggles to achieve recovery and finally reclaim its daily life. Just as humanity managed to cling to a hard-won peace, a new threat strikes, crushing hope in an instant.",人類の罪と罰。もう、無(ゼロ)には戻れない。,"Title: Godzilla Minus Zero

Original Title: ゴジラ-0.0

Tagline: 人類の罪と罰。もう、無(ゼロ)には戻れない。

Overview: War reduced Japan to zero, and Godzilla plunged it into minus. Two years have passed since then, and the country has faced agonizing struggles to achieve recovery and finally reclaim its daily life. Just as humanity managed to cling to a hard-won peace, a new threat strikes, crushing hope in an instant.

Genres: Science Fiction, Horror, Action

Collection: Godzilla Minus Collection

Production Companies: TOHO, Robot Communications, TOHO Studios

Production Countries: Japan

Spoken Languages: English, Japanese",tt34384661,2026-11-03,2026.0,ja,['JP'],135.0,Released,"['Science Fiction', 'Horror', 'Action']","['English', 'Japanese']",['Japan'],,,13.5123,0.0,0,1474814.0,Godzilla Minus Collection,"[{'id': 882, 'name': 'TOHO', 'origin_country': 'JP'}, {'id': 12386, 'name': 'Robot Communications', 'origin_country': 'JP'}, {'id': 182161, 'name': 'TOHO Studios', 'origin_country': 'JP'}]",https://godzilla.com/pages/godzilla-minus-zero,/hSmIJluOJmTWvJs4d7kHRxjc8s8.jpg,/oqrYIDH4tvfEzPe1yqT4jzmAWHQ.jpg,1381071.json,610,85,False,False
1386238,Black Gold,Oro negro,"Ramiro meets Damián again after years without seeing each other. Damián always has some shady business going on. This time he wants to go in a search of a certain treasure hidden in an abandoned convent. Lara, Ramiro's girlfriend, doesn't trust Damián and decides to accompany them. What they don't know is that taking that thing from there could unleash a curse that will haunt them forever, unless they return it just as they found it.",,"Title: Black Gold

Original Title: Oro negro

Overview: Ramiro meets Damián again after years without seeing each other. Damián always has some shady business going on. This time he wants to go in a search of a certain treasure hidden in an abandoned convent. Lara, Ramiro's girlfriend, doesn't trust Damián and decides to accompany them. What they don't know is that taking that thing from there could unleash a curse that will haunt them forever, unless they return it just as they found it.

Genres: Horror

Production Companies: Misil Producciones, Pluma Cine, Closer

Production Countries: Argentina

Spoken Languages: Spanish",tt21220878,2024-12-06,2024.0,es,['AR'],64.0,Released,['Horror'],['Spanish'],['Argentina'],,,50.0005,3.0,1,,,"[{'id': 144925, 'name': 'Misil Producciones', 'origin_country': ''}, {'id': 220736, 'name': 'Pluma Cine', 'origin_country': ''}, {'id': 279535, 'name': 'Closer', 'origin_country': ''}]",,/cULEEfczauEprB8IX1S6c62x4E9.jpg,/8IXRm88SZZQHEWTNHaYC8PNYXj0.jpg,1386238.json,631,99,False,True
1386315,The Runner,The Runner,"Maia Marten, a brilliant London lawyer, has her life shattered by a single call on her morning run: her son has been taken. To get him back, she must keep running, obey every ruthless command, and trust no one-each second a test of how far a mother will go to save her child.",One hour. One chance to save her son.,"Title: The Runner

Tagline: One hour. One chance to save her son.

Overview: Maia Marten, a brilliant London lawyer, has her life shattered by a single call on her morning run: her son has been taken. To get him back, she must keep running, obey every ruthless command, and trust no one-each second a test of how far a mother will go to save her child.

Genres: Thriller, Action

Production Companies: Amazon MGM Studios, Rockwood Pictures

Production Countries: United States of America, United Kingdom

Spoken Languages: English",tt34564059,2026-09-03,2026.0,en,"['GB', 'US']",86.0,Released,"['Thriller', 'Action']",['English'],"['United States of America', 'United Kingdom']",,,90.1126,6.811,594,,,"[{'id': 210099, 'name': 'Amazon MGM Studios', 'origin_country': 'US'}, {'id': 244481, 'name': 'Rockwood Pictures', 'origin_country': 'GB'}]",https://www.amazon.com/dp/B0H8NPW2KZ,/uxCaBoYXsDC4A0SqTm3SISj0OwK.jpg,/jzBWExXacS33rMQ2zLBrqIVweyG.jpg,1386315.json,530,87,False,False
138843,The Conjuring,The Conjuring,"Paranormal investigators Ed and Lorraine Warren work to help a family terrorized by a dark presence in their farmhouse. Forced to confront a powerful entity, the Warrens find themselves caught in the most terrifying case of their lives.",Based on the true case files of the Warrens.,"Title: The Conjuring

Tagline: Based on the true case files of the Warrens.

Overview: Paranormal investigators Ed and Lorraine Warren work to help a family terrorized by a dark presence in their farmhouse. Forced to confront a powerful entity, the Warrens find themselves caught in the most terrifying case of their lives.

Genres: Horror, Thriller

Collection: The Conjuring Collection

Production Companies: Evergreen Media Group, The Safran Company, New Line Cinema

Production Countries: United States of America

Spoken Languages: English",tt1457767,2013-07-18,2013.0,en,['US'],112.0,Released,"['Horror', 'Thriller']",['English'],['United States of America'],13000000.0,321293998.0,42.0096,7.541,13103,313086.0,The Conjuring Collection,"[{'id': 31375, 'name': 'Evergreen Media Group', 'origin_country': 'US'}, {'id': 11565, 'name': 'The Safran Company', 'origin_country': 'US'}, {'id': 12, 'name': 'New Line Cinema', 'origin_country': 'US'}]",http://theconjuring.warnerbros.com,/wVYREutTvI2tmxr6ujrHT704wGF.jpg,/ecKQlAEG95k62SMGhvX83oEqANK.jpg,138843.json,544,79,False,False
1389149,Accused,अक्यूज़्ड,"When a celebrated queer doctor in London is accused of sexual misconduct, her life unravels. Now under a storm of suspicion and scrutiny, her marriage fractures and the truth blurs. Her wife must decide whether to walk away, or fight for the woman the world is turning against.",,"Title: Accused

Original Title: अक्यूज़्ड

Overview: When a celebrated queer doctor in London is accused of sexual misconduct, her life unravels. Now under a storm of suspicion and scrutiny, her marriage fractures and the truth blurs. Her wife must decide whether to walk away, or fight for the woman the world is turning against.

Genres: Thriller, Mystery, Drama

Production Companies: Dharmatic Entertainment

Production Countries: India

Spoken Languages: English, Hindi",tt39631179,2026-02-27,2026.0,hi,['IN'],107.0,Released,"['Thriller', 'Mystery', 'Drama']","['English', 'Hindi']",['India'],,,4.8116,5.7,77,,,"[{'id': 150300, 'name': 'Dharmatic Entertainment', 'origin_country': 'IN'}]",https://www.netflix.com/title/81661375,/3FAQTMv64JINU5Pk6mePXQbze4M.jpg,/8QRMlkCMFNKZM2ApnIaut5t4snf.jpg,1389149.json,474,69,False,False
1390382,Couture,Coutures,An American filmmaker faces challenges and self-discovery as she arrives in Paris for Fashion Week on a life-and-death journey.,,"Title: Couture

Original Title: Coutures

Overview: An American filmmaker faces challenges and self-discovery as she arrives in Paris for Fashion Week on a life-and-death journey.

Genres: Drama

Production Companies: CG Cinéma, Closer Media, France 3 Cinéma

Production Countries: France, United States of America

Spoken Languages: English, French",tt34688195,2026-02-18,2026.0,fr,['FR'],104.0,Released,['Drama'],"['English', 'French']","['France', 'United States of America']",,,8.3154,6.3,68,,,"[{'id': 51696, 'name': 'CG Cinéma', 'origin_country': 'FR'}, {'id': 185041, 'name': 'Closer Media', 'origin_country': 'US'}, {'id': 591, 'name': 'France 3 Cinéma', 'origin_country': 'FR'}]",https://www.pathefilms.com/en/movies/coutures/,/pie2ouNdXYKEMXtF2Kvj0H4LzOr.jpg,/9GBiwvuJahvlfEQtuGhpS384Ei5.jpg,1390382.json,349,47,False,False
1392469,Cocktail 2,कॉकटेल २,A vacation in Sicily forces longtime partners Diya and Kunal to question their love and commitment after they reunite with Diya's old friend Ally.,,"Title: Cocktail 2

Original Title: कॉकटेल २

Overview: A vacation in Sicily forces longtime partners Diya and Kunal to question their love and commitment after they reunite with Diya's old friend Ally.

Genres: Romance, Comedy

Collection: Cocktail Collection

Production Companies: Maddock Films, LUV Films

Production Countries: India

Spoken Languages: Hindi",tt35064672,2026-06-19,2026.0,hi,['IN'],150.0,Released,"['Romance', 'Comedy']",['Hindi'],['India'],15872640.0,12947333.0,4.9164,5.6,36,1716673.0,Cocktail Collection,"[{'id': 86699, 'name': 'Maddock Films', 'origin_country': 'IN'}, {'id': 85334, 'name': 'LUV Films', 'origin_country': 'IN'}]",,/oIQmtByV1LtEQSwM4EpdLTyoSlM.jpg,/7CJQvCO8aNKEewAFw90qvQ7fr1T.jpg,1392469.json,361,50,False,False
1393326,Ghost in the Cell,Ghost in the Cell,"In a notorious prison, an invisible force begins killing inmates brutally, compelling enemy gangs and corrupt guards to work together as they try to survive the mounting bloodshed.",,"Title: Ghost in the Cell

Overview: In a notorious prison, an invisible force begins killing inmates brutally, compelling enemy gangs and corrupt guards to work together as they try to survive the mounting bloodshed.

Genres: Horror, Comedy, Thriller

Collection: Ghost in the Cell Collection

Production Companies: Come and See Pictures, Rapi Films, Barunson E&A, Legacy Pictures

Production Countries: Indonesia, South Korea

Spoken Languages: Indonesian",tt9000310,2026-04-16,2026.0,id,['ID'],106.0,Released,"['Horror', 'Comedy', 'Thriller']",['Indonesian'],"['Indonesia', 'South Korea']",,,60.1488,7.2,76,1679602.0,Ghost in the Cell Collection,"[{'id': 198917, 'name': 'Come and See Pictures', 'origin_country': 'ID'}, {'id': 7872, 'name': 'Rapi Films', 'origin_country': 'ID'}, {'id': 4399, 'name': 'Barunson E&A', 'origin_country': 'KR'}, {'id': 46840, 'name': 'Legacy Pictures', 'origin_country': 'ID'}]",,/zxcMdx0w5Zmg8yZuuiS7CJ8vOea.jpg,/tK3QdOOrX4qEkmSlvrmc8cK7iOU.jpg,1393326.json,456,64,False,False
1405742,Portal to Hell,Portal to Hell,"After a debt-collector finds a portal to hell in a washing machine at his local laundromat, he’s propositioned into feeding it sinners to save his neighbor’s soul, maybe even at the expense of his own.",,"Title: Portal to Hell

Overview: After a debt-collector finds a portal to hell in a washing machine at his local laundromat, he’s propositioned into feeding it sinners to save his neighbor’s soul, maybe even at the expense of his own.

Genres: Comedy, Horror

Production Companies: Ford Films, Little Shadows, Hello Moon, Raven Banner Entertainment

Production Countries: United States of America

Spoken Languages: English",tt29543015,2025-02-22,2025.0,en,['US'],93.0,Released,"['Comedy', 'Horror']",['English'],['United States of America'],,,55.0815,6.188,16,,,"[{'id': 102060, 'name': 'Ford Films', 'origin_country': 'US'}, {'id': 254333, 'name': 'Little Shadows', 'origin_country': 'US'}, {'id': 254334, 'name': 'Hello Moon', 'origin_country': 'US'}, {'id': 25884, 'name': 'Raven Banner Entertainment', 'origin_country': 'CA'}]",,/xuXCPJZjmP2FuGG3U16sI1TYEdR.jpg,/eTuPNfCR3hSUnDKm2zBATP4lJym.jpg,1405742.json,423,63,False,True
1408162,Vishwanath & Sons,விஸ்வநாத் & சன்ஸ்,A celebrated Olympian shooter travels to America looking for a donor to help his sick child — but unexpected romance complicates his search.,,"Title: Vishwanath & Sons

Original Title: விஸ்வநாத் & சன்ஸ்

Overview: A celebrated Olympian shooter travels to America looking for a donor to help his sick child — but unexpected romance complicates his search.

Genres: Drama, Romance, Comedy

Production Companies: Sithara Entertainments, Srikara Studios, Fortune Four Cinemas

Production Countries: India

Spoken Languages: Tamil, Telugu",tt35836025,2026-08-14,2026.0,ta,['IN'],161.0,Released,"['Drama', 'Romance', 'Comedy']","['Tamil', 'Telugu']",['India'],,,58.2145,7.3,29,,,"[{'id': 107352, 'name': 'Sithara Entertainments', 'origin_country': 'IN'}, {'id': 172461, 'name': 'Srikara Studios', 'origin_country': 'IN'}, {'id': 166697, 'name': 'Fortune Four Cinemas', 'origin_country': 'IN'}]",,/mLsvCffzpxxDwC7yVLJSLLjgzoq.jpg,/nfNaAiiILjYRc2CKkId1ZfPTtlh.jpg,1408162.json,390,53,False,True
1408208,Exit 8,８番出口,"A man trapped in an endless sterile subway passageway sets out to find Exit 8. The rules of his quest are simple: do not overlook anything out of the ordinary. If you discover an anomaly, turn back immediately. If you don’t, carry on. Then leave from Exit 8. But even a single oversight will send him back to the beginning. Will he ever reach his goal and escape this infinite corridor?",Turn back.,"Title: Exit 8

Original Title: ８番出口

Tagline: Turn back.

Overview: A man trapped in an endless sterile subway passageway sets out to find Exit 8. The rules of his quest are simple: do not overlook anything out of the ordinary. If you discover an anomaly, turn back immediately. If you don’t, carry on. Then leave from Exit 8. But even a single oversight will send him back to the beginning. Will he ever reach his goal and escape this infinite corridor?

Genres: Mystery, Thriller, Horror

Production Companies: TOHO, AOI Pro., Story, Lawson, Suirinsha, Tohan, Office Nino, Metro Ad Agency

Production Countries: Japan

Spoken Languages: Japanese, English",tt35222590,2025-08-03,2025.0,ja,['JP'],95.0,Released,"['Mystery', 'Thriller', 'Horror']","['Japanese', 'English']",['Japan'],1400000.0,43892680.0,19.6446,7.012,816,,,"[{'id': 882, 'name': 'TOHO', 'origin_country': 'JP'}, {'id': 39804, 'name': 'AOI Pro.', 'origin_country': 'JP'}, {'id': 128616, 'name': 'Story', 'origin_country': 'JP'}, {'id': 11849, 'name': 'Lawson', 'origin_country': 'JP'}, {'id': 270390, 'name': 'Suirinsha', 'origin_country': 'JP'}, {'id': 145105, 'name': 'Tohan', 'origin_country': 'JP'}, {'id': 270391, 'name': 'Office Nino', 'origin_country': 'JP'}, {'id': 270392, 'name': 'Metro Ad Agency', 'origin_country': 'JP'}]",https://www.neonrated.com/film/exit-8,/nQXYTvm6AY4WmtcPskroqC7Skh.jpg,/3cVrg7tzSf5AgEecYWDOSAzXAeX.jpg,1408208.json,656,106,False,True
14160,Up,Up,"Carl Fredricksen spent his entire life dreaming of exploring the globe and experiencing life to its fullest. But at age 78, life seems to have passed him by, until a twist of fate (and a persistent 8-year old Wilderness Explorer named Russell) gives him a new lease on life.",Change is in the air.,"Title: Up

Tagline: Change is in the air.

Overview: Carl Fredricksen spent his entire life dreaming of exploring the globe and experiencing life to its fullest. But at age 78, life seems to have passed him by, until a twist of fate (and a persistent 8-year old Wilderness Explorer named Russell) gives him a new lease on life.

Genres: Animation, Comedy, Family, Adventure

Production Companies: Pixar

Production Countries: United States of America

Spoken Languages: English",tt1049413,2009-05-28,2009.0,en,['US'],96.0,Released,"['Animation', 'Comedy', 'Family', 'Adventure']",['English'],['United States of America'],175000000.0,735103954.0,28.976,7.96,22180,,,"[{'id': 3, 'name': 'Pixar', 'origin_country': 'US'}]",http://disney.go.com/disneypictures/up/,/mFvoEwSfLqbcWwFsDjQebn9bzFe.jpg,/hGGC9gKo7CFE3fW07RA587e5kol.jpg,14160.json,477,75,False,False
1419406,The Shadow's Edge,捕风追影,Macau Police brings the tracking expert police officer out of retirement to help catch a dangerous group of professional thieves.,He's training a new generation of law enforcers for a dangerous mission to save the world from ruthless criminals.,"Title: The Shadow's Edge

Original Title: 捕风追影

Tagline: He's training a new generation of law enforcers for a dangerous mission to save the world from ruthless criminals.

Overview: Macau Police brings the tracking expert police officer out of retirement to help catch a dangerous group of professional thieves.

Genres: Action, Crime, Drama, Thriller

Production Companies: iQIYI Pictures （重复 同 iQiyi Motion Pictures）, Tao Piao Piao 淘票票, Hairun Pictures Company, Dong Fang Chen Xiang

Production Countries: China, Hong Kong

Spoken Languages: Mandarin",tt34610311,2025-08-16,2025.0,zh,"['CN', 'HK']",142.0,Released,"['Action', 'Crime', 'Drama', 'Thriller']",['Mandarin'],"['China', 'Hong Kong']",,174400000.0,73.8006,8.296,1472,,,"[{'id': 122699, 'name': 'iQIYI Pictures （重复 同 iQiyi Motion Pictures）', 'origin_country': 'CN'}, {'id': 197030, 'name': 'Tao Piao Piao 淘票票', 'origin_country': 'CN'}, {'id': 25657, 'name': 'Hairun Pictures Company', 'origin_country': 'CN'}, {'id': 250765, 'name': 'Dong Fang Chen Xiang', 'origin_country': 'CN'}]",,/cHKo3m8N1fwvEy2ZEr0xGmmMODV.jpg,/4BtL2vvEufDXDP4u6xQjjQ1Y2aT.jpg,1419406.json,553,81,False,False
1422011,It Ends,It Ends,"A group of recent grads head out on a late night drive for grub, hoping to enjoy one final hangout before their paths diverge. Instead, they accidentally turn onto a never-ending, two-lane hellscape surrounded by untold horrors and cosmic forces beyond their understanding. Cramped together inside a Jeep Cherokee and with the miles stretching infinitely ahead, they face a choice: embrace their new existence or fight to escape it.",Some wrong turns last forever.,"Title: It Ends

Tagline: Some wrong turns last forever.

Overview: A group of recent grads head out on a late night drive for grub, hoping to enjoy one final hangout before their paths diverge. Instead, they accidentally turn onto a never-ending, two-lane hellscape surrounded by untold horrors and cosmic forces beyond their understanding. Cramped together inside a Jeep Cherokee and with the miles stretching infinitely ahead, they face a choice: embrace their new existence or fight to escape it.

Genres: Horror, Mystery

Production Companies: Snoot Entertainment, Growing Up Dead Films, Above .330

Production Countries: United States of America

Spoken Languages: English",tt35519455,2026-08-21,2026.0,en,['US'],89.0,Released,"['Horror', 'Mystery']",['English'],['United States of America'],80000.0,1139411.0,112.8531,5.5,51,,,"[{'id': 15159, 'name': 'Snoot Entertainment', 'origin_country': 'US'}, {'id': 255049, 'name': 'Growing Up Dead Films', 'origin_country': 'US'}, {'id': 282273, 'name': 'Above .330', 'origin_country': 'US'}]",https://www.neonrated.com/film/it-ends,/6dfAGvZWbJnzWfSZ8gxFj63BNAH.jpg,/9Wf1xwPOycnxvdVnpr6Di381Zf.jpg,1422011.json,677,101,False,False
1423191,Resident Evil,Resident Evil,"Medical courier Bryan unwittingly finds himself fighting for survival as one fateful, horrifying night collapses around him in chaos.",A new era of evil.,"Title: Resident Evil

Tagline: A new era of evil.

Overview: Medical courier Bryan unwittingly finds himself fighting for survival as one fateful, horrifying night collapses around him in chaos.

Genres: Horror, Science Fiction, Adventure

Production Companies: Constantin Film, Subconscious, Vertigo Entertainment, Davis Films, Columbia Pictures, PlayStation Productions, TriStar Pictures

Production Countries: United States of America, Germany, France

Spoken Languages: English",tt35538033,2026-09-16,2026.0,en,['US'],95.0,Released,"['Horror', 'Science Fiction', 'Adventure']",['English'],"['United States of America', 'Germany', 'France']",75000000.0,196476247.0,407.7241,7.3,556,,,"[{'id': 47, 'name': 'Constantin Film', 'origin_country': 'DE'}, {'id': 240675, 'name': 'Subconscious', 'origin_country': 'US'}, {'id': 829, 'name': 'Vertigo Entertainment', 'origin_country': 'US'}, {'id': 342, 'name': 'Davis Films', 'origin_country': 'FR'}, {'id': 5, 'name': 'Columbia Pictures', 'origin_country': 'US'}, {'id': 125281, 'name': 'PlayStation Productions', 'origin_country': 'US'}, {'id': 559, 'name': 'TriStar Pictures', 'origin_country': 'US'}]",https://residentevil.movie,/i7UyjfPio0VFHB9rBUZSFyhOoM8.jpg,/3icyRAqgakNcQn6aDVz9libFmBA.jpg,1423191.json,481,60,False,False
1431068,Main Vaapas Aaunga,मैं वापस आऊंगा,"Haunted by a childhood romance and recollections of love lost during the 1947 Partition of India, 95-year-old Ishar Singh Grewal shares his story with his grandson Nirvair, the past unfolding through memories of migration, longing, and a romance that endures across generations.",A story of love and longing.,"Title: Main Vaapas Aaunga

Original Title: मैं वापस आऊंगा

Tagline: A story of love and longing.

Overview: Haunted by a childhood romance and recollections of love lost during the 1947 Partition of India, 95-year-old Ishar Singh Grewal shares his story with his grandson Nirvair, the past unfolding through memories of migration, longing, and a romance that endures across generations.

Genres: Romance, Drama, Mystery

Production Companies: Applause Entertainment, Window Seat Films, Birla Studios

Production Countries: India

Spoken Languages: Hindi, Urdu, Punjabi",tt37333137,2026-06-11,2026.0,hi,['IN'],167.0,Released,"['Romance', 'Drama', 'Mystery']","['Hindi', 'Urdu', 'Punjabi']",['India'],7300000.0,9300000.0,5.5284,7.2,25,,,"[{'id': 34088, 'name': 'Applause Entertainment', 'origin_country': 'IN'}, {'id': 84618, 'name': 'Window Seat Films', 'origin_country': 'IN'}, {'id': 299032, 'name': 'Birla Studios', 'origin_country': 'IN'}]",,/wHTNsZxvlfRAndc52hGlbdCUXKS.jpg,/bWw9PuPH6vFXlezBoHZ6D9XBhQW.jpg,1431068.json,568,80,False,False
1433583,The Weight,The Weight,"When Samuel is torn from his daughter and sent to a brutal prison, Warden Clancy offers him a high-stakes proposition: smuggle gold out of a remote mine with a dangerous crew of prisoners and he’ll win his freedom.",A tale of good and evil.,"Title: The Weight

Tagline: A tale of good and evil.

Overview: When Samuel is torn from his daughter and sent to a brutal prison, Warden Clancy offers him a high-stakes proposition: smuggle gold out of a remote mine with a dangerous crew of prisoners and he’ll win his freedom.

Genres: Drama, Thriller, Crime

Production Companies: Fields Entertainment, Under the Influence Productions, Augenschein Filmproduktion, Logical Content Ventures, Construction Film

Production Countries: United States of America, Germany, France

Spoken Languages: English",tt10794054,2026-09-16,2026.0,pt,['US'],112.0,Released,"['Drama', 'Thriller', 'Crime']",['English'],"['United States of America', 'Germany', 'France']",,,39.432,6.8,30,,,"[{'id': 25540, 'name': 'Fields Entertainment', 'origin_country': 'US'}, {'id': 98506, 'name': 'Under the Influence Productions', 'origin_country': 'US'}, {'id': 20037, 'name': 'Augenschein Filmproduktion', 'origin_country': 'DE'}, {'id': 209127, 'name': 'Logical Content Ventures', 'origin_country': 'FR'}, {'id': 44225, 'name': 'Construction Film', 'origin_country': 'DE'}]",https://www.vert-ent.com/library/the-weight,/8i5iZV50CoEtmDCFM7RSxCkpE8h.jpg,/zLeq2fbHU6UdA7mhsYnIULORTgq.jpg,1433583.json,552,79,False,True
1439930,The Punisher: One Last Kill,The Punisher: One Last Kill,"As Frank Castle searches for meaning beyond revenge, an unexpected force pulls him back into the fight.",Hey Frank.,"Title: The Punisher: One Last Kill

Tagline: Hey Frank.

Overview: As Frank Castle searches for meaning beyond revenge, an unexpected force pulls him back into the fight.

Genres: Action, Drama, Crime

Production Companies: Marvel Studios, Kevin Feige Productions

Production Countries: United States of America

Spoken Languages: English",tt36042156,2026-05-12,2026.0,en,['US'],51.0,Released,"['Action', 'Drama', 'Crime']",['English'],['United States of America'],,,44.9111,8.3,2273,,,"[{'id': 420, 'name': 'Marvel Studios', 'origin_country': 'US'}, {'id': 176762, 'name': 'Kevin Feige Productions', 'origin_country': 'US'}]",https://www.disneyplus.com/browse/entity-c5b69f75-f159-4749-873d-9a1d1a4eb878,/qQclTgLMDvGBuUBFGHRipxkEwWR.jpg,/qO55CD8tgVL1T4WKn6zYFFiD6lL.jpg,1439930.json,338,47,False,False
1440098,Drawn Together,Enfrentados: Marfil,"Marfil, daughter of a powerful Spanish businessman, sees her life in New York turned upside down when she is kidnapped and released without explanation. Her father hires Sebastian Moore as bodyguard and, forced to spend every minute together, an inevitable attraction ignites in a world where nothing is as it seems.",,"Title: Drawn Together

Original Title: Enfrentados: Marfil

Overview: Marfil, daughter of a powerful Spanish businessman, sees her life in New York turned upside down when she is kidnapped and released without explanation. Her father hires Sebastian Moore as bodyguard and, forced to spend every minute together, an inevitable attraction ignites in a world where nothing is as it seems.

Genres: Romance, Thriller

Collection: A Saga Marfil

Production Companies: Pokeepsie Films

Production Countries: Spain

Spoken Languages: Spanish",tt36073210,2026-09-09,2026.0,es,['ES'],104.0,Released,"['Romance', 'Thriller']",['Spanish'],['Spain'],,,126.7759,6.752,135,1440105.0,A Saga Marfil,"[{'id': 32485, 'name': 'Pokeepsie Films', 'origin_country': 'ES'}]",https://www.amazon.com/gp/video/detail/B0HCHRRR3G,/6rpvddXbaQPOi0fB2HKWbZ3uUSg.jpg,/i65y7cMae36K0giN0GRaMjAHUru.jpg,1440098.json,535,76,False,False
1444454,Diary of a Mad Old Man,Diary of a Mad Old Man,"A seventy year old widow recovers from a stroke in the care of his dysfunctional family. While his body is failing him, his libido still rages on – unwittingly sparked by the attentions of his daughter-in-law, a dancer with a shady past.",,"Title: Diary of a Mad Old Man

Overview: A seventy year old widow recovers from a stroke in the care of his dysfunctional family. While his body is failing him, his libido still rages on – unwittingly sparked by the attentions of his daughter-in-law, a dancer with a shady past.

Genres: Drama

Production Companies: Fourier Films, Melograno Films, Nobu Pictures, Cinetrain, Tannpopo, Berjaya Entertainment Sdn. Bhd.

Production Countries: Japan, Switzerland, United States of America, Malaysia

Spoken Languages: Japanese, Mandarin",tt35705871,2026-09-11,2026.0,ja,"['JP', 'US']",119.0,Released,['Drama'],"['Japanese', 'Mandarin']","['Japan', 'Switzerland', 'United States of America', 'Malaysia']",,,9.942,0.0,0,,,"[{'id': 216453, 'name': 'Fourier Films', 'origin_country': 'JP'}, {'id': 180885, 'name': 'Melograno Films', 'origin_country': 'US'}, {'id': 255539, 'name': 'Nobu Pictures', 'origin_country': 'JP'}, {'id': 181611, 'name': 'Cinetrain', 'origin_country': 'CH'}, {'id': 255538, 'name': 'Tannpopo', 'origin_country': ''}, {'id': 38062, 'name': 'Berjaya Entertainment Sdn. Bhd.', 'origin_country': 'MY'}]",,/7K7LRqyWdSxfPgjfSuSU02DABWq.jpg,/axdB2r0928vZXdcypOr54gBYyPK.jpg,1444454.json,532,79,False,True
1444466,Awarapan 2,आवारापन २,"Shivam returns to the crime world, where his path forward demands redemption, love, and sacrifice. As relationships deepen and conflicts intensify, every choice tests his resolve and shapes his destiny.",From The Shadows To Settle An Old Debt With Death.,"Title: Awarapan 2

Original Title: आवारापन २

Tagline: From The Shadows To Settle An Old Debt With Death.

Overview: Shivam returns to the crime world, where his path forward demands redemption, love, and sacrifice. As relationships deepen and conflicts intensify, every choice tests his resolve and shapes his destiny.

Genres: Action, Drama, Romance

Collection: Awarapan Collection

Production Companies: Vishesh Films

Production Countries: India

Spoken Languages: Hindi",tt36300841,2026-08-14,2026.0,hi,['IN'],142.0,Released,"['Action', 'Drama', 'Romance']",['Hindi'],['India'],5400000.0,14000000.0,12.6642,6.0,1,1726913.0,Awarapan Collection,"[{'id': 3749, 'name': 'Vishesh Films', 'origin_country': 'IN'}]",,/lD3J6zTbWkVtPYuSUuuBwpuKMCO.jpg,/dLw4YK72fW4dF82nnLFDbeXotSX.jpg,1444466.json,475,66,False,False
1446616,Tu Yaa Main,तू या मैं,"A wannabe rapper from the outskirts of Mumbai and an affluent influencer elope to a coastal town, only to find themselves trapped in the pool of a derelict resort fighting for survival against the wrath of a ferocious crocodile.",Like. Share. Survive.,"Title: Tu Yaa Main

Original Title: तू या मैं

Tagline: Like. Share. Survive.

Overview: A wannabe rapper from the outskirts of Mumbai and an affluent influencer elope to a coastal town, only to find themselves trapped in the pool of a derelict resort fighting for survival against the wrath of a ferocious crocodile.

Genres: Thriller, Romance

Production Companies: Colour Yellow Productions

Production Countries: India

Spoken Languages: Hindi",tt36118360,2026-02-11,2026.0,hi,['IN'],145.0,Released,"['Thriller', 'Romance']",['Hindi'],['India'],,,5.8527,6.4,61,,,"[{'id': 93991, 'name': 'Colour Yellow Productions', 'origin_country': 'IN'}]",,/nUPnA0I1MTaZRVCsUQc5DS5JA8W.jpg,/zIOBTZAqGwdKnOb5c6SvzxP7x86.jpg,1446616.json,447,67,False,False
1451944,Lust Stories 3,लस्ट स्टोरीज़ ३,"Through four bite-sized yet emotionally resonant films, the anthology once again explores lust, love, relationships, and repressed desire, offering fresh perspectives on intimacy, longing, and human connection in all their complexity.",,"Title: Lust Stories 3

Original Title: लस्ट स्टोरीज़ ३

Overview: Through four bite-sized yet emotionally resonant films, the anthology once again explores lust, love, relationships, and repressed desire, offering fresh perspectives on intimacy, longing, and human connection in all their complexity.

Genres: Romance, Drama

Collection: Lust Stories Collection

Production Companies: RSVP Movies, Flying Unicorn Entertainment

Production Countries: India

Spoken Languages: Hindi, English, Malayalam, Marathi",tt39667834,2026-09-18,2026.0,hi,['IN'],165.0,Released,"['Romance', 'Drama']","['Hindi', 'English', 'Malayalam', 'Marathi']",['India'],,,32.0044,6.3,7,1136734.0,Lust Stories Collection,"[{'id': 100972, 'name': 'RSVP Movies', 'origin_country': 'IN'}, {'id': 98390, 'name': 'Flying Unicorn Entertainment', 'origin_country': 'IN'}]",https://www.netflix.com/title/81734814,/cLA83DD1qMEBwbRIYXf29RKjMja.jpg,/jRtR4aTq4vmxRg9ah60R5i1kkQ7.jpg,1451944.json,509,64,False,False
1456349,It Was Just an Accident,Un simple accident,An unassuming mechanic is reminded of his time in an Iranian prison when he encounters a man he suspects to be his sadistic jailhouse captor.,,"Title: It Was Just an Accident

Original Title: Un simple accident

Overview: An unassuming mechanic is reminded of his time in an Iranian prison when he encounters a man he suspects to be his sadistic jailhouse captor.

Genres: Drama, Thriller, Crime, Mystery

Production Companies: Jafar Panahi Productions, Les Films Pelléas, Bidibul Productions, Pio & Co, ARTE France Cinéma

Production Countries: Iran, France, Luxembourg

Spoken Languages: Persian, Azerbaijani",tt36491653,2025-10-01,2025.0,fr,['FR'],103.0,Released,"['Drama', 'Thriller', 'Crime', 'Mystery']","['Persian', 'Azerbaijani']","['Iran', 'France', 'Luxembourg']",6000000.0,9602793.0,8.2669,7.2,690,,,"[{'id': 2835, 'name': 'Jafar Panahi Productions', 'origin_country': 'IR'}, {'id': 12389, 'name': 'Les Films Pelléas', 'origin_country': 'FR'}, {'id': 20338, 'name': 'Bidibul Productions', 'origin_country': 'LU'}, {'id': 165898, 'name': 'Pio & Co', 'origin_country': 'FR'}, {'id': 94, 'name': 'ARTE France Cinéma', 'origin_country': 'FR'}]",https://www.neonrated.com/film/it-was-just-an-accident,/eNYGj2DG3n8OrVPTfYunpPW9uas.jpg,/zhoMwQofjgVec5Sin05hWECJtVQ.jpg,1456349.json,466,67,False,False
1465063,Forgotten Island,Forgotten Island,"While celebrating their last night together, high school graduates and best friends Jo and Raissa stumble upon a mysterious portal that transports them to the fantastical island of Nakali. When they discover that the memories of their entire friendship are the price for returning home, Jo and Raissa must race to find a way to leave the island before they forget each other forever.",No memory left behind.,"Title: Forgotten Island

Tagline: No memory left behind.

Overview: While celebrating their last night together, high school graduates and best friends Jo and Raissa stumble upon a mysterious portal that transports them to the fantastical island of Nakali. When they discover that the memories of their entire friendship are the price for returning home, Jo and Raissa must race to find a way to leave the island before they forget each other forever.

Genres: Animation, Adventure, Fantasy, Comedy, Family

Production Companies: DreamWorks Animation

Production Countries: United States of America

Spoken Languages: English, Tagalog",tt36583977,2026-09-10,2026.0,en,['US'],109.0,Released,"['Animation', 'Adventure', 'Fantasy', 'Comedy', 'Family']","['English', 'Tagalog']",['United States of America'],80000000.0,20649000.0,90.4838,8.1,29,,,"[{'id': 521, 'name': 'DreamWorks Animation', 'origin_country': 'US'}]",https://www.forgottenislandmovie.com,/Lr0Ng7Gg02RW1AyfYEL6P0WUvd.jpg,/cNICUho5uiAGkfCAQq1ihyaMla4.jpg,1465063.json,634,93,False,False
1469930,Project Sacrifice,Tumbal Proyek,"While investigating their father’s death inside a major bridge construction company, Yuda and his family attempt to prove that the frequent, deadly workplace accidents are actually human sacrifices.",Kisah nyata perbatasan Surabaya dan Madura.,"Title: Project Sacrifice

Original Title: Tumbal Proyek

Tagline: Kisah nyata perbatasan Surabaya dan Madura.

Overview: While investigating their father’s death inside a major bridge construction company, Yuda and his family attempt to prove that the frequent, deadly workplace accidents are actually human sacrifices.

Genres: Horror, Thriller

Production Companies: Dee Company

Production Countries: Indonesia

Spoken Languages: Indonesian",tt38497679,2026-05-13,2026.0,id,['ID'],106.0,Released,"['Horror', 'Thriller']",['Indonesian'],['Indonesia'],,,101.1757,3.9,6,,,"[{'id': 99376, 'name': 'Dee Company', 'origin_country': 'ID'}]",,/321rzg1B6RRhcuRgsFHjQ7Xl3XX.jpg,/k3Nc57fdRkzleHjodta45mGJV2C.jpg,1469930.json,443,56,False,True
147,The 400 Blows,Les Quatre Cents Coups,"For young Parisian boy Antoine Doinel, life is one difficult situation after another. Surrounded by inconsiderate adults, including his neglectful parents, Antoine spends his days with his best friend, Rene, trying to plan for a better life. When one of their schemes goes awry, Antoine ends up in trouble with the law, leading to even more conflicts with unsympathetic authority figures.",Angel faces hell-bent for violence.,"Title: The 400 Blows

Original Title: Les Quatre Cents Coups

Tagline: Angel faces hell-bent for violence.

Overview: For young Parisian boy Antoine Doinel, life is one difficult situation after another. Surrounded by inconsiderate adults, including his neglectful parents, Antoine spends his days with his best friend, Rene, trying to plan for a better life. When one of their schemes goes awry, Antoine ends up in trouble with the law, leading to even more conflicts with unsympathetic authority figures.

Genres: Drama

Collection: The Adventures of Antoine Doinel Collection

Production Companies: Les Films du Carrosse, Sédif Productions

Production Countries: France

Spoken Languages: English, French",tt0053198,1959-06-03,1959.0,fr,['FR'],99.0,Released,['Drama'],"['English', 'French']",['France'],,,10.3368,8.0,2393,185682.0,The Adventures of Antoine Doinel Collection,"[{'id': 53, 'name': 'Les Films du Carrosse', 'origin_country': 'FR'}, {'id': 10897, 'name': 'Sédif Productions', 'origin_country': 'FR'}]",,/12PuU23kkDLvTd0nb8hMlE3oShB.jpg,/cy7ymUaMEWRoig7LWXpfzaaw2vv.jpg,147.json,707,102,False,False
1477712,Ice Cream Man,Ice Cream Man,An idyllic summer town descends into madness when an ice cream man serves kids sweet delights with horrifying results.,We all scream.,"Title: Ice Cream Man

Tagline: We all scream.

Overview: An idyllic summer town descends into madness when an ice cream man serves kids sweet delights with horrifying results.

Genres: Comedy, Horror, Thriller

Production Companies: The Horror Section, Media Capital Technologies, Head Gear Films, Mass Appeal, Metrol Technology, dentsu, Sixth Dimension

Production Countries: United States of America, United Kingdom, France, Japan

Spoken Languages: English",tt36893729,2026-08-03,2026.0,en,"['US', 'GB']",86.0,Released,"['Comedy', 'Horror', 'Thriller']",['English'],"['United States of America', 'United Kingdom', 'France', 'Japan']",5500000.0,7788193.0,144.9434,4.761,90,,,"[{'id': 258079, 'name': 'The Horror Section', 'origin_country': 'US'}, {'id': 221429, 'name': 'Media Capital Technologies', 'origin_country': 'US'}, {'id': 5056, 'name': 'Head Gear Films', 'origin_country': 'GB'}, {'id': 62657, 'name': 'Mass Appeal', 'origin_country': 'US'}, {'id': 25954, 'name': 'Metrol Technology', 'origin_country': 'GB'}, {'id': 1778, 'name': 'dentsu', 'origin_country': 'JP'}, {'id': 252730, 'name': 'Sixth Dimension', 'origin_country': 'FR'}]",https://www.iconicreleasing.com/events/ice-cream-man/,/lNBxToxHWrzmkqeFnf1XADUTxQq.jpg,/hjF1rzTDR7YvnJUcH2SfP48w492.jpg,1477712.json,459,63,False,False
1481343,The Devil's Mouth,The Devil's Mouth,"A group of college friends' Thailand adventure turns deadly when they become trapped in submerged caves with a dangerous predator. As oxygen runs low, past conflicts emerge in their desperate fight for survival.",Paradise has an appetite.,"Title: The Devil's Mouth

Tagline: Paradise has an appetite.

Overview: A group of college friends' Thailand adventure turns deadly when they become trapped in submerged caves with a dangerous predator. As oxygen runs low, past conflicts emerge in their desperate fight for survival.

Genres: Horror, Thriller

Production Companies: Amazon MGM Studios, Thunder Road, Lionsgate

Production Countries: United States of America

Spoken Languages: English, Thai",tt36958312,2026-07-29,2026.0,en,['US'],106.0,Released,"['Horror', 'Thriller']","['English', 'Thai']",['United States of America'],,,23.9492,6.502,802,,,"[{'id': 210099, 'name': 'Amazon MGM Studios', 'origin_country': 'US'}, {'id': 3528, 'name': 'Thunder Road', 'origin_country': 'US'}, {'id': 1632, 'name': 'Lionsgate', 'origin_country': 'US'}]",https://www.amazon.com/gp/video/detail/B0H13BXS5H,/lH8k9uCWYn2b2gsYleqYBDPbWa8.jpg,/pLyaH6k69OJHnONSmN3R7Peh6HE.jpg,1481343.json,457,64,False,False
1481603,Hold the Fort,Hold the Fort,"A HOA turns out to be more troublesome than usual in this wildly amusing, FX-heavy freak-out about newly minted suburbanites unexpectedly forced to take part in a struggle against monstrous forces.",Neighbours from hell... literally.,"Title: Hold the Fort

Tagline: Neighbours from hell... literally.

Overview: A HOA turns out to be more troublesome than usual in this wildly amusing, FX-heavy freak-out about newly minted suburbanites unexpectedly forced to take part in a struggle against monstrous forces.

Genres: Horror, Comedy

Production Companies: Blue Finch Films

Production Countries: United States of America

Spoken Languages: English",tt29926644,2025-07-16,2025.0,en,['US'],74.0,Released,"['Horror', 'Comedy']",['English'],['United States of America'],,,73.2803,6.2,13,,,"[{'id': 281387, 'name': 'Blue Finch Films', 'origin_country': ''}]",,/fnq6itOtvCXRBjwuq96hkYu0pCX.jpg,/2Czzw6qOeYAWhWnFEx8WSmA0E8F.jpg,1481603.json,413,58,False,False
1482547,Zip Wire,Zip Wire,"When her ground-breaking pharmaceutical discovery is stolen and partner murdered, researcher Amy must face her fear of heights to escape nefarious attackers, with the only path to salvation being a treacherous aerial runway. To outsmart the mysterious hostiles, she has to summon every ounce of courage to protect the world-changing scientific discovery — and herself — before it's too late.",Hold on tight.,"Title: Zip Wire

Tagline: Hold on tight.

Overview: When her ground-breaking pharmaceutical discovery is stolen and partner murdered, researcher Amy must face her fear of heights to escape nefarious attackers, with the only path to salvation being a treacherous aerial runway. To outsmart the mysterious hostiles, she has to summon every ounce of courage to protect the world-changing scientific discovery — and herself — before it's too late.

Genres: Action, Thriller

Production Companies: Scanner-Rhodes Productions, Untitled Entertainment, Reinvent Yellow

Production Countries: Denmark, United States of America, United Kingdom

Spoken Languages: English",tt36980377,2026-08-31,2026.0,en,"['DK', 'US']",95.0,Released,"['Action', 'Thriller']",['English'],"['Denmark', 'United States of America', 'United Kingdom']",,,175.2069,7.3,15,,,"[{'id': 3349, 'name': 'Scanner-Rhodes Productions', 'origin_country': 'GB'}, {'id': 46225, 'name': 'Untitled Entertainment', 'origin_country': 'US'}, {'id': 290125, 'name': 'Reinvent Yellow', 'origin_country': 'DK'}]",,/cO7J0XSVKPlAjUCMWC7DVBn1Py2.jpg,/sbkkAtymJaH5UzExiK974uPzCY4.jpg,1482547.json,660,91,False,True
1483525,Possible Love,가능한 사랑,A laid-off worker and his wife cross paths with a documentary filmmaker and her spouse and confront their hidden desires.,Thou Shalt Not Covet,"Title: Possible Love

Original Title: 가능한 사랑

Tagline: Thou Shalt Not Covet

Overview: A laid-off worker and his wife cross paths with a documentary filmmaker and her spouse and confront their hidden desires.

Genres: Drama

Production Companies: Pinehouse Film, NOWFILM, Anonymous Content

Production Countries: South Korea, United States of America

Spoken Languages: Korean, English",tt37803364,2026-09-23,2026.0,ko,['KR'],165.0,Released,['Drama'],"['Korean', 'English']","['South Korea', 'United States of America']",,,11.6245,9.0,1,,,"[{'id': 6925, 'name': 'Pinehouse Film', 'origin_country': 'KR'}, {'id': 20811, 'name': 'NOWFILM', 'origin_country': 'KR'}, {'id': 10039, 'name': 'Anonymous Content', 'origin_country': 'US'}]",https://www.netflix.com/title/82106490,/dLz9yHeLw4x4sD0WTSNi7HuK2ke.jpg,/kPbyLj2OyjojqvR1jfK1VvXzabg.jpg,1483525.json,385,54,False,False
14836,Coraline,Coraline,"Wandering her rambling old house in her boring new town, 11-year-old Coraline discovers a hidden door to a strangely idealized version of her life. In order to stay in the fantasy, she must make a frighteningly real sacrifice.",Be careful what you wish for.,"Title: Coraline

Tagline: Be careful what you wish for.

Overview: Wandering her rambling old house in her boring new town, 11-year-old Coraline discovers a hidden door to a strangely idealized version of her life. In order to stay in the fantasy, she must make a frighteningly real sacrifice.

Genres: Animation, Family, Fantasy, Horror

Production Companies: LAIKA, Pandemonium

Production Countries: United States of America

Spoken Languages: English",tt0327597,2009-02-05,2009.0,en,['US'],100.0,Released,"['Animation', 'Family', 'Fantasy', 'Horror']",['English'],['United States of America'],60000000.0,185860104.0,41.7974,7.9,9467,,,"[{'id': 11537, 'name': 'LAIKA', 'origin_country': 'US'}, {'id': 8915, 'name': 'Pandemonium', 'origin_country': 'US'}]",https://www.laika.com/our-films/coraline,/4jeFXQYytChdZYE9JYO7Un87IlW.jpg,/hofnlIyF6bePkgQOpcuRWLvzf15.jpg,14836.json,454,66,False,False
1484913,Ikka,Ikka,"With a loved one's life at stake, a celebrated lawyer must defend a man he suspects is guilty — battling his conscience every step of the way.",Some trials don't end in court.,"Title: Ikka

Tagline: Some trials don't end in court.

Overview: With a loved one's life at stake, a celebrated lawyer must defend a man he suspects is guilty — battling his conscience every step of the way.

Genres: Drama, Thriller

Production Companies: Alchemy Films (IN)

Production Countries: India

Spoken Languages: Hindi",tt39632269,2026-07-10,2026.0,hi,['IN'],141.0,Released,"['Drama', 'Thriller']",['Hindi'],['India'],,,4.5443,5.7,21,,,"[{'id': 157794, 'name': 'Alchemy Films (IN)', 'origin_country': ''}]",https://www.netflix.com/title/82134666,/fp5EAKE8nTx402n1fWz55QsuYY9.jpg,/uy16Ktm9blPb1DAoN6h5MwlBJ6V.jpg,1484913.json,328,51,False,True
149,Akira,AKIRA,A secret military project endangers Neo-Tokyo when it turns a biker gang member into a rampaging psychic psychopath that only two teenagers and a group of psychics can stop.,Neo-Tokyo is about to E.X.P.L.O.D.E.,"Title: Akira

Original Title: AKIRA

Tagline: Neo-Tokyo is about to E.X.P.L.O.D.E.

Overview: A secret military project endangers Neo-Tokyo when it turns a biker gang member into a rampaging psychic psychopath that only two teenagers and a group of psychics can stop.

Genres: Animation, Science Fiction, Action

Production Companies: MBS, Sumitomo Corporation, TOHO, Kodansha, Tokyo Movie Shinsha, Bandai, Hakuhodo, LaserDisc Corporation

Production Countries: Japan

Spoken Languages: Japanese",tt0094625,1988-07-16,1988.0,ja,['JP'],124.0,Released,"['Animation', 'Science Fiction', 'Action']",['Japanese'],['Japan'],5700000.0,56725538.0,19.1829,7.94,5032,,,"[{'id': 3363, 'name': 'MBS', 'origin_country': 'JP'}, {'id': 10921, 'name': 'Sumitomo Corporation', 'origin_country': 'JP'}, {'id': 882, 'name': 'TOHO', 'origin_country': 'JP'}, {'id': 59118, 'name': 'Kodansha', 'origin_country': 'JP'}, {'id': 3069, 'name': 'Tokyo Movie Shinsha', 'origin_country': 'JP'}, {'id': 155586, 'name': 'Bandai', 'origin_country': 'JP'}, {'id': 13411, 'name': 'Hakuhodo', 'origin_country': 'JP'}, {'id': 20750, 'name': 'LaserDisc Corporation', 'origin_country': 'JP'}]",,/neZ0ykEsPqxamsX6o5QNUFILQrz.jpg,/fK40VGYIm7hmKrLJ26fgPQU0qRG.jpg,149.json,495,66,False,False
1492640,UNABOMBER,UNABOMBER,"Follow Ted Kaczynski's transformation from Harvard prodigy into the infamous Unabomber. Subjected to controversial psychological experiments by Professor Henry Murray, Kaczynski's troubled past resurfaces decades later when his manhunt, led by FBI agent Joanne Miller, brings to light the chilling consequences of ambition and isolation.","Where brilliance ends, the madness begins.","Title: UNABOMBER

Tagline: Where brilliance ends, the madness begins.

Overview: Follow Ted Kaczynski's transformation from Harvard prodigy into the infamous Unabomber. Subjected to controversial psychological experiments by Professor Henry Murray, Kaczynski's troubled past resurfaces decades later when his manhunt, led by FBI agent Joanne Miller, brings to light the chilling consequences of ambition and isolation.

Genres: Thriller, Drama, Crime

Production Companies: MRC, 2.0 Entertainment

Production Countries: United States of America

Spoken Languages: English",tt6933238,2026-09-25,2026.0,en,['US'],101.0,Released,"['Thriller', 'Drama', 'Crime']",['English'],['United States of America'],,,180.2172,6.99,150,,,"[{'id': 2531, 'name': 'MRC', 'origin_country': 'US'}, {'id': 84792, 'name': '2.0 Entertainment', 'origin_country': 'US'}]",https://www.netflix.com/title/82010386,/39aMkR8Y5vhCG9dTkjiqRl8AVqp.jpg,/58D9nalUYW5L5K0guw7hcpsEJBH.jpg,1492640.json,571,73,False,False
1495,Kingdom of Heaven,Kingdom of Heaven,"After his wife dies, a blacksmith named Balian is thrust into royalty, political intrigue and bloody holy wars during the Crusades.","Be without fear in the face of your enemies. Safeguard the helpless, and do no wrong","Title: Kingdom of Heaven

Tagline: Be without fear in the face of your enemies. Safeguard the helpless, and do no wrong

Overview: After his wife dies, a blacksmith named Balian is thrust into royalty, political intrigue and bloody holy wars during the Crusades.

Genres: Drama, Action, Adventure, History, War

Production Companies: Scott Free Productions, BK, KOH, Reino del Cielo, Inside Track 3, 20th Century Fox, Babelsberg Film

Production Countries: United States of America, United Kingdom, Germany, Spain

Spoken Languages: Arabic, English, Italian, Latin",tt0320661,2005-05-03,2005.0,en,['DE'],144.0,Released,"['Drama', 'Action', 'Adventure', 'History', 'War']","['Arabic', 'English', 'Italian', 'Latin']","['United States of America', 'United Kingdom', 'Germany', 'Spain']",130000000.0,218366336.0,42.8572,7.1,5254,,,"[{'id': 1645, 'name': 'Scott Free Productions', 'origin_country': 'GB'}, {'id': 19478, 'name': 'BK', 'origin_country': 'GB'}, {'id': 19479, 'name': 'KOH', 'origin_country': 'US'}, {'id': 19480, 'name': 'Reino del Cielo', 'origin_country': 'ES'}, {'id': 19482, 'name': 'Inside Track 3', 'origin_country': 'GB'}, {'id': 25, 'name': '20th Century Fox', 'origin_country': 'US'}, {'id': 424, 'name': 'Babelsberg Film', 'origin_country': 'DE'}]",,/rNaBe4TwbMef71sgscqabpGKsxh.jpg,/8itHQecANtOevcCdr3AhVxFCYkw.jpg,1495.json,564,83,False,False
150540,Inside Out,Inside Out,"When 11-year-old Riley moves to a new city, her Emotions team up to help her through the transition. Joy, Fear, Anger, Disgust and Sadness work together, but when Joy and Sadness get lost, they must journey through unfamiliar places to get back home.",Meet the little voices inside your head.,"Title: Inside Out

Tagline: Meet the little voices inside your head.

Overview: When 11-year-old Riley moves to a new city, her Emotions team up to help her through the transition. Joy, Fear, Anger, Disgust and Sadness work together, but when Joy and Sadness get lost, they must journey through unfamiliar places to get back home.

Genres: Animation, Family, Adventure, Drama, Comedy

Collection: Inside Out Collection

Production Companies: Pixar

Production Countries: United States of America

Spoken Languages: English",tt2096673,2015-06-17,2015.0,en,['US'],95.0,Released,"['Animation', 'Family', 'Adventure', 'Drama', 'Comedy']",['English'],['United States of America'],175000000.0,857611174.0,57.7973,7.906,23936,1022790.0,Inside Out Collection,"[{'id': 3, 'name': 'Pixar', 'origin_country': 'US'}]",http://movies.disney.com/inside-out,/2H1TmgdfNtsKlU9jKdeNyYL5y8T.jpg,/jJKZaTBNenlFclQyjrnvzkRmvWE.jpg,150540.json,522,77,False,False
1506560,Clash of the Thundermans,Clash of the Thundermans,"When Chloe develops a destructive new superpower, the Hero League orders her to an elite boarding school for superheroes to learn control of her abilities. Faced with the prospect of sending Chloe away for years, the Thundermans split apart, with Phoebe, Barb and Billy taking her into hiding. Max, Hank, and Nora track their rogue family members, until the two factions face off against each other in a full-on battle for the Thundermans’ future.",This changes everything.,"Title: Clash of the Thundermans

Tagline: This changes everything.

Overview: When Chloe develops a destructive new superpower, the Hero League orders her to an elite boarding school for superheroes to learn control of her abilities. Faced with the prospect of sending Chloe away for years, the Thundermans split apart, with Phoebe, Barb and Billy taking her into hiding. Max, Hank, and Nora track their rogue family members, until the two factions face off against each other in a full-on battle for the Thundermans’ future.

Genres: TV Movie, Family, Action

Collection: The Thundermans Collection

Production Companies: Paramount Television Studios

Production Countries: Canada, United States of America

Spoken Languages: English",tt37752275,2026-09-03,2026.0,en,['US'],72.0,Released,"['TV Movie', 'Family', 'Action']",['English'],"['Canada', 'United States of America']",,,58.8333,6.7,61,1762706.0,The Thundermans Collection,"[{'id': 270146, 'name': 'Paramount Television Studios', 'origin_country': 'US'}]",,/16oqRrWVzQm6qdGfBxvziZ2UiMT.jpg,/hDwl0YMxwGhNe7u8wgHHk2Hyw3W.jpg,1506560.json,734,108,False,True
1511675,Kingdom 5: The Clash of Souls,キングダム 魂の決戦,"Except for the state of Qin, the six rival states join forces to form an allied army led by military adviser Riboku. The allied army then targets Qin. Meanwhile, Shin of Qin jumps into the war that will determine the fate of Qin.",,"Title: Kingdom 5: The Clash of Souls

Original Title: キングダム 魂の決戦

Overview: Except for the state of Qin, the six rival states join forces to form an allied army led by military adviser Riboku. The allied army then targets Qin. Meanwhile, Shin of Qin jumps into the war that will determine the fate of Qin.

Genres: Action, Adventure, War

Collection: Kingdom Collection

Production Companies: TOHO, CREDEUS

Production Countries: Japan

Spoken Languages: Japanese",tt37544379,2026-07-17,2026.0,ja,['JP'],133.0,Released,"['Action', 'Adventure', 'War']",['Japanese'],['Japan'],,,16.7432,8.5,2,982641.0,Kingdom Collection,"[{'id': 882, 'name': 'TOHO', 'origin_country': 'JP'}, {'id': 144464, 'name': 'CREDEUS', 'origin_country': 'JP'}]",https://kingdom-the-movie.jp/,/iSPPbrrkiiT2O8WkLjUL2YafEJw.jpg,/cKLAotXdVF1CSjieKCn1O9CRX2Y.jpg,1511675.json,463,72,False,False
1512084,Baby Do Die Do,Baby Do Die Do,A deaf and mute serial killer in Mumbai can only hear her dead sister's voice as she commits murders for mysterious reasons.,"She'll do it, she'll die, and then she'll do it again.","Title: Baby Do Die Do

Tagline: She'll do it, she'll die, and then she'll do it again.

Overview: A deaf and mute serial killer in Mumbai can only hear her dead sister's voice as she commits murders for mysterious reasons.

Genres: Mystery, Thriller, Crime, Action

Production Companies: Saleem Siblings, Pune-04 Pictures, Elemen3 Entertainment

Production Countries: India

Spoken Languages: Hindi",tt37544992,2026-07-03,2026.0,hi,['IN'],125.0,Released,"['Mystery', 'Thriller', 'Crime', 'Action']",['Hindi'],['India'],,721219.0,10.0197,7.8,2,,,"[{'id': 267782, 'name': 'Saleem Siblings', 'origin_country': ''}, {'id': 299953, 'name': 'Pune-04 Pictures', 'origin_country': ''}, {'id': 166282, 'name': 'Elemen3 Entertainment', 'origin_country': ''}]",,/jvfqp6gMlvHODYnBXoogqRyIs0k.jpg,/l2TgHsg445CPwSGtg30I0GmoFtG.jpg,1512084.json,398,59,False,False
1514026,Buddy,Buddy,"A magical, singing orange unicorn holds his cast hostage in a surreal TV-show dimension, as he becomes more and more demented.",It's Buddy!,"Title: Buddy

Tagline: It's Buddy!

Overview: A magical, singing orange unicorn holds his cast hostage in a surreal TV-show dimension, as he becomes more and more demented.

Genres: Horror, Comedy, Fantasy

Production Companies: BoulderLight Pictures, Low Spark Films, SIPUR, SUBSTANCE

Production Countries: United States of America, Israel

Spoken Languages: English, Spanish",tt37281055,2026-08-27,2026.0,en,['US'],95.0,Released,"['Horror', 'Comedy', 'Fantasy']","['English', 'Spanish']","['United States of America', 'Israel']",3000000.0,26379188.0,39.1543,7.7,67,,,"[{'id': 18609, 'name': 'BoulderLight Pictures', 'origin_country': 'US'}, {'id': 28286, 'name': 'Low Spark Films', 'origin_country': 'US'}, {'id': 188458, 'name': 'SIPUR', 'origin_country': 'IL'}, {'id': 242888, 'name': 'SUBSTANCE', 'origin_country': 'US'}]",https://roadsideattractions.com/filmography/Buddy/,/1BdZbNvl1SfrrX8J9X5tQzN6Ivu.jpg,/ytoLEl5yDaxB8AtZ52uKWjaQ9ql.jpg,1514026.json,377,51,False,False
1514682,Above & Below,Above & Below,A group of friends set off for an unforgettable vacation. What begins as an adventure of partying and diving quickly turns into a nightmare when they are attacked by criminals in open waters.,,"Title: Above & Below

Overview: A group of friends set off for an unforgettable vacation. What begins as an adventure of partying and diving quickly turns into a nightmare when they are attacked by criminals in open waters.

Genres: Thriller, Crime

Production Companies: Capstone Pictures, AF Films, Match Point

Production Countries: United States of America, Spain

Spoken Languages: English",tt37603783,2026-07-29,2026.0,en,"['US', 'ES']",95.0,Released,"['Thriller', 'Crime']",['English'],"['United States of America', 'Spain']",,328837.0,53.6776,6.051,39,,,"[{'id': 154063, 'name': 'Capstone Pictures', 'origin_country': 'US'}, {'id': 210197, 'name': 'AF Films', 'origin_country': 'ES'}, {'id': 304095, 'name': 'Match Point', 'origin_country': ''}]",,/7bOuu1SRALGwsG2fLCTvRkCmQBj.jpg,/lSd6nEnlaeQkswLLUgHC5gyuXyU.jpg,1514682.json,394,59,False,False
1514863,Best of the Best,Best of the Best,"Two childhood besties join UCLA's competitive Bollywood-fusion dance team, only to find the road to the US championships is fiercer than they imagined.",It takes two to take over.,"Title: Best of the Best

Tagline: It takes two to take over.

Overview: Two childhood besties join UCLA's competitive Bollywood-fusion dance team, only to find the road to the US championships is fiercer than they imagined.

Genres: Comedy

Production Companies: 186K Films, Rideback

Production Countries: United States of America

Spoken Languages: English, Hindi",tt16478058,2026-09-18,2026.0,en,['US'],112.0,Released,['Comedy'],"['English', 'Hindi']",['United States of America'],,,34.3415,5.261,66,,,"[{'id': 183717, 'name': '186K Films', 'origin_country': 'US'}, {'id': 118854, 'name': 'Rideback', 'origin_country': 'US'}]",https://www.netflix.com/title/81776971,/9soOjsZ91vtMzypK2F3MC378JI5.jpg,/5m1j7Wibh3HnZq5QHm97v8dI3GH.jpg,1514863.json,365,53,False,False
1516698,The Last Sunrise,The Last Sunrise,"Ry, a college student with a chronic illness, escapes to Mallorca for the summer with her mother, where she unexpectedly falls for a local and begins to embrace living in the moment. But as her condition worsens and long-hidden family secrets come to light, everything she has found before summer's end is threatened.",One summer to feel everything.,"Title: The Last Sunrise

Tagline: One summer to feel everything.

Overview: Ry, a college student with a chronic illness, escapes to Mallorca for the summer with her mother, where she unexpectedly falls for a local and begins to embrace living in the moment. But as her condition worsens and long-hidden family secrets come to light, everything she has found before summer's end is threatened.

Genres: Romance, Drama

Production Companies: Amazon MGM Studios, Ethea Entertainment, Luber-Roklin Entertainment, Pitt Street Productions, Aquarius Films, The Last Sunrise

Production Countries: United States of America, Spain

Spoken Languages: English",tt37654096,2026-08-26,2026.0,en,['US'],107.0,Released,"['Romance', 'Drama']",['English'],"['United States of America', 'Spain']",,,74.4972,6.8,200,,,"[{'id': 210099, 'name': 'Amazon MGM Studios', 'origin_country': 'US'}, {'id': 158529, 'name': 'Ethea Entertainment', 'origin_country': 'US'}, {'id': 220517, 'name': 'Luber-Roklin Entertainment', 'origin_country': 'US'}, {'id': 202263, 'name': 'Pitt Street Productions', 'origin_country': 'US'}, {'id': 308708, 'name': 'Aquarius Films', 'origin_country': 'ES'}, {'id': 308732, 'name': 'The Last Sunrise', 'origin_country': 'US'}]",https://www.amazon.com/dp/B0H8Q1DKGJ,/3PWJqDfygN0YNNjWsDUOXclCp3h.jpg,/zFCWfU2ViMIm38G1W8UsnSpqmWn.jpg,1516698.json,649,94,False,False
1520641,Hunkkaar: The Roar,Hunkkaar: The Roar,,,"Title: Hunkkaar: The Roar

Production Companies: Applause Entertainment, Mangata Films",,,,hi,['IN'],,Planned,[],[],[],,,5.7083,0.0,0,,,"[{'id': 34088, 'name': 'Applause Entertainment', 'origin_country': 'IN'}, {'id': 202342, 'name': 'Mangata Films', 'origin_country': 'IN'}]",,/3ZxKAB6A9D5FyfVOxCWjrykxMNk.jpg,,1520641.json,86,10,False,False
1525963,Debtor’s Wife,채무자의 아내,"Soo-yeong and Hae-soo are college friends stuck in a love tangle: Soo-yeong likes Che-moo, but Che-moo likes Hae-soo. Meanwhile, Hae-soo likes Dae-in, but Dae-in likes Soo-yeong. Despite the mixed-up feelings, they end up in mismatched marriages. Later, Hae-soo wants to have a baby and tries to get closer to her husband, Dae-in. But Dae-in knows he can’t have children, so he secretly makes a surprising proposal to Soo-yeong’s husband, Che-moo.",,"Title: Debtor’s Wife

Original Title: 채무자의 아내

Overview: Soo-yeong and Hae-soo are college friends stuck in a love tangle: Soo-yeong likes Che-moo, but Che-moo likes Hae-soo. Meanwhile, Hae-soo likes Dae-in, but Dae-in likes Soo-yeong. Despite the mixed-up feelings, they end up in mismatched marriages. Later, Hae-soo wants to have a baby and tries to get closer to her husband, Dae-in. But Dae-in knows he can’t have children, so he secretly makes a surprising proposal to Soo-yeong’s husband, Che-moo.

Spoken Languages: Korean",,2024-12-26,2024.0,ko,['KR'],,Released,[],['Korean'],[],,,36.7665,0.0,0,,,[],,/ouXTrnJBimHIhWIUlHARDJH47no.jpg,,1525963.json,530,81,True,True
1529372,Don't Be Shy!,डोंट बी शाय!,"Quintessential Mean Girl, Shyamili ‘Shy’ Das, finds herself suddenly relegated to Loser-ville when Mayank, her boyfriend of three years, suddenly dumps her. But Shy, all set to get her revenge, finds herself falling into friendship and compassion with someone unexpected… Mayank’s new girlfriend - Tara.",,"Title: Don't Be Shy!

Original Title: डोंट बी शाय!

Overview: Quintessential Mean Girl, Shyamili ‘Shy’ Das, finds herself suddenly relegated to Loser-ville when Mayank, her boyfriend of three years, suddenly dumps her. But Shy, all set to get her revenge, finds herself falling into friendship and compassion with someone unexpected… Mayank’s new girlfriend - Tara.

Genres: Romance, Comedy

Production Companies: Eternal Sunshine Productions, Chalkboard Entertainment

Production Countries: India, United States of America

Spoken Languages: Hindi, English",tt39528902,2026-09-25,2026.0,hi,['IN'],149.0,Released,"['Romance', 'Comedy']","['Hindi', 'English']","['India', 'United States of America']",,,12.2706,7.0,1,,,"[{'id': 93864, 'name': 'Eternal Sunshine Productions', 'origin_country': 'IN'}, {'id': 175199, 'name': 'Chalkboard Entertainment', 'origin_country': 'IN'}]",,/lBeDq7KmZaQNnnIXgExCAmfLMqT.jpg,/xnGBwwD9QjeQeRKzDEVp0cNAEFe.jpg,1529372.json,557,76,False,True
1530941,Gintama the Movie 2026: Yoshiwara in Flames,新劇場版 銀魂 -吉原大炎上-,"Upon meeting a young boy named Seita who makes a living as a pickpocket, Gintoki discovers that he is pickpocketing out of a desire to meet his long-lost mother, Hinowa, Yoshiwara's number one courtesan. Gintoki and his friends venture to Yoshiwara to fulfill Seita's wish, but standing in their way is Housen, the Night King who rules Yoshiwara.",,"Title: Gintama the Movie 2026: Yoshiwara in Flames

Original Title: 新劇場版 銀魂 -吉原大炎上-

Overview: Upon meeting a young boy named Seita who makes a living as a pickpocket, Gintoki discovers that he is pickpocketing out of a desire to meet his long-lost mother, Hinowa, Yoshiwara's number one courtesan. Gintoki and his friends venture to Yoshiwara to fulfill Seita's wish, but standing in their way is Housen, the Night King who rules Yoshiwara.

Genres: Animation, Action, Science Fiction, Comedy

Collection: Gintama Collection

Production Companies: Warner Bros. Japan, BN Pictures

Production Countries: Japan

Spoken Languages: Japanese, French, German",tt37931873,2026-02-13,2026.0,ja,['JP'],,Released,"['Animation', 'Action', 'Science Fiction', 'Comedy']","['Japanese', 'French', 'German']",['Japan'],,,11.544,9.0,21,713969.0,Gintama Collection,"[{'id': 3627, 'name': 'Warner Bros. Japan', 'origin_country': 'JP'}, {'id': 74440, 'name': 'BN Pictures', 'origin_country': 'JP'}]",,/ih3mFlEZzsN9uQT7P4Zvaq4GkSm.jpg,/8qSFFK9AcMl2Ecp249f5J3Nr8MK.jpg,1530941.json,653,96,False,False
1538457,Meesaya Murukku 2,மீசைய முருக்கு 2,"After facing rejection in love and getting into a fight, Jeeva learns about his father Siva's struggles and sacrifices. Inspired by his grandfather's legacy and father's dedication, Jeeva changes his outlook and works hard toward his musical dream. Through determination and perseverance, Jeeva earns recognition in the music industry and brings pride to his family.",,"Title: Meesaya Murukku 2

Original Title: மீசைய முருக்கு 2

Overview: After facing rejection in love and getting into a fight, Jeeva learns about his father Siva's struggles and sacrifices. Inspired by his grandfather's legacy and father's dedication, Jeeva changes his outlook and works hard toward his musical dream. Through determination and perseverance, Jeeva earns recognition in the music industry and brings pride to his family.

Genres: Comedy, Romance, Drama

Collection: Meesaya Murukku Collection

Production Companies: Avni Cinemax

Production Countries: India

Spoken Languages: Tamil",tt38097205,2026-09-25,2026.0,ta,['IN'],138.0,Released,"['Comedy', 'Romance', 'Drama']",['Tamil'],['India'],,,85.6501,0.0,0,1654897.0,Meesaya Murukku Collection,"[{'id': 11852, 'name': 'Avni Cinemax', 'origin_country': 'IN'}]",,/qD1QwmInB9ezd2peVb5EbhaM4Mo.jpg,/8iG6naruSFn4CuSWB01F0JuImCc.jpg,1538457.json,598,83,False,False
1539104,JUJUTSU KAISEN: Execution,劇場版 呪術廻戦「渋谷事変 特別編集版」×「死滅回游 先行上映」,"A veil abruptly descends over the busy Shibuya area amid the bustling Halloween crowds, trapping countless civilians inside. Satoru Gojo, the strongest jujutsu sorcerer, steps into the chaos. But lying in wait are curse users and spirits scheming to seal him away. Yuji Itadori, accompanied by his classmates and other top-tier jujutsu sorcerers, enters the fray in an unprecedented clash of curses — the Shibuya Incident. In the aftermath, ten colonies across Japan are transformed into dens of curses in a plan orchestrated by Noritoshi Kamo. As the deadly Culling Game starts, Special Grade sorcerer Yuta Okkotsu is assigned to carry out Yuji's execution for his perceived crimes. A compilation movie of Shibuya Incident including the first two episodes of the Culling Games arc.",,"Title: JUJUTSU KAISEN: Execution

Original Title: 劇場版 呪術廻戦「渋谷事変 特別編集版」×「死滅回游 先行上映」

Overview: A veil abruptly descends over the busy Shibuya area amid the bustling Halloween crowds, trapping countless civilians inside. Satoru Gojo, the strongest jujutsu sorcerer, steps into the chaos. But lying in wait are curse users and spirits scheming to seal him away. Yuji Itadori, accompanied by his classmates and other top-tier jujutsu sorcerers, enters the fray in an unprecedented clash of curses — the Shibuya Incident. In the aftermath, ten colonies across Japan are transformed into dens of curses in a plan orchestrated by Noritoshi Kamo. As the deadly Culling Game starts, Special Grade sorcerer Yuta Okkotsu is assigned to carry out Yuji's execution for his perceived crimes. A compilation movie of Shibuya Incident including the first two episodes of the Culling Games arc.

Genres: Animation, Action, Fantasy

Collection: Jujutsu Kaisen Collection

Production Companies: MAPPA, TOHO, MBS, Shueisha, Sumzap

Production Countries: Japan

Spoken Languages: Japanese",tt38121182,2025-11-07,2025.0,ja,['JP'],88.0,Released,"['Animation', 'Action', 'Fantasy']",['Japanese'],['Japan'],,44457030.0,16.3117,6.1,119,1529614.0,Jujutsu Kaisen Collection,"[{'id': 21444, 'name': 'MAPPA', 'origin_country': 'JP'}, {'id': 882, 'name': 'TOHO', 'origin_country': 'JP'}, {'id': 3363, 'name': 'MBS', 'origin_country': 'JP'}, {'id': 2918, 'name': 'Shueisha', 'origin_country': 'JP'}, {'id': 158200, 'name': 'Sumzap', 'origin_country': 'JP'}]",https://gkids.com/films/jujutsu-kaisen-execution,/v0s3dx6am0RzfsuK3KdEy8ZoCDs.jpg,/gtKglOSEq3d4MgQE4VsrT1sRkd0.jpg,1539104.json,1066,156,False,True
1542261,Doraemon the Movie: New Nobita and the Castle of the Undersea Devil,映画ドラえもん 新・のび太の海底鬼岩城,"Nobita and friends finds a secret underwater castle packed with mysteries and riches. With Doraemon's high-tech gadgets, they dive into an ocean adventure mixing humor, teamwork, and imagination in a breathtaking aquatic world.",,"Title: Doraemon the Movie: New Nobita and the Castle of the Undersea Devil

Original Title: 映画ドラえもん 新・のび太の海底鬼岩城

Overview: Nobita and friends finds a secret underwater castle packed with mysteries and riches. With Doraemon's high-tech gadgets, they dive into an ocean adventure mixing humor, teamwork, and imagination in a breathtaking aquatic world.

Genres: Animation, Adventure, Fantasy, Family

Collection: Doraemon Movies

Production Companies: TOHO, Fujiko Productions, Shogakukan, TV Asahi, Shin-Ei Animation, ADK, Shogakukan-Shueisha Productions

Production Countries: Japan

Spoken Languages: Japanese",tt38201958,2026-02-27,2026.0,ja,['JP'],102.0,Released,"['Animation', 'Adventure', 'Fantasy', 'Family']",['Japanese'],['Japan'],,27260879.0,10.8692,7.1,11,148065.0,Doraemon Movies,"[{'id': 882, 'name': 'TOHO', 'origin_country': 'JP'}, {'id': 15329, 'name': 'Fujiko Productions', 'origin_country': 'JP'}, {'id': 9149, 'name': 'Shogakukan', 'origin_country': 'JP'}, {'id': 9300, 'name': 'TV Asahi', 'origin_country': 'JP'}, {'id': 5141, 'name': 'Shin-Ei Animation', 'origin_country': 'JP'}, {'id': 4720, 'name': 'ADK', 'origin_country': 'JP'}, {'id': 12655, 'name': 'Shogakukan-Shueisha Productions', 'origin_country': 'JP'}]",,/gdllrWFb9ffvGkCDQAflrdnTaAg.jpg,/pxd9rc03EMMln3tVFdfd427Fpsi.jpg,1542261.json,610,78,False,False
1545621,Detective Conan: Fallen Angel of the Highway,名探偵コナン ハイウェイの堕天使,"When a string of deadly highway incidents begin, Conan Edogawa's investigations point towards an orchestrated plot rather than mere accidents. As he uncovers a conspiracy involving hidden identities and advanced technology, the case escalates into a high-speed race against time to stop a calculating mastermind before more lives are lost.",The goddess of the wind vs the fallen angel,"Title: Detective Conan: Fallen Angel of the Highway

Original Title: 名探偵コナン ハイウェイの堕天使

Tagline: The goddess of the wind vs the fallen angel

Overview: When a string of deadly highway incidents begin, Conan Edogawa's investigations point towards an orchestrated plot rather than mere accidents. As he uncovers a conspiracy involving hidden identities and advanced technology, the case escalates into a high-speed race against time to stop a calculating mastermind before more lives are lost.

Genres: Action, Animation, Mystery, Crime

Collection: Detective Conan Collection

Production Companies: TMS Entertainment, TOHO, Nippon Television Network Corporation, Shogakukan, Yomiuri Telecasting Corporation, Shogakukan-Shueisha Productions

Production Countries: Japan

Spoken Languages: Japanese",tt39123115,2026-04-10,2026.0,ja,['JP'],109.0,Released,"['Action', 'Animation', 'Mystery', 'Crime']",['Japanese'],['Japan'],,,18.8317,7.4,21,39199.0,Detective Conan Collection,"[{'id': 7164, 'name': 'TMS Entertainment', 'origin_country': 'JP'}, {'id': 882, 'name': 'TOHO', 'origin_country': 'JP'}, {'id': 6755, 'name': 'Nippon Television Network Corporation', 'origin_country': 'JP'}, {'id': 9149, 'name': 'Shogakukan', 'origin_country': 'JP'}, {'id': 11727, 'name': 'Yomiuri Telecasting Corporation', 'origin_country': 'JP'}, {'id': 12655, 'name': 'Shogakukan-Shueisha Productions', 'origin_country': 'JP'}]",,/vvOk7a7k7Sp6UdHcqV4baRlK6CC.jpg,/zT5S4GNs8Eu2gIkGORoN6yC1uE2.jpg,1545621.json,794,103,False,False
155,The Dark Knight,The Dark Knight,"Batman raises the stakes in his war on crime. With the help of Lt. Jim Gordon and District Attorney Harvey Dent, Batman sets out to dismantle the remaining criminal organizations that plague the streets. The partnership proves to be effective, but they soon find themselves prey to a reign of chaos unleashed by a rising criminal mastermind known to the terrified citizens of Gotham as the Joker.",Some men just want to watch the world burn.,"Title: The Dark Knight

Tagline: Some men just want to watch the world burn.

Overview: Batman raises the stakes in his war on crime. With the help of Lt. Jim Gordon and District Attorney Harvey Dent, Batman sets out to dismantle the remaining criminal organizations that plague the streets. The partnership proves to be effective, but they soon find themselves prey to a reign of chaos unleashed by a rising criminal mastermind known to the terrified citizens of Gotham as the Joker.

Genres: Action, Thriller, Crime

Collection: The Dark Knight Collection

Production Companies: Warner Bros. Pictures, Legendary Pictures, Syncopy, DC

Production Countries: United Kingdom, United States of America

Spoken Languages: English, Mandarin",tt0468569,2008-07-16,2008.0,en,['US'],152.0,Released,"['Action', 'Thriller', 'Crime']","['English', 'Mandarin']","['United Kingdom', 'United States of America']",185000000.0,1004558444.0,60.4279,8.536,36832,263.0,The Dark Knight Collection,"[{'id': 174, 'name': 'Warner Bros. Pictures', 'origin_country': 'US'}, {'id': 923, 'name': 'Legendary Pictures', 'origin_country': 'US'}, {'id': 9996, 'name': 'Syncopy', 'origin_country': 'GB'}, {'id': 429, 'name': 'DC', 'origin_country': 'US'}]",https://www.warnerbros.com/movies/dark-knight/,/qJ2tW6WMUDux911r6m7haRef0WH.jpg,/9FE5eD92WfVCiivM9Pq9GVSrlWk.jpg,155.json,736,112,False,False
1554131,Boss 2,Boss 2,,,"Title: Boss 2

Genres: Action, Comedy, Romance

Collection: Boss Collection

Production Companies: Yash Raj Films, Cape of Good Films

Production Countries: India

Spoken Languages: Hindi",tt33308934,2027-03-26,2027.0,hi,['IN'],,In Production,"['Action', 'Comedy', 'Romance']",['Hindi'],['India'],,,4.4557,0.0,0,1235834.0,Boss Collection,"[{'id': 1569, 'name': 'Yash Raj Films', 'origin_country': 'IN'}, {'id': 35063, 'name': 'Cape of Good Films', 'origin_country': 'IN'}]",,,,1554131.json,187,25,False,False
1560520,Batman: Knightfall Part 1: Knightfall,Batman: Knightfall Part 1: Knightfall,"Arkham Asylum has been destroyed, and all its inmates have been unleashed upon Gotham City. As Batman races to round up some of his greatest enemies, he is pushed to his physical and mental limits and into a final confrontation with a new threat: the man called Bane!",,"Title: Batman: Knightfall Part 1: Knightfall

Overview: Arkham Asylum has been destroyed, and all its inmates have been unleashed upon Gotham City. As Batman races to round up some of his greatest enemies, he is pushed to his physical and mental limits and into a final confrontation with a new threat: the man called Bane!

Genres: Animation, Action, Adventure, Drama

Collection: Batman: Knightfall Collection

Production Companies: Warner Bros. Animation, DC

Production Countries: United States of America

Spoken Languages: English, Spanish",tt32333324,2026-06-23,2026.0,en,['US'],79.0,Released,"['Animation', 'Action', 'Adventure', 'Drama']","['English', 'Spanish']",['United States of America'],,,62.9897,9.152,394,1560779.0,Batman: Knightfall Collection,"[{'id': 2785, 'name': 'Warner Bros. Animation', 'origin_country': 'US'}, {'id': 429, 'name': 'DC', 'origin_country': 'US'}]",https://www.warnerbros.com/movies/batman-knightfall-part-1-knightfall,/360qdtu2hLnqMu8SVHMywn420w1.jpg,/caBIySpwuFi2i7ynvHIlnxJLOdN.jpg,1560520.json,545,80,False,False
1564614,Leviticus,Leviticus,Two teenage boys must escape a violent entity that takes the form of the person they desire most:  each other.,It will never stop.,"Title: Leviticus

Tagline: It will never stop.

Overview: Two teenage boys must escape a violent entity that takes the form of the person they desire most:  each other.

Genres: Horror, Romance

Production Companies: Causeway Films, Salmira Productions, Screen Australia, VicScreen, Arenamedia, Lazy Susan Films

Production Countries: Australia, United States of America

Spoken Languages: English",tt39143902,2026-06-17,2026.0,en,['AU'],88.0,Released,"['Horror', 'Romance']",['English'],"['Australia', 'United States of America']",3500000.0,8493480.0,26.9652,6.771,531,,,"[{'id': 32301, 'name': 'Causeway Films', 'origin_country': 'AU'}, {'id': 150239, 'name': 'Salmira Productions', 'origin_country': 'US'}, {'id': 7584, 'name': 'Screen Australia', 'origin_country': 'AU'}, {'id': 204763, 'name': 'VicScreen', 'origin_country': 'AU'}, {'id': 15780, 'name': 'Arenamedia', 'origin_country': 'AU'}, {'id': 159883, 'name': 'Lazy Susan Films', 'origin_country': 'AU'}]",https://www.neonrated.com/film/leviticus,/gnAsZvBygplNpp8PtjoTEYv3VPB.jpg,/7y8zWGEjs7tresw4Hzkkf4TdkcL.jpg,1564614.json,397,54,False,False
1569292,Monster,Monster,,,"Title: Monster

Genres: Action, Drama

Production Companies: Sri Venkateswara Creations

Production Countries: India

Spoken Languages: Hindi",tt39089126,2027-03-05,2027.0,hi,['IN'],,In Production,"['Action', 'Drama']",['Hindi'],['India'],,,5.5555,0.0,0,,,"[{'id': 14464, 'name': 'Sri Venkateswara Creations', 'origin_country': 'IN'}]",,,,1569292.json,141,16,False,False
157336,Interstellar,Interstellar,The adventures of a group of explorers who make use of a newly discovered wormhole to surpass the limitations on human space travel and conquer the vast distances involved in an interstellar voyage.,Mankind was born on Earth. It was never meant to die here.,"Title: Interstellar

Tagline: Mankind was born on Earth. It was never meant to die here.

Overview: The adventures of a group of explorers who make use of a newly discovered wormhole to surpass the limitations on human space travel and conquer the vast distances involved in an interstellar voyage.

Genres: Adventure, Drama, Science Fiction

Production Companies: Legendary Pictures, Syncopy, Lynda Obst Productions

Production Countries: United Kingdom, United States of America

Spoken Languages: English",tt0816692,2014-11-05,2014.0,en,['US'],169.0,Released,"['Adventure', 'Drama', 'Science Fiction']",['English'],"['United Kingdom', 'United States of America']",165000000.0,746606706.0,72.2078,8.489,41294,,,"[{'id': 923, 'name': 'Legendary Pictures', 'origin_country': 'US'}, {'id': 9996, 'name': 'Syncopy', 'origin_country': 'GB'}, {'id': 13769, 'name': 'Lynda Obst Productions', 'origin_country': 'US'}]",http://www.interstellarmovie.net/,/yQvGrMoipbRoddT0ZR8tPoR7NfX.jpg,/8sNiAPPYU14PUepFNeSNGUTiHW.jpg,157336.json,507,73,False,False
1575337,Cosmic Princess Kaguya!,超かぐや姫！,"Iroha's life gets knocked off its orbit when Kaguya, a carefree runaway from the Moon, moves in and convinces her to perform in a virtual world together.",Are you Princess Kaguya?,"Title: Cosmic Princess Kaguya!

Original Title: 超かぐや姫！

Tagline: Are you Princess Kaguya?

Overview: Iroha's life gets knocked off its orbit when Kaguya, a carefree runaway from the Moon, moves in and convinces her to perform in a virtual world together.

Genres: Animation, Fantasy, Music, Science Fiction

Production Companies: Studio Colorido, Studio Chromato, Twin Engine

Production Countries: Japan

Spoken Languages: Japanese",tt38872297,2026-01-22,2026.0,ja,['JP'],141.0,Released,"['Animation', 'Fantasy', 'Music', 'Science Fiction']",['Japanese'],['Japan'],,19000000.0,13.6232,8.1,116,,,"[{'id': 20556, 'name': 'Studio Colorido', 'origin_country': 'JP'}, {'id': 279500, 'name': 'Studio Chromato', 'origin_country': 'JP'}, {'id': 120469, 'name': 'Twin Engine', 'origin_country': 'JP'}]",https://www.netflix.com/title/81756595,/9I9cM38gecZcwJ0C6r0cwfvtPJP.jpg,/1jdPUUSy37Wzw3xuc8otI86X2gv.jpg,1575337.json,432,60,False,False
1576,Resident Evil,Resident Evil,"When a virus leaks from a top-secret facility, turning all resident researchers into ravenous zombies and their lab animals into mutated hounds from hell, the government sends in an elite military task force to contain the outbreak.",A secret experiment. A deadly virus. A fatal mistake.,"Title: Resident Evil

Tagline: A secret experiment. A deadly virus. A fatal mistake.

Overview: When a virus leaks from a top-secret facility, turning all resident researchers into ravenous zombies and their lab animals into mutated hounds from hell, the government sends in an elite military task force to contain the outbreak.

Genres: Horror, Action, Science Fiction

Collection: Resident Evil Collection

Production Companies: Impact Pictures, Davis Films, New Legacy Film, Constantin Film

Production Countries: Canada, France, Germany, United Kingdom

Spoken Languages: English",tt0120804,2002-03-15,2002.0,en,['US'],100.0,Released,"['Horror', 'Action', 'Science Fiction']",['English'],"['Canada', 'France', 'Germany', 'United Kingdom']",33000000.0,102984862.0,24.3151,6.7,7191,17255.0,Resident Evil Collection,"[{'id': 248, 'name': 'Impact Pictures', 'origin_country': 'GB'}, {'id': 342, 'name': 'Davis Films', 'origin_country': 'FR'}, {'id': 939, 'name': 'New Legacy Film', 'origin_country': 'GB'}, {'id': 47, 'name': 'Constantin Film', 'origin_country': 'DE'}]",https://www.sonypictures.com/movies/residentevil,/1UKNef590A0ZaMnxsscIcWuK1Em.jpg,/l5KvxFVOru3Qyf3dl2asNw5g1MD.jpg,1576.json,583,81,False,False
1580190,The Scavenger,除暴之路,"When his aspiring-celebrity sister becomes trapped in a criminal scheme within an entertainment company, a devoted brother teams up with local police to uncover the truth and take down the powerful underworld behind it.",,"Title: The Scavenger

Original Title: 除暴之路

Overview: When his aspiring-celebrity sister becomes trapped in a criminal scheme within an entertainment company, a devoted brother teams up with local police to uncover the truth and take down the powerful underworld behind it.

Genres: Drama, Crime

Production Companies: iQIYI

Production Countries: China

Spoken Languages: Mandarin",,2026-09-23,2026.0,zh,['CN'],90.0,Released,"['Drama', 'Crime']",['Mandarin'],['China'],,,105.6554,2.0,1,,,"[{'id': 172414, 'name': 'iQIYI', 'origin_country': 'CN'}]",,/oaZbbcJUKgw95EGIT7VTPLEzuB3.jpg,/yiUUnJ1vIFGWITzolQioaRVII7m.jpg,1580190.json,381,53,False,False
1582770,Dhurandhar: The Revenge,धुरंधर: द रिवेंज,"As rival gangs, corrupt officials and a ruthless Major Iqbal close in, Hamza's mission for his country spirals into a bloody personal war where the line between patriot and monster disappears in the streets of Lyari.",The story of the unknown men unfolds.,"Title: Dhurandhar: The Revenge

Original Title: धुरंधर: द रिवेंज

Tagline: The story of the unknown men unfolds.

Overview: As rival gangs, corrupt officials and a ruthless Major Iqbal close in, Hamza's mission for his country spirals into a bloody personal war where the line between patriot and monster disappears in the streets of Lyari.

Genres: Action, Crime, Thriller

Collection: Dhurandhar Collection

Production Companies: Jio Studios, B62 Studios

Production Countries: India

Spoken Languages: Hindi, Punjabi",tt39139925,2026-03-18,2026.0,hi,['IN'],235.0,Released,"['Action', 'Crime', 'Thriller']","['Hindi', 'Punjabi']",['India'],14330000.0,152900759.0,9.6106,7.3,162,1628043.0,Dhurandhar Collection,"[{'id': 115477, 'name': 'Jio Studios', 'origin_country': 'IN'}, {'id': 212774, 'name': 'B62 Studios', 'origin_country': 'IN'}]",,/ov8vrRLZGoXHpYjSY9Vpv1tHJX7.jpg,/br4Ra4dRpvR0R7a1zPPkOwGkcky.jpg,1582770.json,519,74,False,False
1594914,Lucky Strike,Lucky Strike,"A wounded American soldier fights to survive behind enemy lines during WWII's Battle of the Bulge against the Germans, relying on his instinct, spy craft and a hand-radio to evade capture and find his way back to his unit.",One man's fight to survive.,"Title: Lucky Strike

Tagline: One man's fight to survive.

Overview: A wounded American soldier fights to survive behind enemy lines during WWII's Battle of the Bulge against the Germans, relying on his instinct, spy craft and a hand-radio to evade capture and find his way back to his unit.

Genres: Action, War

Production Companies: Perfection Hunter Productions, Millennium Media, BondIt Media Capital

Production Countries: United States of America

Spoken Languages: English",tt19035928,2026-06-26,2026.0,en,['US'],102.0,Released,"['Action', 'War']",['English'],['United States of America'],10000000.0,803112.0,54.2891,6.806,50,,,"[{'id': 137004, 'name': 'Perfection Hunter Productions', 'origin_country': 'US'}, {'id': 1020, 'name': 'Millennium Media', 'origin_country': 'US'}, {'id': 121204, 'name': 'BondIt Media Capital', 'origin_country': 'US'}]",https://empire-ent.africa/movie/lucky-strike/,/7AEBdyGYXumXWmMFeynE8227KeZ.jpg,/1ebY06Gc1eUZcCoO7IoD4tWCFxm.jpg,1594914.json,480,71,False,False
1598766,Crayon Shin-chan the Movie: Very Bizarre! My Yokai Vacation,クレヨンしんちゃん 奇々怪々！オラの妖怪バケ～ション,"Shin-chan and his family visit his father's home town of Akita in order to view the Omagari Fireworks Festival. When a strange incident to causes the residents of “Yokai Land” to begin running wild throughout Akita and the rest of Japan, Shin-chan and company are lured to “Yokai Land” for an unusual adventure.",,"Title: Crayon Shin-chan the Movie: Very Bizarre! My Yokai Vacation

Original Title: クレヨンしんちゃん 奇々怪々！オラの妖怪バケ～ション

Overview: Shin-chan and his family visit his father's home town of Akita in order to view the Omagari Fireworks Festival. When a strange incident to causes the residents of “Yokai Land” to begin running wild throughout Akita and the rest of Japan, Shin-chan and company are lured to “Yokai Land” for an unusual adventure.

Genres: Adventure, Animation, Comedy

Collection: Crayon Shin-chan Collection

Production Companies: TOHO, Shin-Ei Animation, Futabasha, TV Asahi, ADK Emotions

Production Countries: Japan

Spoken Languages: Japanese",tt41293342,2026-07-31,2026.0,ja,['JP'],,Released,"['Adventure', 'Animation', 'Comedy']",['Japanese'],['Japan'],,,24.7531,0.0,0,117354.0,Crayon Shin-chan Collection,"[{'id': 882, 'name': 'TOHO', 'origin_country': 'JP'}, {'id': 5141, 'name': 'Shin-Ei Animation', 'origin_country': 'JP'}, {'id': 62866, 'name': 'Futabasha', 'origin_country': 'JP'}, {'id': 9300, 'name': 'TV Asahi', 'origin_country': 'JP'}, {'id': 173235, 'name': 'ADK Emotions', 'origin_country': 'JP'}]",,/15iwqqJVgFfeFh4Y1f8gg9yi2Fw.jpg,/3TwUt1vUmbPaUMJSm7luCbDABTB.jpg,1598766.json,651,92,False,True
1599993,Animals,Animales,"Four couples sail the thin line between desire and search for authenticity, in a world where truth is as fragile as their relationships.",Hay puertas que no se deben abrir.,"Title: Animals

Original Title: Animales

Tagline: Hay puertas que no se deben abrir.

Overview: Four couples sail the thin line between desire and search for authenticity, in a world where truth is as fragile as their relationships.

Genres: Comedy, Thriller

Production Companies: Star Distribution

Production Countries: Dominican Republic

Spoken Languages: Spanish",tt34224947,2026-02-05,2026.0,es,['DO'],,Released,"['Comedy', 'Thriller']",['Spanish'],['Dominican Republic'],,,73.9465,6.3,50,,,"[{'id': 143363, 'name': 'Star Distribution', 'origin_country': ''}]",,/9fbZdiOI9fRinl44mNm3CYgEtYR.jpg,/3jgATRIFenOrgNKEC9bFv5QqKGf.jpg,1599993.json,369,51,False,False
1607127,One Last Shot,One Last Shot,"Navy Seal Jake Harris must stop a team of mercenaries, led by his disillusioned former comrade, from disabling the US missile defense network.",One last traitor. One last mission. One last fight.,"Title: One Last Shot

Tagline: One last traitor. One last mission. One last fight.

Overview: Navy Seal Jake Harris must stop a team of mercenaries, led by his disillusioned former comrade, from disabling the US missile defense network.

Genres: Action, Thriller

Collection: One Shot Collection

Production Companies: Signature Films, Sky Cinema, Taurus Film, Destination Films

Production Countries: United Kingdom

Spoken Languages: English",tt37971717,2026-09-22,2026.0,en,['US'],98.0,Released,"['Action', 'Thriller']",['English'],['United Kingdom'],,,182.4947,7.667,60,1214316.0,One Shot Collection,"[{'id': 122034, 'name': 'Signature Films', 'origin_country': 'GB'}, {'id': 217564, 'name': 'Sky Cinema', 'origin_country': 'GB'}, {'id': 20555, 'name': 'Taurus Film', 'origin_country': 'DE'}, {'id': 769, 'name': 'Destination Films', 'origin_country': 'US'}]",https://signature-entertainment.co.uk/production/titles/one-last-shot,/niQ4NBh2jqAf1hDZP5m6ReWFAb7.jpg,/8giIQcHpxgsPVP6c7aQtHl3txuh.jpg,1607127.json,443,62,False,False
1608457,누나 친구 4,누나 친구 4,,,"Title: 누나 친구 4

Genres: Romance

Production Companies: (주)영화사 가을

Production Countries: South Korea

Spoken Languages: Korean",,2024-12-16,2024.0,ko,['KR'],,Released,['Romance'],['Korean'],['South Korea'],,,19.5562,0.0,0,,,"[{'id': 166285, 'name': '(주)영화사 가을', 'origin_country': ''}]",,/zzK8AKJywLRwooQNhJOV9iR7mjA.jpg,,1608457.json,125,17,True,False
1621552,Facing El Chapo,La captura,Two Mexican officers must survive the final hours of their shift after crossing a ruthless cartel boss.,,"Title: Facing El Chapo

Original Title: La captura

Overview: Two Mexican officers must survive the final hours of their shift after crossing a ruthless cartel boss.

Genres: Crime, Action, Thriller

Production Companies: Draco Films

Production Countries: Mexico

Spoken Languages: Portuguese, Spanish",tt39390497,2026-08-21,2026.0,es,['MX'],91.0,Released,"['Crime', 'Action', 'Thriller']","['Portuguese', 'Spanish']",['Mexico'],,,84.3326,8.797,838,,,"[{'id': 84651, 'name': 'Draco Films', 'origin_country': 'MX'}]",https://www.netflix.com/title/82048151,/alpf5v4UqSFawPmG9RX03Or4BDk.jpg,/c4U96GrPRfnNrS01mBtqnocvlLJ.jpg,1621552.json,302,41,False,False
1631,A Real Young Girl,Une vraie jeune fille,"Reluctantly, a sulky adolescent returns to her parents' house for yet another boring summer vacation, dabbling in desire and the art of desirability, eventually mixing reality with vision, caged fantasies with the fierce female sexuality.",A surreal voyage into adolescent sexuality.,"Title: A Real Young Girl

Original Title: Une vraie jeune fille

Tagline: A surreal voyage into adolescent sexuality.

Overview: Reluctantly, a sulky adolescent returns to her parents' house for yet another boring summer vacation, dabbling in desire and the art of desirability, eventually mixing reality with vision, caged fantasies with the fierce female sexuality.

Genres: Romance, Drama

Production Companies: Les Films La Boétie, Artédis, CB Films, CNC

Production Countries: France

Spoken Languages: French, Italian",tt0135024,1976-06-01,1976.0,fr,['FR'],94.0,Released,"['Romance', 'Drama']","['French', 'Italian']",['France'],,17245.0,10.103,5.2,155,,,"[{'id': 18477, 'name': 'Les Films La Boétie', 'origin_country': 'FR'}, {'id': 25899, 'name': 'Artédis', 'origin_country': 'FR'}, {'id': 243, 'name': 'CB Films', 'origin_country': 'FR'}, {'id': 310, 'name': 'CNC', 'origin_country': 'FR'}]",,/kuSYd4AGcfydRtkcVLqas0zLtql.jpg,/fEfFaByobTu2RR2KMMohmCNLReg.jpg,1631.json,523,74,False,False
1640649,Love Lottery,Love Lottery,"When a young woman, Bharani Verma, is found dead under mysterious circumstances, the police quickly arrest Kartik Saxena, making him the prime suspect in a seemingly open-and-shut murder case. But as the courtroom battle begins, every testimony uncovers new questions instead of answers. Hidden relationships, conflicting statements, and buried secrets gradually transform a simple murder trial into a gripping mystery where nothing is as it appears. Beyond the suspense, the film also explores a thought-provoking question: Have marriage and legal battles become a silent punishment for some innocent men, or is the truth far more complex than it seems? With every hearing, the truth becomes more elusive, and just when the verdict seems certain, an unexpected twist changes the entire direction of the case. A taut courtroom suspense thriller that keeps the audience guessing until the very last moment.",,"Title: Love Lottery

Overview: When a young woman, Bharani Verma, is found dead under mysterious circumstances, the police quickly arrest Kartik Saxena, making him the prime suspect in a seemingly open-and-shut murder case. But as the courtroom battle begins, every testimony uncovers new questions instead of answers. Hidden relationships, conflicting statements, and buried secrets gradually transform a simple murder trial into a gripping mystery where nothing is as it appears. Beyond the suspense, the film also explores a thought-provoking question: Have marriage and legal battles become a silent punishment for some innocent men, or is the truth far more complex than it seems? With every hearing, the truth becomes more elusive, and just when the verdict seems certain, an unexpected twist changes the entire direction of the case. A taut courtroom suspense thriller that keeps the audience guessing until the very last moment.

Genres: Thriller

Production Countries: India

Spoken Languages: Hindi",tt40039371,2026-09-25,2026.0,hi,['IN'],123.0,Released,['Thriller'],['Hindi'],['India'],,,7.4059,0.0,0,,,[],,/v4OkeQDiO1OnGJxBfiYAaO89472.jpg,/wEwodGO5qaCERyreucYcPJ00zqi.jpg,1640649.json,1008,151,False,False
1641580,The Last Assassins,The Last Assassins,"After her father is murdered, a young warrior known as “The Kid” and her guardian cross a violent dystopian future in search of the aunt she has never met. The world is trapped in permanent winter and shrouded in deadly fog, and Nobel is bound by an oath to protect the few remaining members of her family. Their journey leads them to an abandoned laboratory, where holograms reveal secrets from the family’s past. But as the boundary between the digital and physical worlds begins to collapse, the young woman may hold the key to what comes next.","In a post-apocalyptic future, revenge is survival.","Title: The Last Assassins

Tagline: In a post-apocalyptic future, revenge is survival.

Overview: After her father is murdered, a young warrior known as “The Kid” and her guardian cross a violent dystopian future in search of the aunt she has never met. The world is trapped in permanent winter and shrouded in deadly fog, and Nobel is bound by an oath to protect the few remaining members of her family. Their journey leads them to an abandoned laboratory, where holograms reveal secrets from the family’s past. But as the boundary between the digital and physical worlds begins to collapse, the young woman may hold the key to what comes next.

Genres: Science Fiction, Adventure, Thriller, Action

Production Companies: Other Animal Entertainment

Production Countries: Canada

Spoken Languages: English",tt28370319,2026-07-21,2026.0,en,['CA'],84.0,Released,"['Science Fiction', 'Adventure', 'Thriller', 'Action']",['English'],['Canada'],,,44.8902,6.0,6,,,"[{'id': 251926, 'name': 'Other Animal Entertainment', 'origin_country': ''}]",https://otheranimal.ca/production/,/dCEvwyR3XlTos78iHZzPa8a3urg.jpg,/gRh0ZzVpjVW03AnOQNsO5aSYN9b.jpg,1641580.json,806,127,False,True
1641629,You+Me - Against the World,Toi+Moi - Seuls contre tous,"Alma Lancaster, 18, appears to lead a perfect life within a wealthy family who believes she is studying law. In secret, she pursues her true dream: filmmaking. On campus, she meets Vadim Arcadi, 20, a magnetic and solitary rebel with a troubled past. Forced to collaborate on a student film, they clash, grow closer and fall in love — despite themselves. But someone is watching them, determined to tear them apart and expose secrets that could destroy both Alma and Vadim.",He runs from everything. Except her.,"Title: You+Me - Against the World

Original Title: Toi+Moi - Seuls contre tous

Tagline: He runs from everything. Except her.

Overview: Alma Lancaster, 18, appears to lead a perfect life within a wealthy family who believes she is studying law. In secret, she pursues her true dream: filmmaking. On campus, she meets Vadim Arcadi, 20, a magnetic and solitary rebel with a troubled past. Forced to collaborate on a student film, they clash, grow closer and fall in love — despite themselves. But someone is watching them, determined to tear them apart and expose secrets that could destroy both Alma and Vadim.

Genres: Romance, Drama

Production Companies: Amazon Studios France, Originals by Trésor, Trésor Films, Amazon MGM Studios

Production Countries: France, United States of America

Spoken Languages: French",tt43617372,2026-09-18,2026.0,fr,['FR'],94.0,Released,"['Romance', 'Drama']",['French'],"['France', 'United States of America']",,,98.6447,5.881,59,,,"[{'id': 208281, 'name': 'Amazon Studios France', 'origin_country': 'FR'}, {'id': 303782, 'name': 'Originals by Trésor', 'origin_country': ''}, {'id': 120768, 'name': 'Trésor Films', 'origin_country': 'FR'}, {'id': 210099, 'name': 'Amazon MGM Studios', 'origin_country': 'US'}]",https://www.amazon.com/gp/video/detail/B0HHQMLC42,/bAbBNVplg7h79sm94OyHeKk8Phz.jpg,/nkEhDomjmPHJSA4Tx8pxv0NlKEy.jpg,1641629.json,816,128,False,True
165,Back to the Future Part II,Back to the Future Part II,"Marty and Doc are at it again as the time-traveling duo head to 2015 to nip some McFly family woes in the bud. But things go awry thanks to bully Biff Tannen and a pesky sports almanac. In a last-ditch attempt to set things straight, Marty finds himself bound for 1955 and face to face with his teenage parents -- again.",Getting back was only the beginning.,"Title: Back to the Future Part II

Tagline: Getting back was only the beginning.

Overview: Marty and Doc are at it again as the time-traveling duo head to 2015 to nip some McFly family woes in the bud. But things go awry thanks to bully Biff Tannen and a pesky sports almanac. In a last-ditch attempt to set things straight, Marty finds himself bound for 1955 and face to face with his teenage parents -- again.

Genres: Adventure, Comedy, Science Fiction

Collection: Back to the Future Collection

Production Companies: Universal Pictures, Amblin Entertainment

Production Countries: United States of America

Spoken Languages: English",tt0096874,1989-11-22,1989.0,en,['US'],108.0,Released,"['Adventure', 'Comedy', 'Science Fiction']",['English'],['United States of America'],40000000.0,332861197.0,33.8928,7.784,14321,264.0,Back to the Future Collection,"[{'id': 33, 'name': 'Universal Pictures', 'origin_country': 'US'}, {'id': 56, 'name': 'Amblin Entertainment', 'origin_country': 'US'}]",http://www.backtothefuture.com/movies/backtothefuture2,/hQq8xZe5uLjFzSBt4LanNP7SQjl.jpg,/w6tPctxWAsHoQXeKxxNOT6lYKpx.jpg,165.json,638,102,False,False
1679730,THE RIBBON HERO,THE RIBBON HERO リボンヒーロー,"When the monstrous Nergal devastates her kingdom, Princess Sapphire reawakens as the Ribbon Hero and fights to save her new home from the same dark fate.",,"Title: THE RIBBON HERO

Original Title: THE RIBBON HERO リボンヒーロー

Overview: When the monstrous Nergal devastates her kingdom, Princess Sapphire reawakens as the Ribbon Hero and fights to save her new home from the same dark fate.

Genres: Animation, Fantasy, Drama, Action

Production Companies: Twin Engine, OUTLINE

Production Countries: Japan

Spoken Languages: Japanese",tt42186253,2026-08-07,2026.0,ja,['JP'],112.0,Released,"['Animation', 'Fantasy', 'Drama', 'Action']",['Japanese'],['Japan'],,,15.2006,6.4,24,,,"[{'id': 120469, 'name': 'Twin Engine', 'origin_country': 'JP'}, {'id': 296348, 'name': 'OUTLINE', 'origin_country': 'JP'}]",https://www.netflix.com/title/81493703,/nUCkV0iODxbULZQ5vRN1sDjPrpk.jpg,/8SEb8rEZ9DYqBT7U3FI5nBOS1lV.jpg,1679730.json,372,53,False,False
1685882,Modha Rathri,மொத ராத்திரி,"Two strangers are brought together at an unusual wedding where, in one night, too many surprises unfold and several lies are told, spiraling into chaos that changes everything.",,"Title: Modha Rathri

Original Title: மொத ராத்திரி

Overview: Two strangers are brought together at an unusual wedding where, in one night, too many surprises unfold and several lies are told, spiraling into chaos that changes everything.

Genres: Romance, Comedy

Production Companies: Mythri Movie Makers

Production Countries: India

Spoken Languages: Tamil",tt42262473,2026-08-21,2026.0,ta,['IN'],141.0,Released,"['Romance', 'Comedy']",['Tamil'],['India'],,,49.99,7.889,9,,,"[{'id': 69125, 'name': 'Mythri Movie Makers', 'origin_country': 'IN'}]",,/3VuNFeniljhEe9MDW12MnDbETgH.jpg,/8Lq3f68f4WZpQrihDooNink8xJ7.jpg,1685882.json,359,50,False,False
16859,Kiki's Delivery Service,魔女の宅急便,"A young witch, on her mandatory year of independent life, finds fitting into a new community difficult while she supports herself by running an air courier service.","I was feeling blue, but I'm better now.","Title: Kiki's Delivery Service

Original Title: 魔女の宅急便

Tagline: I was feeling blue, but I'm better now.

Overview: A young witch, on her mandatory year of independent life, finds fitting into a new community difficult while she supports herself by running an air courier service.

Genres: Animation, Family, Fantasy

Production Companies: Studio Ghibli, Tokuma Shoten, Nippon Television Network Corporation, Yamato Transport

Production Countries: Japan

Spoken Languages: Japanese",tt0097814,1989-07-29,1989.0,ja,['JP'],103.0,Released,"['Animation', 'Family', 'Fantasy']",['Japanese'],['Japan'],6900000.0,4493017.0,15.6359,7.839,4749,,,"[{'id': 10342, 'name': 'Studio Ghibli', 'origin_country': 'JP'}, {'id': 1779, 'name': 'Tokuma Shoten', 'origin_country': 'JP'}, {'id': 6755, 'name': 'Nippon Television Network Corporation', 'origin_country': 'JP'}, {'id': 308580, 'name': 'Yamato Transport', 'origin_country': 'JP'}]",https://gkids.com/films/kikis-delivery-service,/Aufa4YdZIv4AXpR9rznwVA5SEfd.jpg,/ooGaNXI2OYszAajCFdIXLr73E1S.jpg,16859.json,482,66,False,False
170,28 Days Later,28 Days Later,"Twenty-eight days after a killer virus was accidentally unleashed from a British research facility, a small group of London survivors are caught in a desperate struggle to protect themselves from the infected. Carried by animals and humans, the virus turns those it infects into homicidal maniacs -- and it's absolutely impossible to contain.",The days are numbered.,"Title: 28 Days Later

Tagline: The days are numbered.

Overview: Twenty-eight days after a killer virus was accidentally unleashed from a British research facility, a small group of London survivors are caught in a desperate struggle to protect themselves from the infected. Carried by animals and humans, the virus turns those it infects into homicidal maniacs -- and it's absolutely impossible to contain.

Genres: Horror, Thriller, Science Fiction

Collection: 28 Days/Weeks/Years Later Collection

Production Companies: DNA Films

Production Countries: United Kingdom

Spoken Languages: Spanish, English",tt0289043,2002-10-31,2002.0,en,['GB'],113.0,Released,"['Horror', 'Thriller', 'Science Fiction']","['Spanish', 'English']",['United Kingdom'],8000000.0,82784517.0,24.3022,7.244,8907,1565.0,28 Days/Weeks/Years Later Collection,"[{'id': 284, 'name': 'DNA Films', 'origin_country': 'GB'}]",https://www.sonypictures.com/movies/28dayslater,/sQckQRt17VaWbo39GIu0TMOiszq.jpg,/aJFwk1clMal1prxAvKAgHxKPAf.jpg,170.json,607,85,False,False
1709391,Hanuman Ansh,हनुमान अंश,"A grieving boy seeks God to meet his departed mother, and in finding the divine, learns to serve humanity with miracles of love, food and silent blessings, becoming Hanuman Ansh, Neem Karoli Baba.","Jinke kaam mein seva, jinke bhav mein bhakti, aur jinke hriday mein Sita Ram.","Title: Hanuman Ansh

Original Title: हनुमान अंश

Tagline: Jinke kaam mein seva, jinke bhav mein bhakti, aur jinke hriday mein Sita Ram.

Overview: A grieving boy seeks God to meet his departed mother, and in finding the divine, learns to serve humanity with miracles of love, food and silent blessings, becoming Hanuman Ansh, Neem Karoli Baba.

Genres: Family, Drama

Production Countries: India

Spoken Languages: Hindi",tt39390582,2026-08-07,2026.0,hi,['IN'],150.0,Released,"['Family', 'Drama']",['Hindi'],['India'],,28640000.0,19.9455,8.0,11,,,[],https://swambhu.com/,/as2Y3zGUa2IUS3uAx2sh6Ano3es.jpg,/tKYOK8iMxkhJhug3LJ2yvC5QY8M.jpg,1709391.json,420,65,False,False
1723013,Hibla 2,Hibla 2,"Two VMX queens, Aliya Raymundo and Margaret Diaz, play reunited childhood friends who share a memorable past and a complicated present: one is a liberated city girl, the other a sheltered country virgin, and both are surrounded by men eager to get a taste of their youth.",,"Title: Hibla 2

Overview: Two VMX queens, Aliya Raymundo and Margaret Diaz, play reunited childhood friends who share a memorable past and a complicated present: one is a liberated city girl, the other a sheltered country virgin, and both are surrounded by men eager to get a taste of their youth.

Genres: Drama

Production Companies: Vivamax

Production Countries: Philippines

Spoken Languages: Tagalog",tt42764234,2026-06-30,2026.0,tl,['PH'],80.0,Released,['Drama'],['Tagalog'],['Philippines'],,,42.9785,3.0,1,,,"[{'id': 149142, 'name': 'Vivamax', 'origin_country': 'PH'}]",https://www.vivamax.net/movie/T01229,/drDsk2ES8YvWFwgWaY9foKaE5xv.jpg,/oZJQZQ8BHgeq5YHcAbshMlmJvWX.jpg,1723013.json,405,62,False,False
1726,Iron Man,Iron Man,"After being held captive in an Afghan cave, billionaire engineer Tony Stark creates a unique weaponized suit of armor to fight evil.",Heroes aren't born. They're built.,"Title: Iron Man

Tagline: Heroes aren't born. They're built.

Overview: After being held captive in an Afghan cave, billionaire engineer Tony Stark creates a unique weaponized suit of armor to fight evil.

Genres: Action, Science Fiction, Adventure

Collection: Iron Man Collection

Production Companies: Marvel Studios, Marvel Entertainment, Fairview Entertainment

Production Countries: United States of America

Spoken Languages: English, Persian, Urdu, Arabic",tt0371746,2008-04-30,2008.0,en,['US'],126.0,Released,"['Action', 'Science Fiction', 'Adventure']","['English', 'Persian', 'Urdu', 'Arabic']",['United States of America'],140000000.0,585174222.0,37.7018,7.666,28874,131292.0,Iron Man Collection,"[{'id': 420, 'name': 'Marvel Studios', 'origin_country': 'US'}, {'id': 7505, 'name': 'Marvel Entertainment', 'origin_country': 'US'}, {'id': 7297, 'name': 'Fairview Entertainment', 'origin_country': 'US'}]",https://www.marvel.com/movies/iron-man,/78lPtwv72eTNqFW9COBYI0dWDJa.jpg,/cKvDv2LpwVEqbdXWoQl4XgGN6le.jpg,1726.json,463,61,False,False
175,The Big Blue,Le Grand Bleu,"Childhood friends Jacques and Enzo share a passion for the danger of free diving. Jacques, following in the footsteps of his father, who died at sea when Jacques was a boy, harbors a remarkable ability to adjust his heart rate and breathing patterns in the water, with his vital signs more closely resembling those of dolphins than men.",Danger...Like Passion...Runs Deep,"Title: The Big Blue

Original Title: Le Grand Bleu

Tagline: Danger...Like Passion...Runs Deep

Overview: Childhood friends Jacques and Enzo share a passion for the danger of free diving. Jacques, following in the footsteps of his father, who died at sea when Jacques was a boy, harbors a remarkable ability to adjust his heart rate and breathing patterns in the water, with his vital signs more closely resembling those of dolphins than men.

Genres: Romance, Adventure, Drama

Production Companies: Gaumont, Les Films du Loup

Production Countries: France

Spoken Languages: English, Italian, French",tt0095250,1988-05-10,1988.0,fr,['FR'],168.0,Released,"['Romance', 'Adventure', 'Drama']","['English', 'Italian', 'French']",['France'],13500000.0,4000000.0,9.6913,7.4,1624,,,"[{'id': 9, 'name': 'Gaumont', 'origin_country': 'FR'}, {'id': 22191, 'name': 'Les Films du Loup', 'origin_country': 'FR'}]",https://www.gaumont.com/fr/film/le-grand-bleu,/3t5t7yaFiTJQlqxiTkXJMFZdkh3.jpg,/1J28PJOkusMN5Ab9Q3oF310e11k.jpg,175.json,601,91,False,False
1751701,After Impact,After Impact,"After losing his father, Ethan Nichols inherits one of the largest greenhouses in the country, just as the world faces a devastating threat from an approaching asteroid. As society begins to unravel, Ethan grapples with personal betrayal, overwhelming loneliness, and the growing fear that survival may come at the cost of his humanity. Seeking refuge in his family’s bunker, Ethan endures the harsh aftermath of the impact, wrestling with physical injury and emotional despair. When a faint voice crackles over his radio, Ethan discovers he's not as alone as he believed.",,"Title: After Impact

Overview: After losing his father, Ethan Nichols inherits one of the largest greenhouses in the country, just as the world faces a devastating threat from an approaching asteroid. As society begins to unravel, Ethan grapples with personal betrayal, overwhelming loneliness, and the growing fear that survival may come at the cost of his humanity. Seeking refuge in his family’s bunker, Ethan endures the harsh aftermath of the impact, wrestling with physical injury and emotional despair. When a faint voice crackles over his radio, Ethan discovers he's not as alone as he believed.

Genres: Science Fiction, Drama, Thriller

Production Companies: PWA Media Ltd

Production Countries: New Zealand",tt36809539,2026-09-15,2026.0,en,['US'],95.0,Released,"['Science Fiction', 'Drama', 'Thriller']",[],['New Zealand'],100000.0,,265.7821,6.1,13,,,"[{'id': 307908, 'name': 'PWA Media Ltd', 'origin_country': ''}]",https://michielrensen.com/catalogue/after-impact,/yzDuAQCY2n6zzOlBkn6JzhLhY3k.jpg,/k22XyPbce7zvzzf5OnT4uaY8ZD1.jpg,1751701.json,717,109,False,True
1760576,Zakir Khan: Papa Yaar,Zakir Khan: Papa Yaar,"Zakir Khan reflects on his childhood and the special bond he shares with his father, turning personal memories and family experiences into heartfelt comedy. With his signature blend of observational humour, poetry and emotional storytelling, he explores the unspoken sides of fatherhood and the relationship between a father and son.",,"Title: Zakir Khan: Papa Yaar

Overview: Zakir Khan reflects on his childhood and the special bond he shares with his father, turning personal memories and family experiences into heartfelt comedy. With his signature blend of observational humour, poetry and emotional storytelling, he explores the unspoken sides of fatherhood and the relationship between a father and son.

Genres: Comedy

Production Companies: Sakht Films, OML Entertainment

Production Countries: India

Spoken Languages: Hindi",tt43679244,2026-09-18,2026.0,hi,['IN'],78.0,Released,['Comedy'],['Hindi'],['India'],,,7.4802,8.5,2,,,"[{'id': 236164, 'name': 'Sakht Films', 'origin_country': ''}, {'id': 90529, 'name': 'OML Entertainment', 'origin_country': ''}]",,/layTkFN24JouxXQpYyMIn8WxBrB.jpg,/tNBIV77HHlM7rJzmZE5VqA1ciEA.jpg,1760576.json,497,70,False,False
1774973,ALMOST,ALMOST,"One evening, a boy stepped into a lift and never came out. A young boy enters an elevator on the 4th floor, heading down, but ascends to the 7th floor instead, desperately searching for a missing object. 'ALMOST' is a psychological short film exploring the human tendency to run in circles instead of facing real progress.",A boy steps into an elevator on the 4th floor—and never comes out.,"Title: ALMOST

Tagline: A boy steps into an elevator on the 4th floor—and never comes out.

Overview: One evening, a boy stepped into a lift and never came out. A young boy enters an elevator on the 4th floor, heading down, but ascends to the 7th floor instead, desperately searching for a missing object. 'ALMOST' is a psychological short film exploring the human tendency to run in circles instead of facing real progress.",,2026-09-10,2026.0,en,['US'],2.0,Released,[],[],[],,,0.5673,10.0,1,,,[],https://youtube.com/@shafqatseyesyt?si=kTEoAWz4CIIp-0mY,/b4jMEk0JlnRDzNqiHp5cRHjpKKR.jpg,,1774973.json,424,73,False,False
1775009,Undercurrent,Soluğan,"Trapped in an oppressive family environment, 17-year-old Iraz relentlessly pursues his passion for the sea, preparing inside the boundaries of his room with just a basin of salt water and theoretical swimming books. Driven by this obsession, he embarks on a journey toward the most courageous turning point of his life.",,"Title: Undercurrent

Original Title: Soluğan

Overview: Trapped in an oppressive family environment, 17-year-old Iraz relentlessly pursues his passion for the sea, preparing inside the boundaries of his room with just a basin of salt water and theoretical swimming books. Driven by this obsession, he embarks on a journey toward the most courageous turning point of his life.

Genres: Drama

Spoken Languages: Turkish",,,,tr,['TR'],14.0,Released,['Drama'],['Turkish'],[],450.0,,0.5891,10.0,2,,,[],,/t1ILXNkKJsin3Fp2XR8xwsbx0Dv.jpg,/c33vU1gRypjHGk31VG7Ewfp4bx4.jpg,1775009.json,417,62,False,False
1775019,Oviyam,ஓவியம்,A young student navigating school and everyday struggles finds an unexpected source of encouragement through his passion for art and a compassionate teacher.,Art Is Immortal,"Title: Oviyam

Original Title: ஓவியம்

Tagline: Art Is Immortal

Overview: A young student navigating school and everyday struggles finds an unexpected source of encouragement through his passion for art and a compassionate teacher.

Genres: Drama, Family

Spoken Languages: Tamil",,2026-09-25,2026.0,ta,['IN'],25.0,Released,"['Drama', 'Family']",['Tamil'],[],1100.0,,0.7927,10.0,1,,,[],,/1Z6WJHJLwz7b8XOlIB3poxCSAMb.jpg,/6Jh42PMhaE44oJRwtebXMjyw6oo.jpg,1775019.json,280,39,False,False
1775046,Penance,Penance,"While traveling through an unsafe land, a Soldier and a Princess take shelter in a seemingly empty cavern.",Don't Trust Me... Trust the Scroll!,"Title: Penance

Tagline: Don't Trust Me... Trust the Scroll!

Overview: While traveling through an unsafe land, a Soldier and a Princess take shelter in a seemingly empty cavern.

Genres: Fantasy, Comedy

Production Companies: Real to Reel Entertainment, Doe Studios",,2026-09-21,2026.0,en,['US'],5.0,Released,"['Fantasy', 'Comedy']",[],[],100.0,,2.6238,10.0,1,,,"[{'id': 276902, 'name': 'Real to Reel Entertainment', 'origin_country': ''}, {'id': 310243, 'name': 'Doe Studios', 'origin_country': ''}]",http://www.seanwalkerfilm.com,/myxpglRVBtWyRfKSZBGZHeCndOx.jpg,/jYyOOx5YUIlIWD2s51xR7JZvOgJ.jpg,1775046.json,266,39,False,False
1775089,The Guitar Man,The Guitar Man,A Man Who only knows how to do 2 things playing guitar and killing,,"Title: The Guitar Man

Overview: A Man Who only knows how to do 2 things playing guitar and killing

Genres: Action

Production Companies: Guitarman Productions

Production Countries: Pakistan

Spoken Languages: Sindhi",,2026-08-20,2026.0,sd,['PK'],1.0,Released,['Action'],['Sindhi'],['Pakistan'],100.0,450.0,0.6048,10.0,1,,,"[{'id': 311753, 'name': 'Guitarman Productions', 'origin_country': ''}]",,/8AoqCtVrI59gX8XzoRQvsjF5Vk9.jpg,/he8FQZdHkjBrRyTOPVbghcG69ie.jpg,1775089.json,218,31,False,False
1775091,It All Ends In Filth,It All Ends In Filth,"Jackie is an investigative journalist documenting a series of mysterious disappearances in a town. The further Jackie dives into this case, the more his obsession for the truth pushes him deeper into the strange happenings of this town. When it is discovered that the case Jackie is involved with is more personal than expected, reality begins to blur and he descends deeper into the unknown, succumbing to madness.",,"Title: It All Ends In Filth

Overview: Jackie is an investigative journalist documenting a series of mysterious disappearances in a town. The further Jackie dives into this case, the more his obsession for the truth pushes him deeper into the strange happenings of this town. When it is discovered that the case Jackie is involved with is more personal than expected, reality begins to blur and he descends deeper into the unknown, succumbing to madness.

Genres: Horror, Mystery

Production Companies: LIMBO LABS Films",,2026-09-18,2026.0,en,['US'],19.0,Released,"['Horror', 'Mystery']",[],[],10000.0,,1.0612,10.0,1,,,"[{'id': 311575, 'name': 'LIMBO LABS Films', 'origin_country': ''}]",,/4hbWqBI01q8PKsrTtJoBbFz5rZB.jpg,/qujshHul2Y4JEl7lWTD9FR4LGzZ.jpg,1775091.json,519,83,False,False
1775219,Regras do Apartamento 606,Regras do Apartamento 606,,,Title: Regras do Apartamento 606,,,,pt,['BR'],,Released,[],[],[],300.0,,1.1003,10.0,1,,,[],,/switJxbipMPO5zHBHTTGYSsUnJ0.jpg,/imPnRWle2YF4rsj0owXA0ywvNkS.jpg,1775219.json,32,5,False,False
1775306,UBFO (Unidentified Black Forest Object),UBFO (Unidentified Black Forest Object),"During a walk through the deep Black Forest, a man passes through an old American military zone. Strange lights begin to follow him. His escape is accompanied by thunder, lightning, rain — and a horrible truth.",See you on the other side.,"Title: UBFO (Unidentified Black Forest Object)

Tagline: See you on the other side.

Overview: During a walk through the deep Black Forest, a man passes through an old American military zone. Strange lights begin to follow him. His escape is accompanied by thunder, lightning, rain — and a horrible truth.

Genres: Horror, Science Fiction

Production Countries: Germany

Spoken Languages: English",,2026-09-02,2026.0,en,['US'],15.0,Released,"['Horror', 'Science Fiction']",['English'],['Germany'],,,0.5647,10.0,1,,,[],,/qhM84JbepAHrw5kAAfYv4xEwRqb.jpg,/9vPGbZGPzZIMo0pyNIV9Ip0nZDC.jpg,1775306.json,396,60,False,True
1775381,Moloch,Moloch,"Moloch tells the story of a mother who builds one of the world's largest agentic AI services, only to watch as the technology begins to tear her own family apart. Determined to stop what she's created, she attempts to shut the programme down, only to be met by an executive who refuses.",,"Title: Moloch

Overview: Moloch tells the story of a mother who builds one of the world's largest agentic AI services, only to watch as the technology begins to tear her own family apart. Determined to stop what she's created, she attempts to shut the programme down, only to be met by an executive who refuses.

Genres: Science Fiction, Thriller, Drama",tt44936731,,,en,['US'],25.0,Released,"['Science Fiction', 'Thriller', 'Drama']",[],[],,,2.2967,10.0,1,,,[],https://owlinspace.com/,/jZr8RVxcYUb7bSLw8Fs3KQUsfwp.jpg,,1775381.json,353,60,False,False
1775711,Truth Or Dare,Truth Or Dare,"At a seemingly normal sleepover with 5 friends, one question ends the night in horror",answer the question,"Title: Truth Or Dare

Tagline: answer the question

Overview: At a seemingly normal sleepover with 5 friends, one question ends the night in horror

Genres: Horror, Thriller, Mystery

Spoken Languages: English",,2026-09-20,2026.0,en,['US'],4.0,Released,"['Horror', 'Thriller', 'Mystery']",['English'],[],5.0,10.0,0.7428,10.0,1,,,[],,/zaC4VSjscg3hlD1Y6K6Ny5qB6jB.jpg,/tE5cqokLT1DHinJXQjGEtdTKdba.jpg,1775711.json,209,31,False,False
1775716,Výlov,Výlov,"The short documentary film “Výlov” offers a visually and aurally intense look at the traditional fish harvest at a pond in the Písek region. This school project, which focuses on the workflow without dialogue, follows the process from the fishermen’s arrival until their departure.",,"Title: Výlov

Overview: The short documentary film “Výlov” offers a visually and aurally intense look at the traditional fish harvest at a pond in the Písek region. This school project, which focuses on the workflow without dialogue, follows the process from the fishermen’s arrival until their departure.

Genres: Documentary",,2026-04-14,2026.0,cs,['CZ'],4.0,Released,['Documentary'],[],[],,,0.6039,10.0,0,,,[],,/lIl4iqnyS1XryxBXg4eD6GfxJrK.jpg,/bD3LTiezYKwdyTSil11VHWUMBGn.jpg,1775716.json,326,49,True,True
177572,Big Hero 6,Big Hero 6,"A special bond develops between plus-sized inflatable robot Baymax, and prodigy Hiro Hamada, who team up with a group of friends to form a band of high-tech heroes.",Drop everything. Save the world.,"Title: Big Hero 6

Tagline: Drop everything. Save the world.

Overview: A special bond develops between plus-sized inflatable robot Baymax, and prodigy Hiro Hamada, who team up with a group of friends to form a band of high-tech heroes.

Genres: Adventure, Family, Animation, Action, Comedy

Production Companies: Walt Disney Animation Studios

Production Countries: United States of America

Spoken Languages: English",tt2245084,2014-10-24,2014.0,en,['US'],102.0,Released,"['Adventure', 'Family', 'Animation', 'Action', 'Comedy']",['English'],['United States of America'],165000000.0,657870525.0,33.6974,7.725,16939,,,"[{'id': 6125, 'name': 'Walt Disney Animation Studios', 'origin_country': 'US'}]",http://movies.disney.com/big-hero-6,/2mxS4wUimwlLmI1xp6QW6NSU361.jpg,/4s2d3xdyqotiVNHTlTlJjrr3q0H.jpg,177572.json,418,60,False,False
1775724,Tomorrow,Завтра будет хуже,"In a society where voluntary death has become an official way to help families facing financial hardship, a young man decides to give his life for his sick younger brother. As the day of the procedure approaches, memories of those he has lost and those who are still beside him make him question his decision and who truly owns that choice.",CHOICE. PATHS. DEATH.,"Title: Tomorrow

Original Title: Завтра будет хуже

Tagline: CHOICE. PATHS. DEATH.

Overview: In a society where voluntary death has become an official way to help families facing financial hardship, a young man decides to give his life for his sick younger brother. As the day of the procedure approaches, memories of those he has lost and those who are still beside him make him question his decision and who truly owns that choice.

Genres: Drama, Science Fiction, Thriller

Production Companies: Hellitage Films

Production Countries: Kyrgyz Republic

Spoken Languages: Russian",,2026-09-21,2026.0,ru,['KG'],13.0,Released,"['Drama', 'Science Fiction', 'Thriller']",['Russian'],['Kyrgyz Republic'],,,0.702,10.0,1,,,"[{'id': 311704, 'name': 'Hellitage Films', 'origin_country': ''}]",,/4rdQ3KxjZ2MXDQjOds4DEYltnkD.jpg,,1775724.json,581,89,False,False
1775736,Táta s Kozou v krabici,Táta s Kozou v krabici,A documentary portrait about the director's father and the period during which he created Goat Stories.,,"Title: Táta s Kozou v krabici

Overview: A documentary portrait about the director's father and the period during which he created Goat Stories.

Genres: Documentary",,2024-06-01,2024.0,cs,['CZ'],4.0,Released,['Documentary'],[],[],,,0.5467,10.0,1,,,[],,/rJnl8ZF6KJz52SYQplM7jDwzWuD.jpg,/np2N6Xs4JJTRmkTbdzY28DHNQ6y.jpg,1775736.json,165,25,True,False
1775777,The Adventurous Heart,Сердце искателя приключений,"Bound by the relentless ticking of time, he watches the world through a lens of shadow and silence. A stark, monochromatic journey inspired by the writings of Ernst Jünger (1895-1998).",Flying fish. Bound by the clock.,"Title: The Adventurous Heart

Original Title: Сердце искателя приключений

Tagline: Flying fish. Bound by the clock.

Overview: Bound by the relentless ticking of time, he watches the world through a lens of shadow and silence. A stark, monochromatic journey inspired by the writings of Ernst Jünger (1895-1998).

Genres: Drama, Thriller

Production Countries: Russia

Spoken Languages: No Language",,2026-09-25,2026.0,xx,['RU'],3.0,Released,"['Drama', 'Thriller']",['No Language'],['Russia'],,,0.7252,10.0,1,,,[],,/iXSMS8unO9ky8dIOtInqdI9SzGQ.jpg,,1775777.json,398,57,False,True
1776220,The Experiment,The Experiment,A man wakes in an abandoned office with no memory of how he got there and is given an experimental serum that grants him extraordinary abilities for five minutes. A short action and science fiction film written and directed by Hugo Will.,,"Title: The Experiment

Overview: A man wakes in an abandoned office with no memory of how he got there and is given an experimental serum that grants him extraordinary abilities for five minutes. A short action and science fiction film written and directed by Hugo Will.

Genres: Action, Science Fiction",tt43604382,,,en,['US'],12.0,Released,"['Action', 'Science Fiction']",[],[],,,0.8732,10.0,1,,,[],,/eqsuTPzrJEZbO35PCfZkz3tadVH.jpg,,1776220.json,303,50,False,False
1776460,Arya: Menara Kudus,Arya: Menara Kudus,A young man have a dream about a conflict that happen in his city and wiped out humanity. He must protecting the society from fracturing and prevent the conflict to happen.,He saw a dream...,"Title: Arya: Menara Kudus

Tagline: He saw a dream...

Overview: A young man have a dream about a conflict that happen in his city and wiped out humanity. He must protecting the society from fracturing and prevent the conflict to happen.

Genres: Drama",,,,en,"['US', 'ID']",8.0,Released,['Drama'],[],[],2.0,11.0,0.4165,10.0,1,,,[],,/aIovANMf7H89kbtnCqpXXknhT69.jpg,,1776460.json,252,43,False,False
1776483,"The Girl, the Bad, and the Oblivious","The Girl, the Bad, and the Oblivious","When Alex's former best friend drags him into an extravagant heist, they must overcome unexpected obstacles to regain what one loves most.",The heist begins,"Title: The Girl, the Bad, and the Oblivious

Tagline: The heist begins

Overview: When Alex's former best friend drags him into an extravagant heist, they must overcome unexpected obstacles to regain what one loves most.

Genres: Comedy, Adventure, Action, Crime, Drama, Thriller

Production Companies: BlackRabbit Productions, Donahue Twins Entertainment",,2026-09-21,2026.0,en,['US'],7.0,Released,"['Comedy', 'Adventure', 'Action', 'Crime', 'Drama', 'Thriller']",[],[],200.0,,0.8624,10.0,1,,,"[{'id': 310967, 'name': 'BlackRabbit Productions', 'origin_country': ''}, {'id': 246640, 'name': 'Donahue Twins Entertainment', 'origin_country': ''}]",,,/3kp2t87aX08dzXivgeDRW6jruux.jpg,1776483.json,355,49,False,False
1776621,Changy Movie,Changy Movie,,,"Title: Changy Movie

Genres: Comedy, Horror

Production Countries: Germany",,2018-07-25,2018.0,de,['DE'],,Released,"['Comedy', 'Horror']",[],['Germany'],7.0,,0.6232,10.0,1,,,[],,/2eszmUDFRYo1Kv7ruSS2640rFtr.jpg,,1776621.json,74,9,False,False
1776731,Ouija Board,Şeytan Tahtası,"The film follows a group of young people on vacation who summon a demonic entity through a Ouija board. While spending their holiday at a secluded villa, the group turns a seemingly harmless game into a terrifying encounter with a malevolent supernatural force, trapping them in a deadly nightmare.",Ouija Board,"Title: Ouija Board

Original Title: Şeytan Tahtası

Tagline: Ouija Board

Overview: The film follows a group of young people on vacation who summon a demonic entity through a Ouija board. While spending their holiday at a secluded villa, the group turns a seemingly harmless game into a terrifying encounter with a malevolent supernatural force, trapping them in a deadly nightmare.

Genres: Horror, Thriller

Spoken Languages: Turkish",tt35889736,2025-06-20,2025.0,tr,['TR'],63.0,Released,"['Horror', 'Thriller']",['Turkish'],[],,,0.6814,10.0,1,,,[],,/6LPYwTG5Crd97hWV2diKBCqTEjK.jpg,/smYqFvQT3JgWB8oQyPuFI0iWVVa.jpg,1776731.json,435,66,False,False
1776795,"The Absurdity Of Something That Is Divided, Absorbed,  Alienated, Gathered,  and Suctioned.","Absurditas Sebuah Yang Terbagi, Terserap, Terasing, Terkumpul, dan Terhisap.","A story about a glass, when together with other glasses, always shares its water (energy) to make the other glasses not feel sad.",,"Title: The Absurdity Of Something That Is Divided, Absorbed,  Alienated, Gathered,  and Suctioned.

Original Title: Absurditas Sebuah Yang Terbagi, Terserap, Terasing, Terkumpul, dan Terhisap.

Overview: A story about a glass, when together with other glasses, always shares its water (energy) to make the other glasses not feel sad.

Genres: Drama

Production Companies: Bla collective, Kesitja Films

Production Countries: Indonesia",,2026-09-22,2026.0,id,['ID'],,Released,['Drama'],[],['Indonesia'],,,0.4957,10.0,1,,,"[{'id': 182658, 'name': 'Bla collective', 'origin_country': ''}, {'id': 311827, 'name': 'Kesitja Films', 'origin_country': ''}]",,/f1zdsYNkNpgxoBMrGcljqG9295c.jpg,/xLRx7ojpvnhNCCCHu0HuZ33Q84C.jpg,1776795.json,434,59,False,False
1776834,Tide the Knot,Tide the Knot,"When an evil, no good, very bad man pries the woman of his dreams from him, Sammy goes on a slapstick adventure to prevent the two from becoming engaged.",You're Shore In For A Good Laugh!,"Title: Tide the Knot

Tagline: You're Shore In For A Good Laugh!

Overview: When an evil, no good, very bad man pries the woman of his dreams from him, Sammy goes on a slapstick adventure to prevent the two from becoming engaged.

Genres: Comedy

Production Companies: Red Duck Reels, Real to Reel Entertainment, Dead butterfly productions",,2025-02-17,2025.0,en,['US'],5.0,Released,['Comedy'],[],[],120.0,,0.6772,10.0,2,,,"[{'id': 311830, 'name': 'Red Duck Reels', 'origin_country': ''}, {'id': 276902, 'name': 'Real to Reel Entertainment', 'origin_country': ''}, {'id': 312218, 'name': 'Dead butterfly productions', 'origin_country': ''}]",http://www.seanwalkerfilm.com/films/tide-the-knot,/wGV3XHqA1MCEkkRaSGCjtJKs02l.jpg,/cvaQbBTrOcz9S2T2dEhgmPJ4wgb.jpg,1776834.json,339,56,False,False
1777392,Bang-Sak,Bang-Sak,"Sunny, a newly promoted barangay treasurer struggling to support his family is drawn into signing off on questionable police reports — until one night forces him to choose between integrity and stability.",Kilala Mo ang Matataya,"Title: Bang-Sak

Tagline: Kilala Mo ang Matataya

Overview: Sunny, a newly promoted barangay treasurer struggling to support his family is drawn into signing off on questionable police reports — until one night forces him to choose between integrity and stability.

Genres: Thriller

Production Companies: Lumina Studios",,,,tl,['PH'],28.0,Released,['Thriller'],[],[],,,0.6494,10.0,1,,,"[{'id': 311864, 'name': 'Lumina Studios', 'origin_country': ''}]",,/kKuNdkpYZO9t2xdZN23cV0OcOjb.jpg,/7t3RSYHasWgJrkUx1KuCTeIAc9V.jpg,1777392.json,320,46,False,True
1777835,el rap de la feria,el rap de la feria,,,"Title: el rap de la feria

Genres: Music, Adventure, Comedy

Production Companies: Filter Studio

Production Countries: Spain",,2026-05-04,2026.0,es,['ES'],,Released,"['Music', 'Adventure', 'Comedy']",[],['Spain'],1.0,,0.3149,10.0,1,,,"[{'id': 311899, 'name': 'Filter Studio', 'origin_country': ''}]",,/hHL4wDnI5RfxLzi1bjaRDIrSKuK.jpg,,1777835.json,125,17,False,False
1777894,The Classroom,A Sala de Aula,"In a systematic classroom, the routine changes after the disappearance of Gustavo's backpack and an argument between Guilherme and Pietro over a seat.",Not everything is as you imagine,"Title: The Classroom

Original Title: A Sala de Aula

Tagline: Not everything is as you imagine

Overview: In a systematic classroom, the routine changes after the disappearance of Gustavo's backpack and an argument between Guilherme and Pietro over a seat.

Genres: TV Movie

Production Countries: Brazil

Spoken Languages: English",,2026-09-26,2026.0,en,['BR'],8.0,Released,['TV Movie'],['English'],['Brazil'],,,0.7523,10.0,1,,,[],,/eAuGCONFOwgqsSN1VEHr4yH817X.jpg,/4rBJhSQJDOpeFRzzoQ66Vl0ikyH.jpg,1777894.json,332,49,False,False
1778118,Briefly Forever,Even Voor Eeuwig,"During a week of scheduled power outages, Vic and Eva, still grieving the loss of their unborn child, are forced to dine together by candlelight. What begins as a game of innocent confessions brings them briefly closer, until a revelation makes it clear that sometimes love isn't enough.",,"Title: Briefly Forever

Original Title: Even Voor Eeuwig

Overview: During a week of scheduled power outages, Vic and Eva, still grieving the loss of their unborn child, are forced to dine together by candlelight. What begins as a game of innocent confessions brings them briefly closer, until a revelation makes it clear that sometimes love isn't enough.

Genres: Drama

Spoken Languages: Dutch",,,,nl,['NL'],13.0,Released,['Drama'],['Dutch'],[],,,0.8744,10.0,1,,,[],,/bNhpMVVl2Py9420zo7B6esrfnQ0.jpg,/JhFJeuXOkX6oeVS6yncXDwEGZs.jpg,1778118.json,395,62,False,False
1778167,Frequency,Frequency,"After Eliza brings home a used radio, the device torments her, making her question her sanity and her guilt.",You can hear it. It hears you too.,"Title: Frequency

Tagline: You can hear it. It hears you too.

Overview: After Eliza brings home a used radio, the device torments her, making her question her sanity and her guilt.

Genres: Horror, Thriller, Mystery

Production Companies: Vehso Productions

Production Countries: United States of America

Spoken Languages: English",tt46666500,2026-07-26,2026.0,en,['US'],15.0,Released,"['Horror', 'Thriller', 'Mystery']",['English'],['United States of America'],,,0.3976,10.0,1,,,"[{'id': 311947, 'name': 'Vehso Productions', 'origin_country': ''}]",,/9YRIJ9DM7AxFXEyma9rYVWq7sIN.jpg,/1JLJHC0bRnrXGviK66xBQpcz8HU.jpg,1778167.json,332,48,False,False
1778182,Gracie Abrams - The Secret of Us (Short Film),Gracie Abrams - The Secret of Us (Short Film),"An intimate look into the music and story of Gracie Abrams' sophomore album, ""The Secret of Us"". Filmed at Valentine Studios, this special features a personal interview about her songwriting process interwoven with live studio performances of tracks from the album.",,"Title: Gracie Abrams - The Secret of Us (Short Film)

Overview: An intimate look into the music and story of Gracie Abrams' sophomore album, ""The Secret of Us"". Filmed at Valentine Studios, this special features a personal interview about her songwriting process interwoven with live studio performances of tracks from the album.

Genres: Music, Documentary

Production Companies: Vevo Studios

Spoken Languages: English",tt33992077,2024-10-11,2024.0,en,['US'],20.0,Released,"['Music', 'Documentary']",['English'],[],,,0.4238,10.0,1,,,"[{'id': 311996, 'name': 'Vevo Studios', 'origin_country': ''}]",,/15BV3f7tWBCRqJ3xF99uCpRUTd6.jpg,/aBCgZGbvvsmISrt5KXoki19dAIB.jpg,1778182.json,420,62,False,False
1778339,Claustrum,Claustrum,"Alice is moving. During the night, she realizes she is trapped inside her own bedroom. Her only chance of escape is to confront her past in a dreamlike journey filled with enigmas.",,"Title: Claustrum

Overview: Alice is moving. During the night, she realizes she is trapped inside her own bedroom. Her only chance of escape is to confront her past in a dreamlike journey filled with enigmas.

Genres: Horror

Production Countries: Brazil

Spoken Languages: Portuguese",,2026-09-23,2026.0,pt,['BR'],22.0,Released,['Horror'],['Portuguese'],['Brazil'],,,0.391,10.0,1,,,[],,/wiMCNBUalInS3raiF2K3voISUro.jpg,/5XKkkIeOL2VodDu4mCqYhm2iNfs.jpg,1778339.json,284,43,False,False
1778834,L'ultimo passo verso la libertà,L'ultimo passo verso la libertà,,,"Title: L'ultimo passo verso la libertà

Genres: Drama",,,,it,['IT'],,Released,['Drama'],[],[],,,0.3549,10.0,1,,,[],,/jm6gx6tNbyEKP6tjsun8GD4wMDK.jpg,/2A7bxYLW2RCftgHcXvinhKmHip5.jpg,1778834.json,53,8,True,False
1778878,Focus,Focus,This is a short film about the art of noticing the simple things in life,,"Title: Focus

Overview: This is a short film about the art of noticing the simple things in life

Genres: Adventure

Production Companies: Stewy productions",,2026-09-24,2026.0,en,['GB'],1.0,Released,['Adventure'],[],[],,,0.3205,10.0,1,,,"[{'id': 312018, 'name': 'Stewy productions', 'origin_country': ''}]",,/eIurVmN2iaOGdYO7Hd7eZmI6BCu.jpg,/lOqlWhp2RWge51hneU7sIjTzgmM.jpg,1778878.json,156,24,False,False
1778956,Timmy the Kid,Timmy the Kid,"Timmy, a middle-aged farmer and wannabe cowboy heads to the city to scatter his mother’s ashes and blows it at every corner.  Determined but clueless, Timmy books into an AirBnB and soon realizes that he is a babe in the urban jungle.  Yet, with each terrifying day, Timmy stumbles into new friendships. Between the chaos and wild comedy, his trip is an unforgettable journey of self-discovery.",,"Title: Timmy the Kid

Overview: Timmy, a middle-aged farmer and wannabe cowboy heads to the city to scatter his mother’s ashes and blows it at every corner.  Determined but clueless, Timmy books into an AirBnB and soon realizes that he is a babe in the urban jungle.  Yet, with each terrifying day, Timmy stumbles into new friendships. Between the chaos and wild comedy, his trip is an unforgettable journey of self-discovery.

Genres: Comedy

Spoken Languages: Xhosa, English, Afrikaans",,2026-09-24,2026.0,en,['ZA'],80.0,Released,['Comedy'],"['Xhosa', 'English', 'Afrikaans']",[],,,0.3781,10.0,1,,,[],,/4ZFMtJ9wKntWayVAsscFGYvqUJG.jpg,/mW17cx3TGHwnW02jAEo8S3mLmNb.jpg,1778956.json,487,78,False,True
1779082,0007 Ironspy,0007 Ironspy,"Once known as the cocky and careless agent, Bond has spent the last six years away from the service. But when intelligence surfaces surrounding Section Nine, a covert organization with access to a weapon capable of triggering a global catastrophe, Bond is brought back into the field. Known only as Black Sun, this nuclear weapon has the potential to ignite a war between superpowers. Bond follows trails of scattered intelligence across borders and seas, into an operation far larger than he anticipated. But as Bond closes in on Section Nine, he finds himself facing an opponent unlike any he has encountered before, one who may finally be powerful enough to put 0007 back in retirement. Premiered live in the Amherst Theatre August 30th 2026.",Every Mission Leaves A Mark,"Title: 0007 Ironspy

Tagline: Every Mission Leaves A Mark

Overview: Once known as the cocky and careless agent, Bond has spent the last six years away from the service. But when intelligence surfaces surrounding Section Nine, a covert organization with access to a weapon capable of triggering a global catastrophe, Bond is brought back into the field. Known only as Black Sun, this nuclear weapon has the potential to ignite a war between superpowers. Bond follows trails of scattered intelligence across borders and seas, into an operation far larger than he anticipated. But as Bond closes in on Section Nine, he finds himself facing an opponent unlike any he has encountered before, one who may finally be powerful enough to put 0007 back in retirement. Premiered live in the Amherst Theatre August 30th 2026.

Genres: Action

Production Companies: Rated FATKO Productions

Spoken Languages: English",tt45030853,2026-08-30,2026.0,en,['CA'],44.0,Released,['Action'],['English'],[],2122.0,,0.4458,10.0,1,,,"[{'id': 312037, 'name': 'Rated FATKO Productions', 'origin_country': ''}]",https://ratedfatko.com/films/0007-ironspy,/q3IwQEe732RNE3MoRSfsnxIYXa3.jpg,/d3sWUzxOBeeCo6hG2mPZvjEavQ0.jpg,1779082.json,904,144,False,False
1779177,Captain Dynamite,Captain Dynamite,"Vishal, an average boy with a boring life gains a particular Superpower after eating a mysterious Noodles called Captain Dynamite",Short Film,"Title: Captain Dynamite

Tagline: Short Film

Overview: Vishal, an average boy with a boring life gains a particular Superpower after eating a mysterious Noodles called Captain Dynamite

Genres: Comedy, Action, Drama, Adventure

Spoken Languages: Tamil",,2026-09-26,2026.0,ta,['IN'],20.0,Released,"['Comedy', 'Action', 'Drama', 'Adventure']",['Tamil'],[],312.0,,0.3941,10.0,1,,,[],,/5nzE3EmRKWkaDEBOJJsqiBdnlm7.jpg,,1779177.json,252,35,False,False
1779473,No Summer Light,No Summer Light,"Inspired by a true story, No Summer Light is an intimate psychological drama tracking the terrifying boundaries of isolation. Paralyzed by a profound fear of the outside world, thirteen-year-old Janine retreats entirely into her home. But total confinement carries a dark cost. On Day 53, her anxiety manifests physically. Janine must choose: face her deepest terror beyond the front door, or remain completely trapped by her own mind.",The mind is a safe place to hide...until survival means confronting fear.,"Title: No Summer Light

Tagline: The mind is a safe place to hide...until survival means confronting fear.

Overview: Inspired by a true story, No Summer Light is an intimate psychological drama tracking the terrifying boundaries of isolation. Paralyzed by a profound fear of the outside world, thirteen-year-old Janine retreats entirely into her home. But total confinement carries a dark cost. On Day 53, her anxiety manifests physically. Janine must choose: face her deepest terror beyond the front door, or remain completely trapped by her own mind.

Genres: Drama

Production Companies: Truth & Youth Productions

Production Countries: United States of America

Spoken Languages: English",tt45764736,2026-09-21,2026.0,en,['US'],5.0,Released,['Drama'],['English'],['United States of America'],,,0.3233,10.0,1,,,"[{'id': 312070, 'name': 'Truth & Youth Productions', 'origin_country': ''}]",https://truthandyouthproductions.my.canva.site/truth-youth-website/,/rmj1yj9cUEM0W6iYUju2XkSHcUe.jpg,/lZ0eT6nQI0XSxadYC0FRpOdR2G8.jpg,1779473.json,692,103,False,False
1779605,Black,Black,A young psychiatrist's life begins to unravel after his psychic wife invites a dark presence into their lives.,,"Title: Black

Overview: A young psychiatrist's life begins to unravel after his psychic wife invites a dark presence into their lives.",tt1248879,2008-06-14,2008.0,en,['US'],40.0,Released,[],[],[],,,0.2454,10.0,2,,,[],,/aA30Nq4aGnOKSxoFKVqySfsktSL.jpg,,1779605.json,134,21,False,False
1779630,Cupcakes and Wine,Cupcakes and Wine,"As romantic complications and everyday pressures mount, two friends find comfort in a simple remedy: painting, cupcakes, and wine. Cupcakes and Wine stars Molly Leland and Joy Nash, with voice work by Robert McAtee. Directed by Marisol Montoya.",,"Title: Cupcakes and Wine

Overview: As romantic complications and everyday pressures mount, two friends find comfort in a simple remedy: painting, cupcakes, and wine. Cupcakes and Wine stars Molly Leland and Joy Nash, with voice work by Robert McAtee. Directed by Marisol Montoya.",tt40258005,2008-03-06,2008.0,en,['US'],,Released,[],[],[],,,0.2775,10.0,2,,,[],,/1vHILZ2F5oYwnzApLKBfYRoscUT.jpg,,1779630.json,281,43,False,False
1779643,Mushka Water,Mushka Water,"Director Cameron Lowe takes anEastern European fable and weaves it into a unique and surprising story of a young man's rite of passage into the world of passion and love. The story starts in the local village of Brateljevici where an old man has been driven insane by his addiction to the famed water - and the lack of it. The spring, long dried up, is rumored to now be flowing again and old Ibrahim races maniacally to its source. Through a cosmic upheaval set off by Ibrahim this special water gushes deep through the center of the earth to appear in the pipes of one single apartment in Los Angeles, California. As the wisdom goes, 'the water always finds the man who needs it most.'",,"Title: Mushka Water

Overview: Director Cameron Lowe takes anEastern European fable and weaves it into a unique and surprising story of a young man's rite of passage into the world of passion and love. The story starts in the local village of Brateljevici where an old man has been driven insane by his addiction to the famed water - and the lack of it. The spring, long dried up, is rumored to now be flowing again and old Ibrahim races maniacally to its source. Through a cosmic upheaval set off by Ibrahim this special water gushes deep through the center of the earth to appear in the pipes of one single apartment in Los Angeles, California. As the wisdom goes, 'the water always finds the man who needs it most.'",tt0841133,2004-09-10,2004.0,en,['US'],90.0,Released,[],[],[],,,0.2462,10.0,2,,,[],,/gNpfH3Oyz5qlCNVWa80owm8Fomh.jpg,,1779643.json,718,130,False,False
1779705,Wounded Love,Wounded Love,Wounded Love is a gripping emotional film about how a girl trapped in an troubled relationship is saved one dark night by a stranger. An artist who is lost himself. Their love gives her the strength and courage to face the darkness and save herself. But her past life isn't about to set her free.,,"Title: Wounded Love

Overview: Wounded Love is a gripping emotional film about how a girl trapped in an troubled relationship is saved one dark night by a stranger. An artist who is lost himself. Their love gives her the strength and courage to face the darkness and save herself. But her past life isn't about to set her free.",tt0420966,2004-07-28,2004.0,en,['US'],143.0,Released,[],[],[],,,0.3531,10.0,2,,,[],,/4rgPVpPrVG9APb8VzkRLGlYUG91.jpg,,1779705.json,327,59,False,False
1779872,A Glimpse in Time,Um Vislumbre no Tempo,"On the cusp of motherhood, a woman drifts into a vivid daydream, embarking on a nostalgic journey back to her old family home. As she revisits the sun-drenched rooms and forgotten spaces of her past, she triggers a series of beautifully fragmented memories of her own childhood.","In an instant, I found myself wandering through the most beautiful corners of my childhood.","Title: A Glimpse in Time

Original Title: Um Vislumbre no Tempo

Tagline: In an instant, I found myself wandering through the most beautiful corners of my childhood.

Overview: On the cusp of motherhood, a woman drifts into a vivid daydream, embarking on a nostalgic journey back to her old family home. As she revisits the sun-drenched rooms and forgotten spaces of her past, she triggers a series of beautifully fragmented memories of her own childhood.

Genres: Drama

Production Companies: Natalizio Filmes

Production Countries: Brazil

Spoken Languages: Portuguese",,2026-09-23,2026.0,pt,['BR'],2.0,Released,['Drama'],['Portuguese'],['Brazil'],,,0.283,10.0,2,,,"[{'id': 238110, 'name': 'Natalizio Filmes', 'origin_country': ''}]",,/tAcwqCgAKSYNsXLAdxPc8hNdFq7.jpg,/pY6sknRqrqidBwGlNPhf0HpUEHl.jpg,1779872.json,570,87,False,False
1780055,What Stays,What Stays,An experimental film about a woman grieving the death of a loved one.,Some memories refuse to leave.,"Title: What Stays

Tagline: Some memories refuse to leave.

Overview: An experimental film about a woman grieving the death of a loved one.

Genres: Drama

Production Companies: SAE Byron Bay

Production Countries: Australia

Spoken Languages: English",,2026-08-30,2026.0,en,['AU'],2.0,Released,['Drama'],['English'],['Australia'],,,0.2679,10.0,1,,,"[{'id': 312136, 'name': 'SAE Byron Bay', 'origin_country': ''}]",,/l1aobFWB99sLnzbQM8aospmS3FR.jpg,/1WQTK82zypGUY0cLwmxMjo43Rtt.jpg,1780055.json,251,36,False,False
1780096,"D&D, but It’s Minecraft","D&D, but It’s Minecraft","recreated all of Minecraft's mechanics in Dungeons & Dragons, and trapped my friends in a room until they beat the game. feat. ‪@TommyInnit‬ and ‪@JackManifoldTV‬ Enjoy the greatest Minecraft speedrun of all time.",I have tits,"Title: D&D, but It’s Minecraft

Tagline: I have tits

Overview: recreated all of Minecraft's mechanics in Dungeons & Dragons, and trapped my friends in a room until they beat the game. feat. ‪@TommyInnit‬ and ‪@JackManifoldTV‬ Enjoy the greatest Minecraft speedrun of all time.

Genres: Fantasy, Adventure, Mystery, Comedy, Romance

Production Companies: Just Roll With It

Production Countries: United States of America

Spoken Languages: English, Maltese",,2026-09-25,2026.0,en,['US'],220.0,Released,"['Fantasy', 'Adventure', 'Mystery', 'Comedy', 'Romance']","['English', 'Maltese']",['United States of America'],,,0.2343,10.0,1,,,"[{'id': 312149, 'name': 'Just Roll With It', 'origin_country': ''}]",https://www.youtube.com/watch?v=hLIFWOoxiYo,/bQZfBtP05OPudyHosTDhVaGxKlt.jpg,/gIIGdyv0wVCfw3ZMXd8rhm6AZuP.jpg,1780096.json,456,65,True,True
1780284,Other Half,Other Half,"After cheating on her girlfriend, Jade (Grace Rolek) finds herself isolated in a world of newfound heart break. Determined to suffer through the grieving process alone, she refuses to answer calls, texts or communicate with friends and family. In her booze-soaked depression, Jade attempts to rediscover what being alone really means. With no one to blame but herself, she indulges in self-destructive behavior to cope. Despite her attempts to ignore her estranged best friend Avery (Cleopatra Boudreau), Jade is surprised to find her showing up at her door and entering (well, stampeding) into her space. What unfolds is a night of reckoning and rediscovery of their friendship.",Not your best friend. Your soulmate.,"Title: Other Half

Tagline: Not your best friend. Your soulmate.

Overview: After cheating on her girlfriend, Jade (Grace Rolek) finds herself isolated in a world of newfound heart break. Determined to suffer through the grieving process alone, she refuses to answer calls, texts or communicate with friends and family. In her booze-soaked depression, Jade attempts to rediscover what being alone really means. With no one to blame but herself, she indulges in self-destructive behavior to cope. Despite her attempts to ignore her estranged best friend Avery (Cleopatra Boudreau), Jade is surprised to find her showing up at her door and entering (well, stampeding) into her space. What unfolds is a night of reckoning and rediscovery of their friendship.

Genres: Comedy, Drama

Production Countries: United States of America

Spoken Languages: English",tt29883468,2026-09-25,2026.0,en,['US'],15.0,Released,"['Comedy', 'Drama']",['English'],['United States of America'],,,0.3021,10.0,1,,,[],https://seedandspark.com/fund/other-half-film?fbclid=PAAaYZPxqSVz7A96AULyVGQr4dQsvOoK9GJQkAzXttbkSBTgCNDgWqZsYLMo0_aem_AQMJYvonA9Z9loXNcSs4oJVDAaqv6ZUXAvGNS3XoUPn3qZUSMij-4SgcVWw6Wx-OgcM,/8YBPmsDbAj96SUw7h1UEQ0REPF6.jpg,,1780284.json,853,130,False,False
1780536,Mannina Maga,ಮಣ್ಣಿನ ಮಗ,Mannina Maga is a 1968 Kannada film starring Dr. Rajkumar and Kalpana in lead roles. It was directed by Geetapriya.,,"Title: Mannina Maga

Original Title: ಮಣ್ಣಿನ ಮಗ

Overview: Mannina Maga is a 1968 Kannada film starring Dr. Rajkumar and Kalpana in lead roles. It was directed by Geetapriya.

Genres: Family, Drama

Spoken Languages: Kannada",tt1414534,1968-12-17,1968.0,kn,['IN'],114.0,Released,"['Family', 'Drama']",['Kannada'],[],,,0.1436,10.0,1,,,[],,/b9iUJdoXyM2PVkBJy02JZucUFJJ.jpg,,1780536.json,223,34,False,False
1780539,Hasiru Thorana,ಹಸಿರು ತೋರಣ,Hasiru Thorana is a 1970 Kannada film starring Dr. Rajkumar and Bharathi in lead roles. Directed by T.V. Singh Thakur,,"Title: Hasiru Thorana

Original Title: ಹಸಿರು ತೋರಣ

Overview: Hasiru Thorana is a 1970 Kannada film starring Dr. Rajkumar and Bharathi in lead roles. Directed by T.V. Singh Thakur

Genres: Family, Drama

Spoken Languages: Kannada",tt1414495,1970-03-12,1970.0,kn,['IN'],150.0,Released,"['Family', 'Drama']",['Kannada'],[],,,0.2286,10.0,1,,,[],,/1QkauTXSzlHJIVepjDfilwSYxgQ.jpg,,1780539.json,228,34,False,False
1781022,O Mortífero Celular,O Mortífero Celular,,,"Title: O Mortífero Celular

Genres: Drama, Comedy, Action

Production Countries: Brazil

Spoken Languages: Portuguese",,2026-07-27,2026.0,pt,['BR'],,Released,"['Drama', 'Comedy', 'Action']",['Portuguese'],['Brazil'],,,0.375,10.0,1,,,[],,/xL80Fn4mZcfg3HWNR0S2UkN53bA.jpg,/qzV1H4GHn14KCWhEKDd4tQxqfcB.jpg,1781022.json,117,14,True,False
1781037,Hilda's Book,Hilda's Book,"Frank Wintle made the film Hilda's Book during the 1980s for the now-defunct Television South West, which was based in Plymouth, Devon. Mr. Wintle noticed a footnote in H.D.'s End to Torment mentioning that Hilda's Book had been given to Frances Gregg, who had died in the Plymouth blitz. Having already written and made a film on the Plymouth blitz, Mr. Wintle saw an opportunity relate his long interest in the enigmas of Ezra Pound's life and work to Plymouth.",,"Title: Hilda's Book

Overview: Frank Wintle made the film Hilda's Book during the 1980s for the now-defunct Television South West, which was based in Plymouth, Devon. Mr. Wintle noticed a footnote in H.D.'s End to Torment mentioning that Hilda's Book had been given to Frances Gregg, who had died in the Plymouth blitz. Having already written and made a film on the Plymouth blitz, Mr. Wintle saw an opportunity relate his long interest in the enigmas of Ezra Pound's life and work to Plymouth.

Production Companies: Television South West

Production Countries: United Kingdom

Spoken Languages: English",,1986-01-01,1986.0,en,['GB'],60.0,Released,[],['English'],['United Kingdom'],,,0.2461,10.0,1,,,"[{'id': 239061, 'name': 'Television South West', 'origin_country': 'GB'}]",https://www.imagists.org/hd/film.html,/jXxXmqasFwQybpnuCj5gcO2FOt9.jpg,,1781037.json,604,96,False,False
1781082,ORBITER,ORBITER,"When the government doesn't act enough, two friends part ways as one is sent on a mission to orbit the earth, while the other has to stay.",I MISSED YOU EVERYDAY YOU WERE GONE,"Title: ORBITER

Tagline: I MISSED YOU EVERYDAY YOU WERE GONE

Overview: When the government doesn't act enough, two friends part ways as one is sent on a mission to orbit the earth, while the other has to stay.

Genres: Drama, Science Fiction

Production Companies: MPM Productions",,2026-09-24,2026.0,en,['GB'],6.0,Released,"['Drama', 'Science Fiction']",[],[],,,0.2811,10.0,1,,,"[{'id': 312256, 'name': 'MPM Productions', 'origin_country': ''}]",,/6zKOTQ9inQhg5lxDBhefd5U0AG6.jpg,/l9xPMjydXdq9SW2dXetBAoqabic.jpg,1781082.json,281,46,False,False
1781122,???,???,202?,,"Title: ???

Overview: 202?",,,,en,['US'],,Released,[],[],[],,,0.2586,10.0,1,,,[],,/sEOvKfzVexLASndzd47gTGY5Mmb.jpg,,1781122.json,26,4,False,False
1781256,Five nights at sonic,Five nights at sonic,October 15 2027,,"Title: Five nights at sonic

Overview: October 15 2027",,,,en,['US'],,Released,[],[],[],,,0.5032,10.0,1,,,[],,/sEOvKfzVexLASndzd47gTGY5Mmb.jpg,,1781256.json,54,9,False,False
1781293,CINEMATIC,CINEMATIC,"We record things, forgetting the reason why; fragments of your consciousness are an incomplete film . . .","short film, experimental, video art","Title: CINEMATIC

Tagline: short film, experimental, video art

Overview: We record things, forgetting the reason why; fragments of your consciousness are an incomplete film . . .

Genres: Drama, Music, Fantasy, Documentary

Production Countries: Venezuela",,2024-04-16,2024.0,en,['US'],2.0,Released,"['Drama', 'Music', 'Fantasy', 'Documentary']",[],['Venezuela'],,,0.1946,10.0,1,,,[],,/w8k8PgiJhCZQwgJqU2FalwVUZSe.jpg,,1781293.json,256,35,False,False
1781547,The Science behind the concept of time travel,The Science behind the concept of time travel,a Voiceover narrative by Vivek Patnaik,Is TIME TRAVEL really possible?,"Title: The Science behind the concept of time travel

Tagline: Is TIME TRAVEL really possible?

Overview: a Voiceover narrative by Vivek Patnaik

Genres: Science Fiction, Drama",,,,en,['US'],2.0,Released,"['Science Fiction', 'Drama']",[],[],,,0.1071,10.0,1,,,[],,/dcyi3MBu3vIMIHshx1cK4HcXMtu.jpg,,1781547.json,176,26,False,False
1781568,Memory of the Sands: Fascist Concentration Camps in Libya,ذاكرة الرمال - المعتقلات الفاشية في ليبيا,"""Memory of the Sands"" is a historical documentary that sheds light on a forgotten period of Arab history: the brutal genocide inflicted upon the Libyan people by the Italian Fascist forces between 1929 and 1934.The film documents the horrific atrocities committed under the ""scorched-earth"" policy led by General Rodolfo Graziani, which aimed to crush the Libyan resistance. It explores the establishment of notorious desert concentration camps that held tens of thousands of innocent civilians—including women, children, and the elderly—resulting in mass starvation and deadly disease. Through rare historical archives and moving testimonies from the last remaining survivors, the documentary serves as a vital historical record, reviving the memory of a dark, overlooked chapter of colonial history.",Uncovering the forgotten holocaust of the Libyan desert,"Title: Memory of the Sands: Fascist Concentration Camps in Libya

Original Title: ذاكرة الرمال - المعتقلات الفاشية في ليبيا

Tagline: Uncovering the forgotten holocaust of the Libyan desert

Overview: ""Memory of the Sands"" is a historical documentary that sheds light on a forgotten period of Arab history: the brutal genocide inflicted upon the Libyan people by the Italian Fascist forces between 1929 and 1934.The film documents the horrific atrocities committed under the ""scorched-earth"" policy led by General Rodolfo Graziani, which aimed to crush the Libyan resistance. It explores the establishment of notorious desert concentration camps that held tens of thousands of innocent civilians—including women, children, and the elderly—resulting in mass starvation and deadly disease. Through rare historical archives and moving testimonies from the last remaining survivors, the documentary serves as a vital historical record, reviving the memory of a dark, overlooked chapter of colonial history.

Genres: Documentary",,2025-06-02,2025.0,ar,['LY'],50.0,Released,['Documentary'],[],[],,,0.1214,10.0,2,,,[],,/unJf8Sqwa0KBLpiQ0V4R1JLNH9X.jpg,,1781568.json,1023,147,False,True
1781641,Diskol ja Võõrsil,Diskol ja Võõrsil,,,"Title: Diskol ja Võõrsil

Genres: Comedy, Drama

Production Countries: Estonia

Spoken Languages: Estonian",,2026-01-05,2026.0,et,['EE'],,Released,"['Comedy', 'Drama']",['Estonian'],['Estonia'],,,0.15,10.0,1,,,[],,/efdrrYw9E9cdxcubUqfH8Zgz2hs.jpg,,1781641.json,106,13,True,False
1781697,The Mujahid of the Mountain Khalifa Bin Askar,مجاهد الجبل: خليفة بن عسكر,"A historical documentary capturing the epic struggle of the heroic Libyan Mujahid, ""Khalifa Bin Askar,"" who led the armed resistance against the Italian occupation in Libya's Western Mountains. The film sheds light on the prominent strategic battles he commanded against the Italian invasion, while also highlighting a significant pan-Arab dimension: his unity with Tunisian resistance fighters in numerous battles against French colonialism in Tunisia. The documentary culminates in a dramatic conclusion, exploring the treacherous deception that led to Bin Askar’s capture by the Italians, leading up to his execution and martyrdom.",The legendary resistance leader who unified Libyan and Tunisian struggles,"Title: The Mujahid of the Mountain Khalifa Bin Askar

Original Title: مجاهد الجبل: خليفة بن عسكر

Tagline: The legendary resistance leader who unified Libyan and Tunisian struggles

Overview: A historical documentary capturing the epic struggle of the heroic Libyan Mujahid, ""Khalifa Bin Askar,"" who led the armed resistance against the Italian occupation in Libya's Western Mountains. The film sheds light on the prominent strategic battles he commanded against the Italian invasion, while also highlighting a significant pan-Arab dimension: his unity with Tunisian resistance fighters in numerous battles against French colonialism in Tunisia. The documentary culminates in a dramatic conclusion, exploring the treacherous deception that led to Bin Askar’s capture by the Italians, leading up to his execution and martyrdom.",,2024-10-15,2024.0,ar,['US'],26.0,Released,[],[],[],,,0.0929,10.0,1,,,[],,/cD2CaB8BeyEhjjFnsH7UtbVQT4a.jpg,,1781697.json,826,119,False,True
1781796,In between dreams,In between dreams,"In Between Dreams is an intimate autobiographical documentary following a filmmaker from Kolkata as he wanders through Paris, searching for memories of his childhood and home. One day, he lands in Parc des Buttes-Chaumont where he encounters strangers gathered in music and conversation. As they speak of dreams, language, and memory, the park becomes a living crossroads of migration and longing. In communicating their dreams and memories to one another, they create a fragile but powerful sense of a shared belonging. And in that exchange, the filmmaker too finds what he had been searching for, a familiar feeling that he could call his home.","A filmmaker retraces the thread of childhood wonders, crossing places and faces, collecting dreams, languages and memories, only to discover fragments of himself.","Title: In between dreams

Tagline: A filmmaker retraces the thread of childhood wonders, crossing places and faces, collecting dreams, languages and memories, only to discover fragments of himself.

Overview: In Between Dreams is an intimate autobiographical documentary following a filmmaker from Kolkata as he wanders through Paris, searching for memories of his childhood and home. One day, he lands in Parc des Buttes-Chaumont where he encounters strangers gathered in music and conversation. As they speak of dreams, language, and memory, the park becomes a living crossroads of migration and longing. In communicating their dreams and memories to one another, they create a fragile but powerful sense of a shared belonging. And in that exchange, the filmmaker too finds what he had been searching for, a familiar feeling that he could call his home.

Genres: Documentary, Drama, Comedy

Production Companies: La Fémis",tt44394256,,,en,['FR'],15.0,Released,"['Documentary', 'Drama', 'Comedy']",[],[],1000.0,1000.0,0.0857,10.0,1,,,"[{'id': 34935, 'name': 'La Fémis', 'origin_country': 'FR'}]",,/6SLlRqIPR8iJwUH4ckto8qwSs7Y.jpg,/nnbws6e9C7JEa5toxYZEca24BLd.jpg,1781796.json,923,141,False,False
1781805,Libya: A Tune of Reconciliation,نغمة مصالحة - ليبيا,"A touching cultural documentary following poet ""Ahmed Al-Obeidi"" from the East and composer ""Hanan Al-Rowaiei"" from the West, as they unite to recall the history of Libyan social reconciliations during times of conflict. Together, they revive and craft an epic theatrical and poetic masterpiece centered around Libya's most famous historical peace accord, the ""Harabi Covenant,"" using art and music to echo messages of peace, social harmony, and national unity.",How art and poetry stitched the fabric of a divided nation.,"Title: Libya: A Tune of Reconciliation

Original Title: نغمة مصالحة - ليبيا

Tagline: How art and poetry stitched the fabric of a divided nation.

Overview: A touching cultural documentary following poet ""Ahmed Al-Obeidi"" from the East and composer ""Hanan Al-Rowaiei"" from the West, as they unite to recall the history of Libyan social reconciliations during times of conflict. Together, they revive and craft an epic theatrical and poetic masterpiece centered around Libya's most famous historical peace accord, the ""Harabi Covenant,"" using art and music to echo messages of peace, social harmony, and national unity.

Production Companies: Horizon Media Services

Spoken Languages: Arabic",,,,ar,['LY'],52.0,Released,[],['Arabic'],[],,,0.1357,10.0,1,,,"[{'id': 312358, 'name': 'Horizon Media Services', 'origin_country': ''}]",,/xxByk1zCs9fy0CvPYw6VcRswEMR.jpg,,1781805.json,690,102,False,False
1782158,Mr. Rajkumar,Mr. Rajkumar,Mr. Rajkumar is a 1970 Kannada film which stars Dr. Rajkumar and Rajasree in lead roles.,,"Title: Mr. Rajkumar

Overview: Mr. Rajkumar is a 1970 Kannada film which stars Dr. Rajkumar and Rajasree in lead roles.

Spoken Languages: Kannada",tt0261081,1970-08-10,1970.0,kn,['IN'],136.0,Released,[],['Kannada'],[],,,0.0786,10.0,1,,,[],,/9FHomZ9j5PrlQcoctkYpUun4bN.jpg,,1782158.json,146,23,False,False
17903,A Frozen Flower,쌍화점,"A despotic king orders his male lover to produce an heir for him with his Queen. But when they instead fall in love, will tragic consequences follow?","For his last love, fate led him to betray his first love.","Title: A Frozen Flower

Original Title: 쌍화점

Tagline: For his last love, fate led him to betray his first love.

Overview: A despotic king orders his male lover to produce an heir for him with his Queen. But when they instead fall in love, will tragic consequences follow?

Genres: Drama

Production Companies: Opus Pictures, Showbox, United Pictures, Sponge

Production Countries: South Korea

Spoken Languages: Korean",tt1155053,2008-12-30,2008.0,ko,['KR'],133.0,Released,['Drama'],['Korean'],['South Korea'],10000000.0,18980744.0,9.57,6.9,165,,,"[{'id': 7270, 'name': 'Opus Pictures', 'origin_country': 'KR'}, {'id': 3491, 'name': 'Showbox', 'origin_country': 'KR'}, {'id': 197889, 'name': 'United Pictures', 'origin_country': 'KR'}, {'id': 2467, 'name': 'Sponge', 'origin_country': 'KR'}]",,/jvGmbNUh0eq9ShQmMSof0DXXHWY.jpg,/9bvn5SWwAK6qB79UevNi0jqhfke.jpg,17903.json,419,65,False,False
1791,The Piano Teacher,La Pianiste,"Erika Kohut, a sexually repressed piano teacher living with her domineering mother, meets a young man who starts romantically pursuing her.",,"Title: The Piano Teacher

Original Title: La Pianiste

Overview: Erika Kohut, a sexually repressed piano teacher living with her domineering mother, meets a young man who starts romantically pursuing her.

Genres: Drama, Romance

Production Companies: Wega Film, Les Films Alain Sarde, ARTE France Cinéma, Bavaria Film International, OFI, MK2 Productions

Production Countries: France, Austria, Germany

Spoken Languages: French, German",tt0254686,2001-09-05,2001.0,fr,['FR'],131.0,Released,"['Drama', 'Romance']","['French', 'German']","['France', 'Austria', 'Germany']",6200000.0,6766708.0,10.8862,7.3,1346,,,"[{'id': 224, 'name': 'Wega Film', 'origin_country': 'AT'}, {'id': 635, 'name': 'Les Films Alain Sarde', 'origin_country': 'FR'}, {'id': 94, 'name': 'ARTE France Cinéma', 'origin_country': 'FR'}, {'id': 11731, 'name': 'Bavaria Film International', 'origin_country': 'DE'}, {'id': 11389, 'name': 'OFI', 'origin_country': 'AT'}, {'id': 187078, 'name': 'MK2 Productions', 'origin_country': 'FR'}]",https://mk2films.com/en/film/la-pianiste/,/gNHKYQnP1RnqEhkivHJzBPb4MOP.jpg,/tEhvOU8nJp4v9goYwrJTASJJD3C.jpg,1791.json,436,59,False,False
18,The Fifth Element,Le Cinquième Élément,"In 2257, a taxi driver is unintentionally given the task of saving a young girl who is part of the key that will ensure the survival of humanity.",There is no future without it.,"Title: The Fifth Element

Original Title: Le Cinquième Élément

Tagline: There is no future without it.

Overview: In 2257, a taxi driver is unintentionally given the task of saving a young girl who is part of the key that will ensure the survival of humanity.

Genres: Science Fiction, Action, Adventure

Production Companies: Gaumont

Production Countries: France

Spoken Languages: English, Swedish, German",tt0119116,1997-05-02,1997.0,fr,['FR'],126.0,Released,"['Science Fiction', 'Action', 'Adventure']","['English', 'Swedish', 'German']",['France'],90000000.0,263920180.0,28.6844,7.591,12185,,,"[{'id': 9, 'name': 'Gaumont', 'origin_country': 'FR'}]",https://www.sonypictures.com/movies/thefifthelement,/fPtlCO1yQtnoLHOwKtWz7db6RGU.jpg,/jW21PoKwqs79wk6bfiYezox63mK.jpg,18.json,409,61,False,False
18491,Neon Genesis Evangelion: The End of Evangelion,新世紀エヴァンゲリオン劇場版 Air／まごころを、君に,"SEELE orders an all-out attack on NERV, aiming to destroy the Evas before Gendo can advance his own plans for the Human Instrumentality Project. Shinji is pushed to the limits of his sanity as he is forced to decide the fate of humanity.",The fate of destruction is also the joy of rebirth.,"Title: Neon Genesis Evangelion: The End of Evangelion

Original Title: 新世紀エヴァンゲリオン劇場版 Air／まごころを、君に

Tagline: The fate of destruction is also the joy of rebirth.

Overview: SEELE orders an all-out attack on NERV, aiming to destroy the Evas before Gendo can advance his own plans for the Human Instrumentality Project. Shinji is pushed to the limits of his sanity as he is forced to decide the fate of humanity.

Genres: Animation, Science Fiction, Drama, Fantasy, Action

Collection: Neon Genesis Evangelion Collection

Production Companies: GAINAX, movic, Star Child Recording, TV Tokyo, Production I.G, KADOKAWA Shoten, Toei Company, SEGA

Production Countries: Japan

Spoken Languages: Japanese",tt0169858,1997-07-19,1997.0,ja,['JP'],87.0,Released,"['Animation', 'Science Fiction', 'Drama', 'Fantasy', 'Action']",['Japanese'],['Japan'],7500000.0,26000000.0,14.7636,8.26,1968,96850.0,Neon Genesis Evangelion Collection,"[{'id': 3041, 'name': 'GAINAX', 'origin_country': 'JP'}, {'id': 3466, 'name': 'movic', 'origin_country': 'JP'}, {'id': 21504, 'name': 'Star Child Recording', 'origin_country': ''}, {'id': 3034, 'name': 'TV Tokyo', 'origin_country': 'JP'}, {'id': 529, 'name': 'Production I.G', 'origin_country': 'JP'}, {'id': 1194, 'name': 'KADOKAWA Shoten', 'origin_country': 'JP'}, {'id': 5822, 'name': 'Toei Company', 'origin_country': 'JP'}, {'id': 113750, 'name': 'SEGA', 'origin_country': 'JP'}]",https://gkids.com/films/end-of-evangelion,/j6G24dqI4WgUtChhWjfnI4lnmiK.jpg,/AfyuI3glMCBDFmNPj9PY6DwbgGp.jpg,18491.json,696,101,False,False
185664,Nun in Rope Hell,団鬼六　修道女縄地獄,A woman gets caught by the wife of her lover which results in a stabbing. Feeling guilty she runs away and joins a nunnery. But she soon discovers that several nuns and a well known author have turned the place into their own personal S&M playground.,"A woman who is blamed, bound and humiliated...","Title: Nun in Rope Hell

Original Title: 団鬼六　修道女縄地獄

Tagline: A woman who is blamed, bound and humiliated...

Overview: A woman gets caught by the wife of her lover which results in a stabbing. Feeling guilty she runs away and joins a nunnery. But she soon discovers that several nuns and a well known author have turned the place into their own personal S&M playground.

Genres: Drama, Horror

Collection: Oniroku Dan Collection

Production Companies: Nikkatsu Corporation

Production Countries: Japan

Spoken Languages: Japanese",tt0391904,1984-05-25,1984.0,ja,['JP'],69.0,Released,"['Drama', 'Horror']",['Japanese'],['Japan'],,,17.4753,6.3,39,1313899.0,Oniroku Dan Collection,"[{'id': 955, 'name': 'Nikkatsu Corporation', 'origin_country': 'JP'}]",,/2jqTCgA6A85RZwycVwwgEuYardv.jpg,/okgnoHQRiBeHMa7Bm1Kb0gZrOmx.jpg,185664.json,530,82,False,False
185673,Bridal Doll,団鬼六　花嫁人形,At a park a listless young man becomes intrigued by a wandering woman in white as she exits an exhibit of torture at a wax museum. He is slowly drawn into her forbidden world of pain and discipline.,,"Title: Bridal Doll

Original Title: 団鬼六　花嫁人形

Overview: At a park a listless young man becomes intrigued by a wandering woman in white as she exits an exhibit of torture at a wax museum. He is slowly drawn into her forbidden world of pain and discipline.

Genres: Drama, Horror

Collection: Oniroku Dan Collection

Production Companies: Nikkatsu Corporation

Production Countries: Japan

Spoken Languages: Japanese",tt0285499,1979-10-06,1979.0,ja,['JP'],70.0,Released,"['Drama', 'Horror']",['Japanese'],['Japan'],,,12.464,4.5,4,1313899.0,Oniroku Dan Collection,"[{'id': 955, 'name': 'Nikkatsu Corporation', 'origin_country': 'JP'}]",https://www.nikkatsu.com/movie/25668.html,/7jB335pxwGc1eX5yB9X9EULHkj6.jpg,/bRFg7VZ2GKTW09Ak15hfdVGuto3.jpg,185673.json,414,63,False,False
1930,The Amazing Spider-Man,The Amazing Spider-Man,A teenage Peter Parker grapples with both high school and amazing super-human crises as his alter-ego Spider-Man.,The untold story begins.,"Title: The Amazing Spider-Man

Tagline: The untold story begins.

Overview: A teenage Peter Parker grapples with both high school and amazing super-human crises as his alter-ego Spider-Man.

Genres: Action, Adventure, Science Fiction

Collection: The Amazing Spider-Man Collection

Production Companies: Marvel Entertainment, Laura Ziskin Productions, Columbia Pictures, Matt Tolmach Productions, Arad Productions

Production Countries: United States of America

Spoken Languages: English",tt0948470,2012-06-23,2012.0,en,['US'],136.0,Released,"['Action', 'Adventure', 'Science Fiction']",['English'],['United States of America'],215000000.0,758725893.0,34.0435,6.763,19151,125574.0,The Amazing Spider-Man Collection,"[{'id': 7505, 'name': 'Marvel Entertainment', 'origin_country': 'US'}, {'id': 326, 'name': 'Laura Ziskin Productions', 'origin_country': 'US'}, {'id': 5, 'name': 'Columbia Pictures', 'origin_country': 'US'}, {'id': 53462, 'name': 'Matt Tolmach Productions', 'origin_country': 'US'}, {'id': 14439, 'name': 'Arad Productions', 'origin_country': 'US'}]",https://www.sonypictures.com/movies/theamazingspiderman,/jexoNYnPd6vVrmygwF6QZmWPFdu.jpg,/HVcza6tJtWFrLriuh3Ano4Vt46.jpg,1930.json,488,60,False,False
194,Amélie,Le Fabuleux Destin d'Amélie Poulain,"At a tiny Parisian café, the adorable yet painfully shy Amélie accidentally discovers a gift for helping others. Soon Amelie is spending her days as a matchmaker, guardian angel, and all-around do-gooder. But when she bumps into a handsome stranger, will she find the courage to become the star of her very own love story?",She’ll change your life.,"Title: Amélie

Original Title: Le Fabuleux Destin d'Amélie Poulain

Tagline: She’ll change your life.

Overview: At a tiny Parisian café, the adorable yet painfully shy Amélie accidentally discovers a gift for helping others. Soon Amelie is spending her days as a matchmaker, guardian angel, and all-around do-gooder. But when she bumps into a handsome stranger, will she find the courage to become the star of her very own love story?

Genres: Comedy, Romance

Production Companies: Victoires Productions, Tapioca Films, France 3 Cinéma, MMC Independent, UGC

Production Countries: France, Germany

Spoken Languages: French, Russian",tt0211915,2001-04-25,2001.0,fr,['FR'],122.0,Released,"['Comedy', 'Romance']","['French', 'Russian']","['France', 'Germany']",10000000.0,173921954.0,20.996,7.92,12679,,,"[{'id': 25020, 'name': 'Victoires Productions', 'origin_country': 'FR'}, {'id': 12000, 'name': 'Tapioca Films', 'origin_country': 'FR'}, {'id': 591, 'name': 'France 3 Cinéma', 'origin_country': 'FR'}, {'id': 4411, 'name': 'MMC Independent', 'origin_country': 'DE'}, {'id': 581, 'name': 'UGC', 'origin_country': 'FR'}]",https://www.miramax.com/movie/amelie/,/nSxDa3M9aMvGVLoItzWTepQ5h5d.jpg,/6n53UI4mX9QMfe2S0Pgt8mGebY1.jpg,194.json,633,93,True,True
19404,Dilwale Dulhania Le Jayenge,दिलवाले दुल्हनिया ले जायेंगे,"Raj is a rich, carefree, happy-go-lucky second generation NRI. Simran is the daughter of Chaudhary Baldev Singh, who in spite of being an NRI is very strict about adherence to Indian values. Simran has left for India to be married to her childhood fiancé. Raj leaves for India with a mission at his hands, to claim his lady love under the noses of her whole family. Thus begins a saga.","Come… fall In love, all over again…","Title: Dilwale Dulhania Le Jayenge

Original Title: दिलवाले दुल्हनिया ले जायेंगे

Tagline: Come… fall In love, all over again…

Overview: Raj is a rich, carefree, happy-go-lucky second generation NRI. Simran is the daughter of Chaudhary Baldev Singh, who in spite of being an NRI is very strict about adherence to Indian values. Simran has left for India to be married to her childhood fiancé. Raj leaves for India with a mission at his hands, to claim his lady love under the noses of her whole family. Thus begins a saga.

Genres: Comedy, Drama, Romance

Production Companies: Yash Raj Films

Production Countries: India

Spoken Languages: Hindi",tt0112870,1995-10-20,1995.0,hi,['IN'],190.0,Released,"['Comedy', 'Drama', 'Romance']",['Hindi'],['India'],13200000.0,100000000.0,13.314,8.5,4624,,,"[{'id': 1569, 'name': 'Yash Raj Films', 'origin_country': 'IN'}]",,/lfRkUr7DYdHldAqi3PwdQGBRBPM.jpg,/84beTJf26mfhoasUlKSOiNSutyS.jpg,19404.json,647,105,False,True
197796,Beauty and the Beast,La Belle et la Bête,"Forced to face the cruel side of life, a devastated, bankrupt merchant chances upon the enchanted castle of a hideous creature, the mere sight of it chills the bone to the marrow. There, a fate worse than death awaits the poor father-of-six, who, after plucking a sweet-scented rose from the repulsive master's verdant garden, must do the impossible: permit his compassionate daughter, Belle, to take his place and pay for the sins of her parent. Now, an impenetrable mystery shrouds the haunted mansion, and, as repugnance gradually turns into affection, only true love could break the spell.",The legend is reborn...,"Title: Beauty and the Beast

Original Title: La Belle et la Bête

Tagline: The legend is reborn...

Overview: Forced to face the cruel side of life, a devastated, bankrupt merchant chances upon the enchanted castle of a hideous creature, the mere sight of it chills the bone to the marrow. There, a fate worse than death awaits the poor father-of-six, who, after plucking a sweet-scented rose from the repulsive master's verdant garden, must do the impossible: permit his compassionate daughter, Belle, to take his place and pay for the sins of her parent. Now, an impenetrable mystery shrouds the haunted mansion, and, as repugnance gradually turns into affection, only true love could break the spell.

Genres: Fantasy, Romance

Production Companies: Eskwad, Pathé, 120 Films, TF1 Films Production, Studio Babelsberg

Production Countries: France, Germany

Spoken Languages: English, French",tt2316801,2014-02-12,2014.0,fr,['FR'],112.0,Released,"['Fantasy', 'Romance']","['English', 'French']","['France', 'Germany']",33000000.0,47430624.0,11.1553,6.318,2248,,,"[{'id': 616, 'name': 'Eskwad', 'origin_country': 'FR'}, {'id': 7981, 'name': 'Pathé', 'origin_country': 'FR'}, {'id': 19233, 'name': '120 Films', 'origin_country': 'FR'}, {'id': 356, 'name': 'TF1 Films Production', 'origin_country': 'FR'}, {'id': 264, 'name': 'Studio Babelsberg', 'origin_country': 'DE'}]",,/8bErT2koHXAUSW5PdLQqgL5gEEe.jpg,/92Uceuy7HaiiHFgW48gNyxhx17d.jpg,197796.json,892,137,False,False
198663,The Maze Runner,The Maze Runner,"A teenager with no memory of his past finds himself among a group of boys living in a walled enclosure surrounded by a massive, ever-changing maze. As he struggles to adapt to their rules and society, he begins to uncover clues that may lead to escape and the truth behind their confinement.",Get ready to run.,"Title: The Maze Runner

Tagline: Get ready to run.

Overview: A teenager with no memory of his past finds himself among a group of boys living in a walled enclosure surrounded by a massive, ever-changing maze. As he struggles to adapt to their rules and society, he begins to uncover clues that may lead to escape and the truth behind their confinement.

Genres: Action, Mystery, Science Fiction, Thriller

Collection: The Maze Runner Collection

Production Companies: Ingenious Media, The Gotham Group, Dayday Films, Temple Hill Entertainment, TSG Entertainment, 20th Century Fox

Production Countries: United States of America, United Kingdom

Spoken Languages: English",tt1790864,2014-09-10,2014.0,en,['US'],113.0,Released,"['Action', 'Mystery', 'Science Fiction', 'Thriller']",['English'],"['United States of America', 'United Kingdom']",34000000.0,348319861.0,34.7503,7.19,18501,295130.0,The Maze Runner Collection,"[{'id': 290, 'name': 'Ingenious Media', 'origin_country': 'GB'}, {'id': 3672, 'name': 'The Gotham Group', 'origin_country': 'US'}, {'id': 8569, 'name': 'Dayday Films', 'origin_country': 'GB'}, {'id': 12292, 'name': 'Temple Hill Entertainment', 'origin_country': 'US'}, {'id': 22213, 'name': 'TSG Entertainment', 'origin_country': 'US'}, {'id': 25, 'name': '20th Century Fox', 'origin_country': 'US'}]",https://www.20thcenturystudios.com/movies/the-maze-runner,/ode14q7WtDugFDp78fo9lCsmay9.jpg,/eTlcNXGv32zkVI7ZDHhfeaKHXKQ.jpg,198663.json,671,101,False,False
19995,Avatar,Avatar,"In the 22nd century, a paraplegic Marine is dispatched to the moon Pandora on a unique mission, but becomes torn between following orders and protecting an alien civilization.",Enter the world of Pandora.,"Title: Avatar

Tagline: Enter the world of Pandora.

Overview: In the 22nd century, a paraplegic Marine is dispatched to the moon Pandora on a unique mission, but becomes torn between following orders and protecting an alien civilization.

Genres: Science Fiction, Action, Adventure

Collection: Avatar Collection

Production Companies: Dune Entertainment, Lightstorm Entertainment, 20th Century Fox, Ingenious Film Partners

Production Countries: United States of America, United Kingdom

Spoken Languages: English, Spanish",tt0499549,2009-12-16,2009.0,en,['US'],162.0,Released,"['Science Fiction', 'Action', 'Adventure']","['English', 'Spanish']","['United States of America', 'United Kingdom']",237000000.0,2923706026.0,48.8064,7.61,34736,87096.0,Avatar Collection,"[{'id': 444, 'name': 'Dune Entertainment', 'origin_country': 'US'}, {'id': 574, 'name': 'Lightstorm Entertainment', 'origin_country': 'US'}, {'id': 25, 'name': '20th Century Fox', 'origin_country': 'US'}, {'id': 133789, 'name': 'Ingenious Film Partners', 'origin_country': 'GB'}]",https://www.avatar.com/movies/avatar,/gKY6q7SjCkAU6FqvqWybDYgUKIF.jpg,/vL5LR6WdxWPjLPFRLe133jXWsh5.jpg,19995.json,524,69,False,False
20352,Despicable Me,Despicable Me,"Determined to prove he's the world's greatest supervillain, Gru hatches an audacious plan to steal the Moon. To pull it off, he adopts three orphaned girls—Margo, Edith, and Agnes—intending to use them as pawns in his scheme. But the unexpected bond they form forces him to question the criminal life he's always known.",Superbad. Superdad.,"Title: Despicable Me

Tagline: Superbad. Superdad.

Overview: Determined to prove he's the world's greatest supervillain, Gru hatches an audacious plan to steal the Moon. To pull it off, he adopts three orphaned girls—Margo, Edith, and Agnes—intending to use them as pawns in his scheme. But the unexpected bond they form forces him to question the criminal life he's always known.

Genres: Animation, Comedy, Crime, Science Fiction, Family

Collection: Despicable Me Collection

Production Companies: Illumination, Universal Pictures

Production Countries: United States of America

Spoken Languages: English",tt1323594,2010-07-08,2010.0,en,['US'],95.0,Released,"['Animation', 'Comedy', 'Crime', 'Science Fiction', 'Family']",['English'],['United States of America'],69000000.0,543284256.0,55.6708,7.262,16416,86066.0,Despicable Me Collection,"[{'id': 6704, 'name': 'Illumination', 'origin_country': 'US'}, {'id': 33, 'name': 'Universal Pictures', 'origin_country': 'US'}]",http://www.despicable.me/,/b1BT309QWjtFUlJPLmXmrcHOWEL.jpg,/2XSeKDmIa2KxaiJy4J9e8FrIZhk.jpg,20352.json,609,85,False,True
20453,3 Idiots,3 Idiots,"Rascal. Joker. Dreamer. Genius... You've never met a college student quite like ""Rancho."" From the moment he arrives at India's most prestigious university, Rancho's outlandish schemes turn the campus upside down—along with the lives of his two newfound best friends. Together, they make life miserable for ""Virus,"" the school’s uptight and heartless dean. But when Rancho catches the eye of the dean's daughter, Virus sets his sights on flunking out the ""3 idiots"" once and for all.",Aal Izz Well!,"Title: 3 Idiots

Tagline: Aal Izz Well!

Overview: Rascal. Joker. Dreamer. Genius... You've never met a college student quite like ""Rancho."" From the moment he arrives at India's most prestigious university, Rancho's outlandish schemes turn the campus upside down—along with the lives of his two newfound best friends. Together, they make life miserable for ""Virus,"" the school’s uptight and heartless dean. But when Rancho catches the eye of the dean's daughter, Virus sets his sights on flunking out the ""3 idiots"" once and for all.

Genres: Drama, Comedy

Collection: 3 Idiots Collection

Production Companies: Vidhu Vinod Chopra Productions, Vinod Chopra Films

Production Countries: India

Spoken Languages: Hindi, English",tt1187043,2009-12-23,2009.0,hi,['IN'],171.0,Released,"['Drama', 'Comedy']","['Hindi', 'English']",['India'],50000000.0,60262836.0,14.1666,8.0,2845,1601866.0,3 Idiots Collection,"[{'id': 3781, 'name': 'Vidhu Vinod Chopra Productions', 'origin_country': 'IN'}, {'id': 44164, 'name': 'Vinod Chopra Films', 'origin_country': 'IN'}]",https://www.vinodchoprafilms.com/movies/3-idiots/,/66A9MqXOyVFCssoloscw79z8Tew.jpg,/u7kuUaySqXBVAtqEl9vkTkAzHV9.jpg,20453.json,727,108,False,True
205022,Chennai Express,Chennai Express,"Rahul embarks on a journey to a small town in Tamil Nadu to fulfill the last wish of his grandfather: to have his ashes immersed in the Holy water of Rameshwaram. En route, he meets a woman hailing from a unique family down South. As they find love through this journey in the exuberant lands of South India, an unanticipated drive awaits them.",Ready... Steady... Po!,"Title: Chennai Express

Tagline: Ready... Steady... Po!

Overview: Rahul embarks on a journey to a small town in Tamil Nadu to fulfill the last wish of his grandfather: to have his ashes immersed in the Holy water of Rameshwaram. En route, he meets a woman hailing from a unique family down South. As they find love through this journey in the exuberant lands of South India, an unanticipated drive awaits them.

Genres: Romance, Comedy, Action

Production Companies: Red Chillies Entertainment, UTV Motion Pictures, Reliance MediaWorks

Production Countries: India

Spoken Languages: Hindi, Tamil",tt2112124,2013-08-08,2013.0,hi,['IN'],141.0,Released,"['Romance', 'Comedy', 'Action']","['Hindi', 'Tamil']",['India'],18000000.0,62000000.0,4.478,6.5,404,,,"[{'id': 2343, 'name': 'Red Chillies Entertainment', 'origin_country': 'IN'}, {'id': 2320, 'name': 'UTV Motion Pictures', 'origin_country': 'IN'}, {'id': 32851, 'name': 'Reliance MediaWorks', 'origin_country': ''}]",http://www.chennaiexp2013.com/,/9j7XfhBJKNfidMCa8JsNbqU1waV.jpg,/6JpbbREGqdEtePnCwxJRcTNX2jZ.jpg,205022.json,597,92,False,False
205596,The Imitation Game,The Imitation Game,"Based on the real life story of legendary cryptanalyst Alan Turing, the film portrays the nail-biting race against time by Turing and his brilliant team of code-breakers at Britain's top-secret Government Code and Cypher School at Bletchley Park, during the darkest days of World War II.",The true enigma was the man who cracked the code.,"Title: The Imitation Game

Tagline: The true enigma was the man who cracked the code.

Overview: Based on the real life story of legendary cryptanalyst Alan Turing, the film portrays the nail-biting race against time by Turing and his brilliant team of code-breakers at Britain's top-secret Government Code and Cypher School at Bletchley Park, during the darkest days of World War II.

Genres: History, Drama, Thriller, War

Production Companies: Bristol Automotive, Black Bear Pictures, FilmNation Entertainment

Production Countries: United States of America, United Kingdom

Spoken Languages: English",tt2084970,2014-11-14,2014.0,en,['US'],113.0,Released,"['History', 'Drama', 'Thriller', 'War']",['English'],"['United States of America', 'United Kingdom']",14000000.0,233555708.0,51.8958,7.979,18454,,,"[{'id': 38145, 'name': 'Bristol Automotive', 'origin_country': 'US'}, {'id': 22146, 'name': 'Black Bear Pictures', 'origin_country': 'US'}, {'id': 7493, 'name': 'FilmNation Entertainment', 'origin_country': 'US'}]",,/zSqJ1qFq8NXFfi7JeIYMlzyR0dx.jpg,/8FCHJ21JBQOgATY2WI8vwYAiXg8.jpg,205596.json,603,87,False,False
2062,Ratatouille,Ratatouille,"In one of Paris's finest restaurants, Remy, a determined young rat, dreams of becoming a renowned French chef. Torn between his family's wishes and his true calling, Remy and his pal Linguini set in motion a hilarious chain of events that turns the City of Lights upside down.",He's dying to become a chef.,"Title: Ratatouille

Tagline: He's dying to become a chef.

Overview: In one of Paris's finest restaurants, Remy, a determined young rat, dreams of becoming a renowned French chef. Torn between his family's wishes and his true calling, Remy and his pal Linguini set in motion a hilarious chain of events that turns the City of Lights upside down.

Genres: Animation, Comedy, Family, Fantasy

Production Companies: Pixar

Production Countries: United States of America

Spoken Languages: English, French",tt0382932,2007-06-28,2007.0,en,['US'],111.0,Released,"['Animation', 'Comedy', 'Family', 'Fantasy']","['English', 'French']",['United States of America'],150000000.0,623726000.0,31.9506,7.847,18985,,,"[{'id': 3, 'name': 'Pixar', 'origin_country': 'US'}]",https://movies.disney.com/ratatouille,/t3vaWRPSf6WjDSamIkKDs1iQWna.jpg,/qxGmHvmjlBlH5WZOhdHEHAjHaMB.jpg,2062.json,501,76,False,False
210577,Gone Girl,Gone Girl,"With his wife's disappearance having become the focus of an intense media circus, a man sees the spotlight turned on him when it's suspected that he may not be innocent.",You don't know what you've got 'til it's...,"Title: Gone Girl

Tagline: You don't know what you've got 'til it's...

Overview: With his wife's disappearance having become the focus of an intense media circus, a man sees the spotlight turned on him when it's suspected that he may not be innocent.

Genres: Mystery, Thriller, Drama

Production Companies: 20th Century Fox, Regency Enterprises, TSG Entertainment

Production Countries: United States of America

Spoken Languages: English",tt2267998,2014-10-01,2014.0,en,['US'],149.0,Released,"['Mystery', 'Thriller', 'Drama']",['English'],['United States of America'],61000000.0,370890259.0,36.5146,7.89,20461,,,"[{'id': 25, 'name': '20th Century Fox', 'origin_country': 'US'}, {'id': 508, 'name': 'Regency Enterprises', 'origin_country': 'US'}, {'id': 22213, 'name': 'TSG Entertainment', 'origin_country': 'US'}]",https://www.20thcenturystudios.com/movies/gone-girl,/ts996lKsxvjkO2yiYG0ht4qAicO.jpg,/iWak7wT0j6ycCc8lKr4NBz9c7n5.jpg,210577.json,440,65,False,False
218,The Terminator,The Terminator,"In the post-apocalyptic future, reigning tyrannical supercomputers teleport a cyborg assassin known as the ""Terminator"" back to 1984 to kill Sarah Connor, whose unborn son is destined to lead insurgents against 21st century mechanical hegemony. Meanwhile, the human-resistance movement dispatches a lone warrior to safeguard Sarah. Can he stop the virtually indestructible killing machine?",Your future is in its hands.,"Title: The Terminator

Tagline: Your future is in its hands.

Overview: In the post-apocalyptic future, reigning tyrannical supercomputers teleport a cyborg assassin known as the ""Terminator"" back to 1984 to kill Sarah Connor, whose unborn son is destined to lead insurgents against 21st century mechanical hegemony. Meanwhile, the human-resistance movement dispatches a lone warrior to safeguard Sarah. Can he stop the virtually indestructible killing machine?

Genres: Action, Thriller, Science Fiction

Collection: The Terminator Collection

Production Companies: Hemdale, Pacific Western

Production Countries: United Kingdom, United States of America

Spoken Languages: English, Spanish",tt0088247,1984-10-26,1984.0,en,['US'],108.0,Released,"['Action', 'Thriller', 'Science Fiction']","['English', 'Spanish']","['United Kingdom', 'United States of America']",6400000.0,78371200.0,42.6757,7.696,15186,528.0,The Terminator Collection,"[{'id': 3952, 'name': 'Hemdale', 'origin_country': 'GB'}, {'id': 1280, 'name': 'Pacific Western', 'origin_country': 'US'}]",https://www.20thcenturystudios.com/movies/theterminator,/qvktm0BHcnmDpul4Hz01GIazWPr.jpg,/ffdqHMWkh1h9MABwIfbfRJhgFW6.jpg,218.json,691,91,False,False
226674,The Adolescent,L'Adolescente,"In the summer of 1939, 13-year-old Marie goes with her parents to visit her grandparents in a small town near Avignon. Marie discovers her femininity and falls for a young Jewish doctor, but he prefers Eva, Marie's mother.",,"Title: The Adolescent

Original Title: L'Adolescente

Overview: In the summer of 1939, 13-year-old Marie goes with her parents to visit her grandparents in a small town near Avignon. Marie discovers her femininity and falls for a young Jewish doctor, but he prefers Eva, Marie's mother.

Genres: Drama

Production Companies: Carthago Coop. Cinematográfica, Südwestfunk, Janus Filmproduktion GmbH

Production Countries: Germany, France

Spoken Languages: French",tt0077123,1979-01-24,1979.0,fr,['FR'],90.0,Released,['Drama'],['French'],"['Germany', 'France']",,,10.8684,4.8,20,,,"[{'id': 63487, 'name': 'Carthago Coop. Cinematográfica', 'origin_country': 'ES'}, {'id': 13983, 'name': 'Südwestfunk', 'origin_country': 'DE'}, {'id': 30277, 'name': 'Janus Filmproduktion GmbH', 'origin_country': ''}]",,/v7yCEzF9BCF82lbp42X5ZLjIieo.jpg,/dqmeFUrf6Hs2ejcGGGfv69vtbbR.jpg,226674.json,460,63,False,False
228150,Fury,Fury,"April, 1945. As the Allies make their final push in the European Theater, a battle-hardened army sergeant commands a Sherman tank with a five-man crew on a deadly mission behind enemy lines.",War never ends quietly.,"Title: Fury

Tagline: War never ends quietly.

Overview: April, 1945. As the Allies make their final push in the European Theater, a battle-hardened army sergeant commands a Sherman tank with a five-man crew on a deadly mission behind enemy lines.

Genres: War, Drama, Action

Production Companies: Columbia Pictures, QED International, LStar Capital, Le Grisbi Productions, Crave Films

Production Countries: United States of America

Spoken Languages: English, German, Spanish",tt2713180,2014-10-15,2014.0,en,['US'],135.0,Released,"['War', 'Drama', 'Action']","['English', 'German', 'Spanish']",['United States of America'],68000000.0,211817906.0,31.6903,7.545,13263,,,"[{'id': 5, 'name': 'Columbia Pictures', 'origin_country': 'US'}, {'id': 11029, 'name': 'QED International', 'origin_country': 'US'}, {'id': 34034, 'name': 'LStar Capital', 'origin_country': 'US'}, {'id': 47169, 'name': 'Le Grisbi Productions', 'origin_country': 'US'}, {'id': 16312, 'name': 'Crave Films', 'origin_country': 'US'}]",,/pfte7wdMobMF4CVHuOxyu6oqeeA.jpg,/95ckrV6wQgbffurAVmETQ5YKASL.jpg,228150.json,478,68,False,False
2330,Taxi,Taxi,"In Marseilles a skilled pizza delivery boy Daniel who drives a scooter finally has his dreams come true. He gets a taxi license. Caught by the police for a huge speed infraction, he will help Emilien, a loser inspector who can't drive, on the track of German bank robbers, so he doesn't lose his license and his dream job.",,"Title: Taxi

Overview: In Marseilles a skilled pizza delivery boy Daniel who drives a scooter finally has his dreams come true. He gets a taxi license. Caught by the police for a huge speed infraction, he will help Emilien, a loser inspector who can't drive, on the track of German bank robbers, so he doesn't lose his license and his dream job.

Genres: Action, Comedy, Crime, Adventure

Collection: Taxi Collection

Production Companies: EuropaCorp, ARP Sélection, TF1 Films Production, StudioCanal

Production Countries: France

Spoken Languages: Portuguese, French, German, Korean",tt0152930,1998-04-08,1998.0,fr,['FR'],86.0,Released,"['Action', 'Comedy', 'Crime', 'Adventure']","['Portuguese', 'French', 'German', 'Korean']",['France'],8700000.0,44218015.0,7.9727,6.7,2819,211721.0,Taxi Collection,"[{'id': 6896, 'name': 'EuropaCorp', 'origin_country': 'FR'}, {'id': 189, 'name': 'ARP Sélection', 'origin_country': 'FR'}, {'id': 356, 'name': 'TF1 Films Production', 'origin_country': 'FR'}, {'id': 694, 'name': 'StudioCanal', 'origin_country': 'FR'}]",,/egBxj3ude84theXc3cLbBHrWOkQ.jpg,/nmGgqRzbb0OHJloknzlorUzUVQo.jpg,2330.json,584,88,False,False
233651,Sex Rider: Wet Highway,セックス・ライダー　濡れたハイウェイ,"On the eve of her wedding and while cheating with another man, a woman gets involved into a dangerous new world of experiences.",,"Title: Sex Rider: Wet Highway

Original Title: セックス・ライダー　濡れたハイウェイ

Overview: On the eve of her wedding and while cheating with another man, a woman gets involved into a dangerous new world of experiences.

Genres: Thriller

Production Companies: Nikkatsu Corporation

Production Countries: Japan

Spoken Languages: Japanese",tt0287685,1971-12-29,1971.0,ja,['JP'],68.0,Released,['Thriller'],['Japanese'],['Japan'],,,67.7482,5.0,14,,,"[{'id': 955, 'name': 'Nikkatsu Corporation', 'origin_country': 'JP'}]",,/jmyo0j2HMDeFvMh5y1wFYpoxH6S.jpg,/6U1ASeNWCTxIPeRFHXMBHp3JBfR.jpg,233651.json,323,45,False,False
238,The Godfather,The Godfather,"Spanning the years 1945 to 1955, a chronicle of the fictional Italian-American Corleone crime family. When organized crime family patriarch, Vito Corleone barely survives an attempt on his life, his youngest son, Michael steps in to take care of the would-be killers, launching a campaign of bloody revenge.",An offer you can't refuse.,"Title: The Godfather

Tagline: An offer you can't refuse.

Overview: Spanning the years 1945 to 1955, a chronicle of the fictional Italian-American Corleone crime family. When organized crime family patriarch, Vito Corleone barely survives an attempt on his life, his youngest son, Michael steps in to take care of the would-be killers, launching a campaign of bloody revenge.

Genres: Drama, Crime

Collection: The Godfather Collection

Production Companies: Paramount Pictures, Alfran Productions, Albert S. Ruddy Productions

Production Countries: United States of America

Spoken Languages: English, Italian, Latin",tt0068646,1972-03-14,1972.0,en,['US'],175.0,Released,"['Drama', 'Crime']","['English', 'Italian', 'Latin']",['United States of America'],6000000.0,245066411.0,61.2048,8.688,23650,230.0,The Godfather Collection,"[{'id': 4, 'name': 'Paramount Pictures', 'origin_country': 'US'}, {'id': 10211, 'name': 'Alfran Productions', 'origin_country': 'US'}, {'id': 16311, 'name': 'Albert S. Ruddy Productions', 'origin_country': 'US'}]",http://www.thegodfather.com/,/3bhkrj58Vtu7enYsRolD1fZdja1.jpg,/tSPT36ZKlP2WVHJLM4cQPLSzv3b.jpg,238.json,618,86,False,False
240,The Godfather Part II,The Godfather Part II,"In the continuing saga of the Corleone crime family, a young Vito Corleone grows up in Sicily and in 1910s New York. In the 1950s, Michael Corleone attempts to expand the family business into Las Vegas, Hollywood and Cuba.",The rise and fall of the Corleone empire.,"Title: The Godfather Part II

Tagline: The rise and fall of the Corleone empire.

Overview: In the continuing saga of the Corleone crime family, a young Vito Corleone grows up in Sicily and in 1910s New York. In the 1950s, Michael Corleone attempts to expand the family business into Las Vegas, Hollywood and Cuba.

Genres: Drama, Crime

Collection: The Godfather Collection

Production Companies: Paramount Pictures, The Coppola Company, American Zoetrope

Production Countries: United States of America

Spoken Languages: English, Italian, Latin, Spanish",tt0071562,1974-12-20,1974.0,en,['US'],202.0,Released,"['Drama', 'Crime']","['English', 'Italian', 'Latin', 'Spanish']",['United States of America'],13000000.0,102600000.0,34.0586,8.573,14378,230.0,The Godfather Collection,"[{'id': 4, 'name': 'Paramount Pictures', 'origin_country': 'US'}, {'id': 536, 'name': 'The Coppola Company', 'origin_country': 'US'}, {'id': 70, 'name': 'American Zoetrope', 'origin_country': 'US'}]",,/8a1lJs7mFyGhGhZZDT1azJUoQiZ.jpg,/kGzFbGhp99zva6oZODW5atUtnqi.jpg,240.json,556,82,False,False
242,The Godfather Part III,The Godfather Part III,"In the midst of trying to legitimize his business dealings in 1979 New York and Italy, aging mafia don, Michael Corleone seeks forgiveness for his sins while taking a young protege under his wing.",All the power on earth can't change destiny.,"Title: The Godfather Part III

Tagline: All the power on earth can't change destiny.

Overview: In the midst of trying to legitimize his business dealings in 1979 New York and Italy, aging mafia don, Michael Corleone seeks forgiveness for his sins while taking a young protege under his wing.

Genres: Crime, Drama, Thriller

Collection: The Godfather Collection

Production Companies: Paramount Pictures, American Zoetrope

Production Countries: United States of America

Spoken Languages: English, Italian, German, Latin",tt0099674,1990-12-25,1990.0,en,['US'],162.0,Released,"['Crime', 'Drama', 'Thriller']","['English', 'Italian', 'German', 'Latin']",['United States of America'],54000000.0,136766062.0,40.5015,7.415,7078,230.0,The Godfather Collection,"[{'id': 4, 'name': 'Paramount Pictures', 'origin_country': 'US'}, {'id': 70, 'name': 'American Zoetrope', 'origin_country': 'US'}]",,/lm3pQ2QoQ16pextRsmnUbG2onES.jpg,/zNnjHLDtV8Ti3aworltaeaLMov4.jpg,242.json,522,75,False,False
24428,The Avengers,The Avengers,"When an unexpected enemy emerges and threatens global safety and security, Nick Fury, director of the international peacekeeping agency known as S.H.I.E.L.D., finds himself in need of a team to pull the world back from the brink of disaster. Spanning the globe, a daring recruitment effort begins!",Some assembly required.,"Title: The Avengers

Tagline: Some assembly required.

Overview: When an unexpected enemy emerges and threatens global safety and security, Nick Fury, director of the international peacekeeping agency known as S.H.I.E.L.D., finds himself in need of a team to pull the world back from the brink of disaster. Spanning the globe, a daring recruitment effort begins!

Genres: Science Fiction, Action, Adventure

Collection: The Avengers Collection

Production Companies: Marvel Studios

Production Countries: United States of America

Spoken Languages: English, Hindi, Russian",tt0848228,2012-04-25,2012.0,en,['US'],143.0,Released,"['Science Fiction', 'Action', 'Adventure']","['English', 'Hindi', 'Russian']",['United States of America'],220000000.0,1518815515.0,69.1602,8.078,39861,86311.0,The Avengers Collection,"[{'id': 420, 'name': 'Marvel Studios', 'origin_country': 'US'}]",https://www.marvel.com/movies/the-avengers,/RYMX2wcKCBAr24UyPD7xwmjaTn.jpg,/9BBTo63ANSmhC4e6r62OJFuK2GL.jpg,24428.json,572,79,False,False
244786,Whiplash,Whiplash,"Under the direction of a ruthless instructor, a talented young drummer begins to pursue perfection at any cost, even his humanity.","Do your best, he said…","Title: Whiplash

Tagline: Do your best, he said…

Overview: Under the direction of a ruthless instructor, a talented young drummer begins to pursue perfection at any cost, even his humanity.

Genres: Drama, Music, Thriller

Production Companies: Bold Films, Blumhouse Productions, Right of Way Films

Production Countries: United States of America

Spoken Languages: English",tt2582802,2014-10-10,2014.0,en,['US'],107.0,Released,"['Drama', 'Music', 'Thriller']",['English'],['United States of America'],3300000.0,50307484.0,34.5132,8.376,17137,,,"[{'id': 2266, 'name': 'Bold Films', 'origin_country': 'US'}, {'id': 3172, 'name': 'Blumhouse Productions', 'origin_country': 'US'}, {'id': 32157, 'name': 'Right of Way Films', 'origin_country': 'US'}]",https://www.sonyclassics.com//film//whiplash#,/7fn624j5lj3xTme2SgiLCeuedmO.jpg,/fRGxZuo7jJUWQsVg9PREb98Aclp.jpg,244786.json,374,53,False,False
24858,Eternity and a Day,Μια αιωνιότητα και μια μέρα,"Famous writer Alexander contracts a terminal illness. He receives a letter from his wife describing a summer day 30 years ago, and leaves his seaside home to remember his past. This journey will allow him to wander between the past and the present, and encounter unexpected people, allowing him to collect unforgettable memories in the final moments of his life.",How long will tomorrow last?,"Title: Eternity and a Day

Original Title: Μια αιωνιότητα και μια μέρα

Tagline: How long will tomorrow last?

Overview: Famous writer Alexander contracts a terminal illness. He receives a letter from his wife describing a summer day 30 years ago, and leaves his seaside home to remember his past. This journey will allow him to wander between the past and the present, and encounter unexpected people, allowing him to collect unforgettable memories in the final moments of his life.

Genres: Drama

Production Companies: Eurimages, ARTE, Paradis Films, Istituto Luce Cinecittà, Greek Film Centre, La Sept Cinéma, Intermédias, Theo Angelopoulos Films, Classic Productions, Canal+, WDR, ERT

Production Countries: France, Germany, Greece, Italy

Spoken Languages: English, Greek, Italian",tt0156794,1998-10-23,1998.0,el,[],133.0,Released,['Drama'],"['English', 'Greek', 'Italian']","['France', 'Germany', 'Greece', 'Italy']",,,48.8507,7.8,224,,,"[{'id': 850, 'name': 'Eurimages', 'origin_country': 'FR'}, {'id': 201, 'name': 'ARTE', 'origin_country': 'FR'}, {'id': 255, 'name': 'Paradis Films', 'origin_country': 'FR'}, {'id': 317, 'name': 'Istituto Luce Cinecittà', 'origin_country': 'IT'}, {'id': 7254, 'name': 'Greek Film Centre', 'origin_country': 'GR'}, {'id': 16366, 'name': 'La Sept Cinéma', 'origin_country': 'FR'}, {'id': 30389, 'name': 'Intermédias', 'origin_country': ''}, {'id': 33152, 'name': 'Theo Angelopoulos Films', 'origin_country': 'GR'}, {'id': 33155, 'name': 'Classic Productions', 'origin_country': 'IT'}, {'id': 104, 'name': 'Canal+', 'origin_country': 'FR'}, {'id': 46, 'name': 'WDR', 'origin_country': 'DE'}, {'id': 7255, 'name': 'ERT', 'origin_country': 'GR'}]",,/wH8sfLJCqNjsIw8zkXpvxdSzj60.jpg,/hwo8xALeQiQsW31ZErCJvxpRdsV.jpg,24858.json,786,116,False,False
255709,Hope,소원,"After 8-year-old So-won narrowly survives a brutal sexual assault, her family labors to help her heal while coping with their own rage and grief.",We won't let her shed tears again.,"Title: Hope

Original Title: 소원

Tagline: We won't let her shed tears again.

Overview: After 8-year-old So-won narrowly survives a brutal sexual assault, her family labors to help her heal while coping with their own rage and grief.

Genres: Drama

Production Companies: Lotte Entertainment, Film Momentum, Michigan Venture Capital

Production Countries: South Korea

Spoken Languages: Korean",tt3153634,2013-10-02,2013.0,ko,['KR'],122.0,Released,['Drama'],['Korean'],['South Korea'],,,9.1978,8.4,919,,,"[{'id': 7819, 'name': 'Lotte Entertainment', 'origin_country': 'KR'}, {'id': 112850, 'name': 'Film Momentum', 'origin_country': 'KR'}, {'id': 81594, 'name': 'Michigan Venture Capital', 'origin_country': 'KR'}]",,/x9yjkm9gIz5qI5fJMUTfBnWiB2o.jpg,/cri20wZDTl1X5QpxlWCSJ4HSpTF.jpg,255709.json,393,56,False,False
259693,The Conjuring 2,The Conjuring 2,Lorraine and Ed Warren travel to north London to help a single mother raising four children alone in a house plagued by malicious spirits.,The next true story from the case files of Ed and Lorraine Warren.,"Title: The Conjuring 2

Tagline: The next true story from the case files of Ed and Lorraine Warren.

Overview: Lorraine and Ed Warren travel to north London to help a single mother raising four children alone in a house plagued by malicious spirits.

Genres: Horror

Collection: The Conjuring Collection

Production Companies: New Line Cinema, The Safran Company, Atomic Monster, RatPac Entertainment

Production Countries: United States of America

Spoken Languages: English",tt3065204,2016-06-08,2016.0,en,['US'],134.0,Released,['Horror'],['English'],['United States of America'],40000000.0,322819915.0,31.6049,7.294,9430,313086.0,The Conjuring Collection,"[{'id': 12, 'name': 'New Line Cinema', 'origin_country': 'US'}, {'id': 11565, 'name': 'The Safran Company', 'origin_country': 'US'}, {'id': 76907, 'name': 'Atomic Monster', 'origin_country': 'US'}, {'id': 41624, 'name': 'RatPac Entertainment', 'origin_country': 'US'}]",http://www.warnerbros.com/conjuring-2,/zEqyD0SBt6HL7W9JQoWwtd5Do1T.jpg,/hD9zZYKYb1xBgcm8XIfyvclSkjs.jpg,259693.json,475,70,False,False
26022,My Name Is Khan,My Name Is Khan,"Rizwan Khan, a Muslim from the Borivali section of Mumbai, has Asperger's syndrome. He marries a Hindu single mother, Mandira, in San Francisco. After 9/11, Rizwan is detained by authorities at LAX who treat him as a terrorist because of his condition and his race.","An ordinary man, an extraordinary journey... FOR LOVE.","Title: My Name Is Khan

Tagline: An ordinary man, an extraordinary journey... FOR LOVE.

Overview: Rizwan Khan, a Muslim from the Borivali section of Mumbai, has Asperger's syndrome. He marries a Hindu single mother, Mandira, in San Francisco. After 9/11, Rizwan is detained by authorities at LAX who treat him as a terrorist because of his condition and his race.

Genres: Drama, Romance

Production Companies: Dharma Productions, Fox Searchlight Pictures, Red Chillies Entertainment, Fox Star Studios, Image Nation Studios, Fox International Productions, Mandate International, Star China Media, Bollywood Hollywood Productions

Production Countries: China, India, United Arab Emirates, United States of America

Spoken Languages: English, Hindi",tt1188996,2010-02-10,2010.0,hi,['IN'],165.0,Released,"['Drama', 'Romance']","['English', 'Hindi']","['China', 'India', 'United Arab Emirates', 'United States of America']",12000000.0,42345360.0,8.0402,8.0,1506,,,"[{'id': 19146, 'name': 'Dharma Productions', 'origin_country': 'IN'}, {'id': 43, 'name': 'Fox Searchlight Pictures', 'origin_country': 'US'}, {'id': 2343, 'name': 'Red Chillies Entertainment', 'origin_country': 'IN'}, {'id': 12154, 'name': 'Fox Star Studios', 'origin_country': 'IN'}, {'id': 6736, 'name': 'Image Nation Studios', 'origin_country': 'AE'}, {'id': 7485, 'name': 'Fox International Productions', 'origin_country': 'US'}, {'id': 181992, 'name': 'Mandate International', 'origin_country': 'US'}, {'id': 214866, 'name': 'Star China Media', 'origin_country': 'CN'}, {'id': 273774, 'name': 'Bollywood Hollywood Productions', 'origin_country': 'IN'}]",,/5Y36lCiNyyV71mjq6LavgiggbhT.jpg,/zGCnIADWwpjGllYv8DgT8HIuIQl.jpg,26022.json,747,105,False,False
260514,Cars 3,Cars 3,"Blindsided by a new generation of blazing-fast racers, the legendary Lightning McQueen finds himself pushed to the brink—and suddenly, the champion who once ruled the track is fighting just to stay in the race. With his career hanging in the balance, McQueen must turn to an ambitious young race technician with a plan of her own, draw strength from the legacy of the late Fabulous Hudson Hornet, and risk everything on one last shot at glory.",It's not over until lightning strikes.,"Title: Cars 3

Tagline: It's not over until lightning strikes.

Overview: Blindsided by a new generation of blazing-fast racers, the legendary Lightning McQueen finds himself pushed to the brink—and suddenly, the champion who once ruled the track is fighting just to stay in the race. With his career hanging in the balance, McQueen must turn to an ambitious young race technician with a plan of her own, draw strength from the legacy of the late Fabulous Hudson Hornet, and risk everything on one last shot at glory.

Genres: Animation, Drama, Family, Adventure

Collection: Cars Collection

Production Companies: Pixar, Walt Disney Pictures

Production Countries: United States of America

Spoken Languages: English",tt3606752,2017-06-15,2017.0,en,['US'],102.0,Released,"['Animation', 'Drama', 'Family', 'Adventure']",['English'],['United States of America'],175000000.0,383925276.0,30.8264,6.866,6603,87118.0,Cars Collection,"[{'id': 3, 'name': 'Pixar', 'origin_country': 'US'}, {'id': 2, 'name': 'Walt Disney Pictures', 'origin_country': 'US'}]",http://cars.disney.com,/zg5RDxvIIAKsucjuU2EZJIHEIvz.jpg,/4mlS1MitcOqdPLhxEFyk9Qwf5rr.jpg,260514.json,717,110,False,True
265177,Mommy,Mommy,"A peculiar neighbor offers hope to a recent widow who is struggling to raise a teenager who is unpredictable and, sometimes, violent.",Loving people doesn't save them.,"Title: Mommy

Tagline: Loving people doesn't save them.

Overview: A peculiar neighbor offers hope to a recent widow who is struggling to raise a teenager who is unpredictable and, sometimes, violent.

Genres: Drama

Production Companies: Metafilms, Sons of Manual

Production Countries: Canada

Spoken Languages: French, English",tt3612616,2014-09-19,2014.0,fr,['CA'],138.0,Released,['Drama'],"['French', 'English']",['Canada'],4900000.0,3494070.0,9.7372,8.194,2901,,,"[{'id': 13839, 'name': 'Metafilms', 'origin_country': 'CA'}, {'id': 50488, 'name': 'Sons of Manual', 'origin_country': 'CA'}]",http://mommythemovie.com/,/uPDP0cHGOpkr47rdCdHWo4CyiPj.jpg,/dIHezuC3AmylT8mkXQiWSjz2wJR.jpg,265177.json,329,46,False,False
26827,Who's That Girl,Who's That Girl,An uptight New York City tax lawyer gets his life turned upside down one day when he's asked to escort a feisty free-spirited ex-convict who asks him to help prove her innocence of her crime.,A funny thing happened on the way to the bus station.,"Title: Who's That Girl

Tagline: A funny thing happened on the way to the bus station.

Overview: An uptight New York City tax lawyer gets his life turned upside down one day when he's asked to escort a feisty free-spirited ex-convict who asks him to help prove her innocence of her crime.

Genres: Comedy, Romance

Production Companies: Warner Bros. Pictures, The Guber-Peters Company

Production Countries: United States of America

Spoken Languages: English",tt0094321,1987-08-07,1987.0,en,['US'],93.0,Released,"['Comedy', 'Romance']",['English'],['United States of America'],18500000.0,7305209.0,44.0687,5.5,263,,,"[{'id': 174, 'name': 'Warner Bros. Pictures', 'origin_country': 'US'}, {'id': 276, 'name': 'The Guber-Peters Company', 'origin_country': 'US'}]",,/2Yu6ciKKgSWIZAzUg4IrrifO23z.jpg,/nPLS4lsCl34nIIMb1MBYtHsd5hY.jpg,26827.json,460,72,False,False
269149,Zootopia,Zootopia,"Determined to prove herself, Officer Judy Hopps, the first bunny on Zootopia's police force, jumps at the chance to crack her first case - even if it means partnering with scam-artist fox Nick Wilde to solve the mystery.",Welcome to the urban jungle.,"Title: Zootopia

Tagline: Welcome to the urban jungle.

Overview: Determined to prove herself, Officer Judy Hopps, the first bunny on Zootopia's police force, jumps at the chance to crack her first case - even if it means partnering with scam-artist fox Nick Wilde to solve the mystery.

Genres: Animation, Adventure, Family, Comedy

Collection: Zootopia Collection

Production Companies: Walt Disney Animation Studios

Production Countries: United States of America

Spoken Languages: English",tt2948356,2016-02-11,2016.0,en,['US'],109.0,Released,"['Animation', 'Adventure', 'Family', 'Comedy']",['English'],['United States of America'],150000000.0,1025521689.0,28.6947,7.765,18552,1084247.0,Zootopia Collection,"[{'id': 6125, 'name': 'Walt Disney Animation Studios', 'origin_country': 'US'}]",http://movies.disney.com/zootopia,/hlK0e0wAQ3VLuJcsfIYPvb4JVud.jpg,/9tOkjBEiiGcaClgJFtwocStZvIT.jpg,269149.json,493,70,False,False
269955,Obsessed,인간중독,"A secret, passionate affair happens in the summer of 1969 between Colonel Jin Pyeong, trapped in a loveless marriage with Soo Jin, and Jong Ga Heun, the Chinese-Korean wife of Captain Kyung Woo Jin.","If I cannot see you, I can't even breathe…","Title: Obsessed

Original Title: 인간중독

Tagline: If I cannot see you, I can't even breathe…

Overview: A secret, passionate affair happens in the summer of 1969 between Colonel Jin Pyeong, trapped in a loveless marriage with Soo Jin, and Jong Ga Heun, the Chinese-Korean wife of Captain Kyung Woo Jin.

Genres: Drama, Romance

Production Companies: Next Entertainment World, Finecut, Iron Pack

Production Countries: South Korea

Spoken Languages: Korean",tt3303730,2014-05-14,2014.0,ko,['KR'],132.0,Released,"['Drama', 'Romance']",['Korean'],['South Korea'],,,21.4438,6.7,84,,,"[{'id': 20064, 'name': 'Next Entertainment World', 'origin_country': 'KR'}, {'id': 11590, 'name': 'Finecut', 'origin_country': 'KR'}, {'id': 198865, 'name': 'Iron Pack', 'origin_country': ''}]",http://www.obsessed.co.kr/,/XdVqGnvRqCQXalcJPDGIeDn7Kj.jpg,/aQzXICKh3oaJanWSsSRJ2epB9Z5.jpg,269955.json,453,68,False,False
27205,Inception,Inception,"Cobb, a skilled thief who commits corporate espionage by infiltrating the subconscious of his targets is offered a chance to regain his old life as payment for a task considered to be impossible: ""inception"", the implantation of another person's idea into a target's subconscious.",Your mind is the scene of the crime.,"Title: Inception

Tagline: Your mind is the scene of the crime.

Overview: Cobb, a skilled thief who commits corporate espionage by infiltrating the subconscious of his targets is offered a chance to regain his old life as payment for a task considered to be impossible: ""inception"", the implantation of another person's idea into a target's subconscious.

Genres: Action, Science Fiction, Adventure

Production Companies: Warner Bros. Pictures

Production Countries: United Kingdom, United States of America

Spoken Languages: English, French, Japanese, Swahili",tt1375666,2010-07-15,2010.0,en,"['US', 'GB']",148.0,Released,"['Action', 'Science Fiction', 'Adventure']","['English', 'French', 'Japanese', 'Swahili']","['United Kingdom', 'United States of America']",160000000.0,839030630.0,54.119,8.374,40283,,,"[{'id': 174, 'name': 'Warner Bros. Pictures', 'origin_country': 'US'}]",https://www.warnerbros.com/movies/inception,/xlaY2zyzMfkhk0HSC5VUwzoZPU1.jpg,/8ZTVqvKDQ8emSGUEMjsS4yHAwrp.jpg,27205.json,562,80,False,False
276488,Let Us Prey,Let Us Prey,"Rachel, a rookie cop, is about to begin her first night shift in a neglected police station in a Scottish, backwater town. The kind of place where the tide has gone out and stranded a motley bunch of the aimless, the forgotten, the bitter-and-twisted who all think that, really, they deserve to be somewhere else. They all think they're there by accident and that, with a little luck, life is going to get better. Wrong, on both counts. Six is about to arrive - and All Hell Will Break Loose!",Darkness Shall Rise,"Title: Let Us Prey

Tagline: Darkness Shall Rise

Overview: Rachel, a rookie cop, is about to begin her first night shift in a neglected police station in a Scottish, backwater town. The kind of place where the tide has gone out and stranded a motley bunch of the aimless, the forgotten, the bitter-and-twisted who all think that, really, they deserve to be somewhere else. They all think they're there by accident and that, with a little luck, life is going to get better. Wrong, on both counts. Six is about to arrive - and All Hell Will Break Loose!

Genres: Thriller, Horror

Production Companies: Greenhouse Media Investment, Makar Productions, Fantastic Films, Fís Éireann/Screen Ireland

Production Countries: Ireland, United Kingdom

Spoken Languages: English",tt3148348,2014-04-17,2014.0,en,"['IE', 'GB']",92.0,Released,"['Thriller', 'Horror']",['English'],"['Ireland', 'United Kingdom']",,,82.9547,5.7,379,,,"[{'id': 47348, 'name': 'Greenhouse Media Investment', 'origin_country': ''}, {'id': 2446, 'name': 'Makar Productions', 'origin_country': ''}, {'id': 18078, 'name': 'Fantastic Films', 'origin_country': 'IE'}, {'id': 1898, 'name': 'Fís Éireann/Screen Ireland', 'origin_country': 'IE'}]",,/7X5VhHwDaSLkrDoifRbfvGZJxFP.jpg,/ewy2aJDFtqMzCrDg0wsZ3G2MOpo.jpg,276488.json,767,122,False,False
278,The Shawshank Redemption,The Shawshank Redemption,"Imprisoned in the 1940s for the double murder of his wife and her lover, upstanding banker Andy Dufresne begins a new life at the Shawshank prison, where he puts his accounting skills to work for an amoral warden. During his long stretch in prison, Dufresne comes to be admired by the other inmates -- including an older prisoner named Red -- for his integrity and unquenchable sense of hope.",Fear can hold you prisoner. Hope can set you free.,"Title: The Shawshank Redemption

Tagline: Fear can hold you prisoner. Hope can set you free.

Overview: Imprisoned in the 1940s for the double murder of his wife and her lover, upstanding banker Andy Dufresne begins a new life at the Shawshank prison, where he puts his accounting skills to work for an amoral warden. During his long stretch in prison, Dufresne comes to be admired by the other inmates -- including an older prisoner named Red -- for his integrity and unquenchable sense of hope.

Genres: Drama, Crime

Production Companies: Castle Rock Entertainment

Production Countries: United States of America

Spoken Languages: English",tt0111161,1994-09-23,1994.0,en,['US'],142.0,Released,"['Drama', 'Crime']",['English'],['United States of America'],25000000.0,28341469.0,62.6216,8.731,31436,,,"[{'id': 97, 'name': 'Castle Rock Entertainment', 'origin_country': 'US'}]",,/9cqNxx0GxF0bflZmeSMuL5tnGzr.jpg,/pNjh59JSxChQktamG3LMp9ZoQzp.jpg,278.json,642,102,False,False
286687,Love Lesson,화려한 외출,"Korea's most popular song writer Hee-soo runs into a nineteen-year-old boy in the elevator. Hee-soo is inspired by a new song watching him shake at her figure. She starts to tell him about women under the excuse that she's teaching him music. They fall for each other but things get complicated when her life teacher, Joon-ho who taught her about life and music comes back.",Every song needs inspiration,"Title: Love Lesson

Original Title: 화려한 외출

Tagline: Every song needs inspiration

Overview: Korea's most popular song writer Hee-soo runs into a nineteen-year-old boy in the elevator. Hee-soo is inspired by a new song watching him shake at her figure. She starts to tell him about women under the excuse that she's teaching him music. They fall for each other but things get complicated when her life teacher, Joon-ho who taught her about life and music comes back.

Genres: Romance, Drama, Comedy

Production Companies: Shakabuku Films

Production Countries: South Korea

Spoken Languages: Korean",tt3985604,2013-12-05,2013.0,ko,['KR'],80.0,Released,"['Romance', 'Drama', 'Comedy']",['Korean'],['South Korea'],,,14.2133,6.8,43,,,"[{'id': 106867, 'name': 'Shakabuku Films', 'origin_country': ''}]",,/yUQg6yvZIRQUSyQ36TQo0Tp1gzr.jpg,/4fza1QWpGAoxReiEsnvdFBeMyfX.jpg,286687.json,598,93,False,False
287649,Scarlet Innocence,마담 뺑덕,"A university professor gradually succumbing to blindness is entranced by an obsessive love, in this modern-day adaptation of a classic Korean fairy tale.","Love, lust and obsession.","Title: Scarlet Innocence

Original Title: 마담 뺑덕

Tagline: Love, lust and obsession.

Overview: A university professor gradually succumbing to blindness is entranced by an obsessive love, in this modern-day adaptation of a classic Korean fairy tale.

Genres: Thriller, Drama, Romance

Production Companies: CJ Entertainment

Production Countries: South Korea

Spoken Languages: Korean",tt3958014,2014-10-02,2014.0,ko,['KR'],111.0,Released,"['Thriller', 'Drama', 'Romance']",['Korean'],['South Korea'],,,8.925,6.1,71,,,"[{'id': 7036, 'name': 'CJ Entertainment', 'origin_country': 'KR'}]",,/yxkDIJC6cX9MnnM87rEzYHswWxs.jpg,/w2Z2iBc11pNaNAVFYQOet6lFKom.jpg,287649.json,383,51,False,False
290098,The Handmaiden,아가씨,"1930s Korea, in the period of Japanese occupation, a new girl, Sook-hee, is hired as a handmaiden to a Japanese heiress, Hideko, who lives a secluded life on a large countryside estate with her domineering Uncle Kouzuki. But the maid has a secret. She is a pickpocket recruited by a swindler posing as a Japanese Count to help him seduce the Lady to steal her fortune.",You're the one being tricked.,"Title: The Handmaiden

Original Title: 아가씨

Tagline: You're the one being tricked.

Overview: 1930s Korea, in the period of Japanese occupation, a new girl, Sook-hee, is hired as a handmaiden to a Japanese heiress, Hideko, who lives a secluded life on a large countryside estate with her domineering Uncle Kouzuki. But the maid has a secret. She is a pickpocket recruited by a swindler posing as a Japanese Count to help him seduce the Lady to steal her fortune.

Genres: Thriller, Drama, Romance

Production Companies: Moho Film, Yong Film, CJ Entertainment

Production Countries: South Korea

Spoken Languages: Japanese, Korean",tt4016934,2016-06-01,2016.0,ko,['KR'],145.0,Released,"['Thriller', 'Drama', 'Romance']","['Japanese', 'Korean']",['South Korea'],8575000.0,38600000.0,25.6752,8.176,4507,,,"[{'id': 34725, 'name': 'Moho Film', 'origin_country': 'KR'}, {'id': 49096, 'name': 'Yong Film', 'origin_country': 'KR'}, {'id': 7036, 'name': 'CJ Entertainment', 'origin_country': 'KR'}]",,/dLlH4aNHdnmf62umnInL8xPlPzw.jpg,/9o9ci7ZH9chSy8B7YXCBYih8Kkd.jpg,290098.json,629,99,False,False
292431,Love,Love,"Murphy is an American living in Paris who enters a highly sexually and emotionally charged relationship with the unstable Electra. Unaware of the seismic effect it will have on their relationship, they invite their pretty neighbor into their bed.",,"Title: Love

Overview: Murphy is an American living in Paris who enters a highly sexually and emotionally charged relationship with the unstable Electra. Unaware of the seismic effect it will have on their relationship, they invite their pretty neighbor into their bed.

Genres: Drama, Romance

Production Companies: Wild Bunch, Les Cinémas de la Zone, RT Features, Rectangle Productions, SCOPE Pictures

Production Countries: Belgium, France, Brazil

Spoken Languages: English",tt3774694,2015-07-15,2015.0,fr,['FR'],134.0,Released,"['Drama', 'Romance']",['English'],"['Belgium', 'France', 'Brazil']",3000000.0,249083.0,8.295,6.5,2729,,,"[{'id': 856, 'name': 'Wild Bunch', 'origin_country': 'FR'}, {'id': 1157, 'name': 'Les Cinémas de la Zone', 'origin_country': 'FR'}, {'id': 30666, 'name': 'RT Features', 'origin_country': 'BR'}, {'id': 2700, 'name': 'Rectangle Productions', 'origin_country': 'FR'}, {'id': 11199, 'name': 'SCOPE Pictures', 'origin_country': 'BE'}]",,/yz6lmOmsmYuj6AOLG4LIwK5eJZF.jpg,/hoszursvZR1C054sTXVQBcBDory.jpg,292431.json,477,68,False,False
293670,The Wailing,곡성,A stranger arrives in a little village and soon after a mysterious sickness starts spreading. A policeman is drawn into the incident and is forced to solve the mystery in order to save his daughter.,Never be tempted.,"Title: The Wailing

Original Title: 곡성

Tagline: Never be tempted.

Overview: A stranger arrives in a little village and soon after a mysterious sickness starts spreading. A policeman is drawn into the incident and is forced to solve the mystery in order to save his daughter.

Genres: Horror, Mystery

Production Companies: Fox International Productions, Ivanhoe Pictures, Side Mirror, 20th Century Fox Korea

Production Countries: South Korea, United States of America

Spoken Languages: Korean, Japanese",tt5215952,2016-05-12,2016.0,ko,['KR'],156.0,Released,"['Horror', 'Mystery']","['Korean', 'Japanese']","['South Korea', 'United States of America']",10951000.0,49851770.0,12.0825,7.4,2173,,,"[{'id': 7485, 'name': 'Fox International Productions', 'origin_country': 'US'}, {'id': 107897, 'name': 'Ivanhoe Pictures', 'origin_country': 'US'}, {'id': 127877, 'name': 'Side Mirror', 'origin_country': 'KR'}, {'id': 112148, 'name': '20th Century Fox Korea', 'origin_country': 'KR'}]",,/lWE9ih9qgjx8HatYboP7fG0nri.jpg,/9qxBNfI1QFbiZS62fsgaUd563t2.jpg,293670.json,506,74,False,False
297222,PK,पीके,"A stranger in the city asks questions no one has asked before. Known only by his initials, the man's innocent questions and childlike curiosity take him on a journey of love, laughter and letting go.",,"Title: PK

Original Title: पीके

Overview: A stranger in the city asks questions no one has asked before. Known only by his initials, the man's innocent questions and childlike curiosity take him on a journey of love, laughter and letting go.

Genres: Comedy, Drama, Science Fiction

Production Companies: Rajkumar Hirani Films, Vinod Chopra Films, UTV Motion Pictures

Production Countries: India

Spoken Languages: Hindi",tt2338151,2014-12-18,2014.0,hi,['IN'],153.0,Released,"['Comedy', 'Drama', 'Science Fiction']",['Hindi'],['India'],13000000.0,118920000.0,7.7745,7.7,1216,,,"[{'id': 44163, 'name': 'Rajkumar Hirani Films', 'origin_country': 'IN'}, {'id': 44164, 'name': 'Vinod Chopra Films', 'origin_country': 'IN'}, {'id': 2320, 'name': 'UTV Motion Pictures', 'origin_country': 'IN'}]",,/z2x2Y4tncefsIU7h82gmUM5vnBJ.jpg,/gxfvtq5eYiClS2X7hxAAPBNrbWA.jpg,297222.json,422,63,False,False
299534,Avengers: Endgame,Avengers: Endgame,"After the devastating events of Avengers: Infinity War, the universe is in ruins due to the efforts of the Mad Titan, Thanos. With the help of remaining allies, the Avengers must assemble once more in order to undo Thanos' actions and restore order to the universe once and for all, no matter what consequences may be in store.",Avenge the fallen.,"Title: Avengers: Endgame

Tagline: Avenge the fallen.

Overview: After the devastating events of Avengers: Infinity War, the universe is in ruins due to the efforts of the Mad Titan, Thanos. With the help of remaining allies, the Avengers must assemble once more in order to undo Thanos' actions and restore order to the universe once and for all, no matter what consequences may be in store.

Genres: Adventure, Science Fiction, Action

Collection: The Avengers Collection

Production Companies: Marvel Studios

Production Countries: United States of America

Spoken Languages: English, Japanese, Xhosa",tt4154796,2019-04-24,2019.0,en,['US'],181.0,Released,"['Adventure', 'Science Fiction', 'Action']","['English', 'Japanese', 'Xhosa']",['United States of America'],356000000.0,2885439100.0,133.9381,8.245,28824,86311.0,The Avengers Collection,"[{'id': 420, 'name': 'Marvel Studios', 'origin_country': 'US'}]",https://www.marvel.com/movies/avengers-endgame,/ulzhLuWrPK07P1YkdWQLZnQh1JL.jpg,/7RyHsO4yDXtBv1zUU3mTpHeQ0d5.jpg,299534.json,603,90,False,False
299536,Avengers: Infinity War,Avengers: Infinity War,"As the Avengers and their allies have continued to protect the world from threats too large for any one hero to handle, a new danger has emerged from the cosmic shadows: Thanos. A despot of intergalactic infamy, his goal is to collect all six Infinity Stones, artifacts of unimaginable power, and use them to inflict his twisted will on all of reality. Everything the Avengers have fought for has led up to this moment - the fate of Earth and existence itself has never been more uncertain.",An entire universe. Once and for all.,"Title: Avengers: Infinity War

Tagline: An entire universe. Once and for all.

Overview: As the Avengers and their allies have continued to protect the world from threats too large for any one hero to handle, a new danger has emerged from the cosmic shadows: Thanos. A despot of intergalactic infamy, his goal is to collect all six Infinity Stones, artifacts of unimaginable power, and use them to inflict his twisted will on all of reality. Everything the Avengers have fought for has led up to this moment - the fate of Earth and existence itself has never been more uncertain.

Genres: Adventure, Action, Science Fiction

Collection: The Avengers Collection

Production Companies: Marvel Studios

Production Countries: United States of America

Spoken Languages: English, Xhosa",tt4154756,2018-04-25,2018.0,en,['US'],149.0,Released,"['Adventure', 'Action', 'Science Fiction']","['English', 'Xhosa']",['United States of America'],300000000.0,2052415039.0,86.8185,8.243,32973,86311.0,The Avengers Collection,"[{'id': 420, 'name': 'Marvel Studios', 'origin_country': 'US'}]",https://www.marvel.com/movies/avengers-infinity-war,/7WsyChQLEftFiDOVTGkv3hFpyyt.jpg,/mDfJG3LC3Dqb67AZ52x3Z0jU0uB.jpg,299536.json,780,123,False,False
301528,Toy Story 4,Toy Story 4,"Woody has always been confident about his place in the world, devoted to taking care of his kid—whether that's Andy or Bonnie. But after Bonnie creates a reluctant new toy called ""Forky"", a road trip adventure alongside old and new friends challenges everything Woody believes about loyalty, purpose, and what it truly means to be a toy.",The adventure of a lifetime.,"Title: Toy Story 4

Tagline: The adventure of a lifetime.

Overview: Woody has always been confident about his place in the world, devoted to taking care of his kid—whether that's Andy or Bonnie. But after Bonnie creates a reluctant new toy called ""Forky"", a road trip adventure alongside old and new friends challenges everything Woody believes about loyalty, purpose, and what it truly means to be a toy.

Genres: Family, Comedy, Animation, Adventure

Collection: Toy Story Collection

Production Companies: Pixar

Production Countries: United States of America

Spoken Languages: English",tt1979376,2019-06-19,2019.0,en,['US'],100.0,Released,"['Family', 'Comedy', 'Animation', 'Adventure']",['English'],['United States of America'],175000000.0,1073841394.0,31.2261,7.464,11017,10194.0,Toy Story Collection,"[{'id': 3, 'name': 'Pixar', 'origin_country': 'US'}]",https://www.pixar.com/feature-films-toy-story-4,/w9kR8qbmQ01HwnvK4alvnQ2ca0L.jpg,/q62bpQ67qaXY0u6b2wFEnQYIbPd.jpg,301528.json,590,89,False,True
308624,The Story of Ong-nyeo,옹녀뎐,"Ong-nye had a world of men wrapped around her finger, until, one day, a horrific injury leaves her handicapped, and she retreats to the mountains. But one man may break her loneliness.",She has it all,"Title: The Story of Ong-nyeo

Original Title: 옹녀뎐

Tagline: She has it all

Overview: Ong-nye had a world of men wrapped around her finger, until, one day, a horrific injury leaves her handicapped, and she retreats to the mountains. But one man may break her loneliness.

Genres: Romance, Drama

Production Companies: 늘푸른시네마

Production Countries: South Korea

Spoken Languages: Korean",tt6428168,2014-08-21,2014.0,ko,['KR'],94.0,Released,"['Romance', 'Drama']",['Korean'],['South Korea'],,,9.4562,5.5,6,,,"[{'id': 136876, 'name': '늘푸른시네마', 'origin_country': 'KR'}]",,/rtl4hW2KJHInieeCiGgrDJmMG7s.jpg,/w4X3j3ECvmEJMLabhbLB94iGcMV.jpg,308624.json,385,59,False,False
3134,Baise-moi,Baise-moi,"Nadine and Manu are two mad women, as tidy as can be, almost perfectionists. They have several things in common: extreme sex, drugs, beer and the trigger. They find the solution to their problems with guns and beware to those who dare to get in their way!",Art or Pornography? You be the judge! Complete and Uncut the most controversial film of all time...A hard-core Thelma & Louise.,"Title: Baise-moi

Tagline: Art or Pornography? You be the judge! Complete and Uncut the most controversial film of all time...A hard-core Thelma & Louise.

Overview: Nadine and Manu are two mad women, as tidy as can be, almost perfectionists. They have several things in common: extreme sex, drugs, beer and the trigger. They find the solution to their problems with guns and beware to those who dare to get in their way!

Genres: Crime, Drama, Thriller

Production Companies: Toute Premiere Fois

Production Countries: France

Spoken Languages: French",tt0249380,2000-06-28,2000.0,fr,['FR'],77.0,Released,"['Crime', 'Drama', 'Thriller']",['French'],['France'],,940944.0,11.0963,4.8,502,,,"[{'id': 1285, 'name': 'Toute Premiere Fois', 'origin_country': 'FR'}]",http://www.baise-moi.co.uk,/zmkh7qyNIQmx2xi972WL39wzqOH.jpg,/tvH2BVDNDHkCs282vkTxtGQShzy.jpg,3134.json,552,87,False,False
315011,Shin Godzilla,シン・ゴジラ,"When a massive, gilled monster emerges from the deep and tears through the city, the government scrambles to save its citizens.  A rag-tag team of volunteers cuts through a web of red tape to uncover the monster's weakness and its mysterious ties to a foreign superpower.  But time is not on their side - the greatest catastrophe to ever befall the world is about to evolve right before their very eyes.",A god incarnate. A city doomed.,"Title: Shin Godzilla

Original Title: シン・ゴジラ

Tagline: A god incarnate. A city doomed.

Overview: When a massive, gilled monster emerges from the deep and tears through the city, the government scrambles to save its citizens.  A rag-tag team of volunteers cuts through a web of red tape to uncover the monster's weakness and its mysterious ties to a foreign superpower.  But time is not on their side - the greatest catastrophe to ever befall the world is about to evolve right before their very eyes.

Genres: Action, Science Fiction, Horror

Production Companies: Toho Pictures, Cine Bazar

Production Countries: Japan

Spoken Languages: Italian, German, English, Japanese",tt4262980,2016-07-29,2016.0,ja,['JP'],120.0,Released,"['Action', 'Science Fiction', 'Horror']","['Italian', 'German', 'English', 'Japanese']",['Japan'],15000000.0,78053145.0,10.5839,7.2,1654,,,"[{'id': 49301, 'name': 'Toho Pictures', 'origin_country': 'JP'}, {'id': 5896, 'name': 'Cine Bazar', 'origin_country': 'JP'}]",https://gkids.com/films/shin-godzilla,/jPNShaWZMpVF0iQ7j1dvTuZLD20.jpg,/tb0uo01w2kDHiQwTszsLlSusAm4.jpg,315011.json,674,105,False,False
315162,Puss in Boots: The Last Wish,Puss in Boots: The Last Wish,"Puss in Boots discovers that his passion for adventure has taken its toll: He has burned through eight of his nine lives, leaving him with only one life left. Puss sets out on an epic journey to find the mythical Last Wish and restore his nine lives.",Say hola to his little friends.,"Title: Puss in Boots: The Last Wish

Tagline: Say hola to his little friends.

Overview: Puss in Boots discovers that his passion for adventure has taken its toll: He has burned through eight of his nine lives, leaving him with only one life left. Puss sets out on an epic journey to find the mythical Last Wish and restore his nine lives.

Genres: Animation, Adventure, Fantasy, Comedy, Family

Collection: Puss in Boots Collection

Production Companies: DreamWorks Animation

Production Countries: United States of America

Spoken Languages: English, Spanish",tt3915174,2022-12-07,2022.0,en,['US'],103.0,Released,"['Animation', 'Adventure', 'Fantasy', 'Comedy', 'Family']","['English', 'Spanish']",['United States of America'],90000000.0,484700000.0,34.8239,8.219,9254,94602.0,Puss in Boots Collection,"[{'id': 521, 'name': 'DreamWorks Animation', 'origin_country': 'US'}]",https://www.dreamworks.com/movies/puss-in-boots-the-last-wish,/kuf6dutpsT0vSVehic3EZIqkOBt.jpg,/jr8tSoJGj33XLgFBy6lmZhpGQNu.jpg,315162.json,560,87,False,False
315635,Spider-Man: Homecoming,Spider-Man: Homecoming,"Following the events of Captain America: Civil War, Peter Parker, with the help of his mentor Tony Stark, tries to balance his life as an ordinary high school student in Queens, New York City, with fighting crime as his superhero alter ego Spider-Man as a new threat, the Vulture, emerges.",Homework can wait. The city can't.,"Title: Spider-Man: Homecoming

Tagline: Homework can wait. The city can't.

Overview: Following the events of Captain America: Civil War, Peter Parker, with the help of his mentor Tony Stark, tries to balance his life as an ordinary high school student in Queens, New York City, with fighting crime as his superhero alter ego Spider-Man as a new threat, the Vulture, emerges.

Genres: Action, Adventure, Science Fiction

Collection: Spider-Man (MCU) Collection

Production Companies: Marvel Studios, Pascal Pictures, LStar Capital, Columbia Pictures

Production Countries: United States of America

Spoken Languages: English",tt2250912,2017-07-05,2017.0,en,['US'],133.0,Released,"['Action', 'Adventure', 'Science Fiction']",['English'],['United States of America'],175000000.0,880978185.0,37.8703,7.333,23968,531241.0,Spider-Man (MCU) Collection,"[{'id': 420, 'name': 'Marvel Studios', 'origin_country': 'US'}, {'id': 84041, 'name': 'Pascal Pictures', 'origin_country': 'US'}, {'id': 34034, 'name': 'LStar Capital', 'origin_country': 'US'}, {'id': 5, 'name': 'Columbia Pictures', 'origin_country': 'US'}]",https://www.sonypictures.com/movies/spidermanhomecoming,/c24sv2weTHPsmDa7jEMN0m2P3RT.jpg,/fn4n6uOYcB6Uh89nbNPoU2w80RV.jpg,315635.json,624,89,False,False
31649,Vampire Princess Miyu,吸血姫美夕,Its central characters are a vampire girl named Miyu and her demonic companion Larva. Miyu is the daughter of both a human and a shinma (demon) and as such she was awakened as the guardian whose destiny is to hunt down all stray shinma and send them back to the darkness.,,"Title: Vampire Princess Miyu

Original Title: 吸血姫美夕

Overview: Its central characters are a vampire girl named Miyu and her demonic companion Larva. Miyu is the daughter of both a human and a shinma (demon) and as such she was awakened as the guardian whose destiny is to hunt down all stray shinma and send them back to the darkness.

Genres: Fantasy, Animation, Horror

Production Companies: Pony Canyon

Production Countries: Japan

Spoken Languages: Japanese",tt0095474,1988-07-21,1988.0,ja,['JP'],100.0,Released,"['Fantasy', 'Animation', 'Horror']",['Japanese'],['Japan'],,,20.529,6.8,14,,,"[{'id': 9148, 'name': 'Pony Canyon', 'origin_country': 'JP'}]",,/9E1MuQIu4KCY8LbH1k5aw7GkrKG.jpg,,31649.json,462,73,False,False
324857,Spider-Man: Into the Spider-Verse,Spider-Man: Into the Spider-Verse,"Struggling to find his place in the world while juggling school and family, Brooklyn teenager Miles Morales is unexpectedly bitten by a radioactive spider and develops unfathomable powers just like the one and only Spider-Man. While wrestling with the implications of his new abilities, Miles discovers a super collider created by the madman Wilson ""Kingpin"" Fisk, causing others from across the Spider-Verse to be inadvertently transported to his dimension.",Enter a universe where more than one wears the mask.,"Title: Spider-Man: Into the Spider-Verse

Tagline: Enter a universe where more than one wears the mask.

Overview: Struggling to find his place in the world while juggling school and family, Brooklyn teenager Miles Morales is unexpectedly bitten by a radioactive spider and develops unfathomable powers just like the one and only Spider-Man. While wrestling with the implications of his new abilities, Miles discovers a super collider created by the madman Wilson ""Kingpin"" Fisk, causing others from across the Spider-Verse to be inadvertently transported to his dimension.

Genres: Animation, Action, Adventure, Science Fiction

Collection: Spider-Man: Spider-Verse Collection

Production Companies: Columbia Pictures, Lord Miller, Pascal Pictures, Sony Pictures Animation, Arad Productions, Marvel Entertainment

Production Countries: United States of America

Spoken Languages: English, Japanese, Spanish",tt4633694,2018-12-06,2018.0,en,['US'],117.0,Released,"['Animation', 'Action', 'Adventure', 'Science Fiction']","['English', 'Japanese', 'Spanish']",['United States of America'],90000000.0,394884133.0,38.9616,8.401,17928,573436.0,Spider-Man: Spider-Verse Collection,"[{'id': 5, 'name': 'Columbia Pictures', 'origin_country': 'US'}, {'id': 77973, 'name': 'Lord Miller', 'origin_country': 'US'}, {'id': 84041, 'name': 'Pascal Pictures', 'origin_country': 'US'}, {'id': 2251, 'name': 'Sony Pictures Animation', 'origin_country': 'US'}, {'id': 14439, 'name': 'Arad Productions', 'origin_country': 'US'}, {'id': 7505, 'name': 'Marvel Entertainment', 'origin_country': 'US'}]",https://www.sonypictures.com/movies/spidermanintothespiderverse,/iiZZdoQBEYBv6id8su7ImL0oCbD.jpg,/1ntePsIqeklfmrQJqZPncCydsqY.jpg,324857.json,907,122,False,False
330457,Frozen II,Frozen II,"Elsa, Anna, Kristoff and Olaf head far into the forest to learn the truth about an ancient mystery of their kingdom.",The past is not what it seems.,"Title: Frozen II

Tagline: The past is not what it seems.

Overview: Elsa, Anna, Kristoff and Olaf head far into the forest to learn the truth about an ancient mystery of their kingdom.

Genres: Family, Animation, Adventure, Comedy, Fantasy

Collection: Frozen Collection

Production Companies: Walt Disney Animation Studios

Production Countries: United States of America

Spoken Languages: English",tt4520988,2019-11-20,2019.0,en,['US'],103.0,Released,"['Family', 'Animation', 'Adventure', 'Comedy', 'Fantasy']",['English'],['United States of America'],150000000.0,1453683476.0,31.2491,7.223,10484,386382.0,Frozen Collection,"[{'id': 6125, 'name': 'Walt Disney Animation Studios', 'origin_country': 'US'}]",https://movies.disney.com/frozen-2,/mINJaa34MtknCYl5AjtNJzWj8cD.jpg,/AoSZyb37ljMAxw0RdeQEBHKtgcc.jpg,330457.json,399,57,False,False
335984,Blade Runner 2049,Blade Runner 2049,"Thirty years after the events of the first film, a new blade runner, LAPD Officer K, unearths a long-buried secret that has the potential to plunge what's left of society into chaos. K's discovery leads him on a quest to find Rick Deckard, a former LAPD blade runner who has been missing for 30 years.",The key to the future is finally unearthed.,"Title: Blade Runner 2049

Tagline: The key to the future is finally unearthed.

Overview: Thirty years after the events of the first film, a new blade runner, LAPD Officer K, unearths a long-buried secret that has the potential to plunge what's left of society into chaos. K's discovery leads him on a quest to find Rick Deckard, a former LAPD blade runner who has been missing for 30 years.

Genres: Science Fiction, Drama

Collection: Blade Runner Collection

Production Companies: Alcon Entertainment, Columbia Pictures, Scott Free Productions, Bud Yorkin Productions, Torridon Films, 16:14 Entertainment

Production Countries: Canada, United Kingdom, United States of America

Spoken Languages: English, Finnish, Hungarian, Japanese, Russian, Somali, Spanish",tt1856101,2017-10-04,2017.0,en,['US'],164.0,Released,"['Science Fiction', 'Drama']","['English', 'Finnish', 'Hungarian', 'Japanese', 'Russian', 'Somali', 'Spanish']","['Canada', 'United Kingdom', 'United States of America']",150000000.0,259239658.0,87.1587,7.608,15747,422837.0,Blade Runner Collection,"[{'id': 1088, 'name': 'Alcon Entertainment', 'origin_country': 'US'}, {'id': 5, 'name': 'Columbia Pictures', 'origin_country': 'US'}, {'id': 1645, 'name': 'Scott Free Productions', 'origin_country': 'GB'}, {'id': 57043, 'name': 'Bud Yorkin Productions', 'origin_country': 'US'}, {'id': 79529, 'name': 'Torridon Films', 'origin_country': 'US'}, {'id': 101829, 'name': '16:14 Entertainment', 'origin_country': 'US'}]",http://bladerunnermovie.com/,/gajva2L0rPYkEWjzgFlBXCAVBE5.jpg,/gNdLJU9TxrpGx4dkZidjys3fyy0.jpg,335984.json,762,111,False,False
342610,Labyrinth,Le labyrinthe,"The landscape surveyed here might be the estranged interior of your typical East-European émigré animator’s skull; with its deranged narrative values, artfully disturbed graphic style, and aggressive ""musique concrète"" sonorities, Kamler's are among the most astounding works you'll ever see...  In company of Walerian Borowczyk, Peter Foldes & Arcady, Kamler is the successor to a prestigious tradition of East European émigré animators (think: Alexieff, Bartosch, Starewycz). Like their precursors, they are also among the most distinguished artists in cinema, celebrated for their graphic style and narrative experiment.",,"Title: Labyrinth

Original Title: Le labyrinthe

Overview: The landscape surveyed here might be the estranged interior of your typical East-European émigré animator’s skull; with its deranged narrative values, artfully disturbed graphic style, and aggressive ""musique concrète"" sonorities, Kamler's are among the most astounding works you'll ever see...  In company of Walerian Borowczyk, Peter Foldes & Arcady, Kamler is the successor to a prestigious tradition of East European émigré animators (think: Alexieff, Bartosch, Starewycz). Like their precursors, they are also among the most distinguished artists in cinema, celebrated for their graphic style and narrative experiment.

Genres: Animation, Science Fiction, Adventure

Production Countries: France

Spoken Languages: No Language",tt0435115,1969-07-17,1969.0,fr,['FR'],13.0,Released,"['Animation', 'Science Fiction', 'Adventure']",['No Language'],['France'],,,8.6632,7.3,3,,,[],,/q6p1Z5R1JqmUJr07pj6LjKu8ex3.jpg,/rfcHncyNfvLuha5EE12ewhQh6Sf.jpg,342610.json,790,106,False,True
346,Seven Samurai,七人の侍,"A samurai answers a village's request for protection after he falls on hard times. The town needs protection from bandits, so the samurai gathers six others to help him teach the people how to defend themselves, and the villagers provide the soldiers with food.",Unmatched for suspense and spectacle!,"Title: Seven Samurai

Original Title: 七人の侍

Tagline: Unmatched for suspense and spectacle!

Overview: A samurai answers a village's request for protection after he falls on hard times. The town needs protection from bandits, so the samurai gathers six others to help him teach the people how to defend themselves, and the villagers provide the soldiers with food.

Genres: Action, Drama

Production Companies: TOHO

Production Countries: Japan

Spoken Languages: Japanese",tt0047478,1954-04-26,1954.0,ja,['JP'],207.0,Released,"['Action', 'Drama']",['Japanese'],['Japan'],2000000.0,105000000.0,16.7829,8.453,4384,,,"[{'id': 882, 'name': 'TOHO', 'origin_country': 'JP'}]",,/lOMGc8bnSwQhS4XyE1S99uH8NXf.jpg,/qvZ91FwMq6O47VViAr8vZNQz3WI.jpg,346.json,471,69,False,False
348,Alien,Alien,"During its return to the earth, commercial spaceship Nostromo intercepts a distress signal from a distant planet. When a three-member team of the crew discovers a chamber containing thousands of eggs on the planet, a creature inside one of the eggs attacks an explorer. The entire crew is unaware of the impending nightmare set to descend upon them when the alien parasite planted inside its unfortunate host is birthed.",In space no one can hear you scream.,"Title: Alien

Tagline: In space no one can hear you scream.

Overview: During its return to the earth, commercial spaceship Nostromo intercepts a distress signal from a distant planet. When a three-member team of the crew discovers a chamber containing thousands of eggs on the planet, a creature inside one of the eggs attacks an explorer. The entire crew is unaware of the impending nightmare set to descend upon them when the alien parasite planted inside its unfortunate host is birthed.

Genres: Horror, Science Fiction

Collection: Alien Collection

Production Companies: Brandywine Productions, Twentieth Century-Fox Productions, Ronald Shusett Productions

Production Countries: United States of America, United Kingdom

Spoken Languages: English, Spanish",tt0078748,1979-05-25,1979.0,en,['US'],117.0,Released,"['Horror', 'Science Fiction']","['English', 'Spanish']","['United States of America', 'United Kingdom']",11000000.0,104931801.0,32.742,8.174,16891,8091.0,Alien Collection,"[{'id': 401, 'name': 'Brandywine Productions', 'origin_country': 'US'}, {'id': 276266, 'name': 'Twentieth Century-Fox Productions', 'origin_country': 'GB'}, {'id': 276267, 'name': 'Ronald Shusett Productions', 'origin_country': 'US'}]",https://www.20thcenturystudios.com/movies/alien,/vfrQk5IPloGg1v9Rzbh2Eg3VGyM.jpg,/AmR3JG1VQVxU8TfAvljUhfSFUOx.jpg,348.json,763,110,False,False
350004,The Dream,꿈,"A monk rapes a beautiful young woman who visits his monastery. He quits the monastery, marries the woman, and they have kids. But she despises him all the while and devotes herself to tormenting him.",,"Title: The Dream

Original Title: 꿈

Overview: A monk rapes a beautiful young woman who visits his monastery. He quits the monastery, marries the woman, and they have kids. But she despises him all the while and devotes herself to tormenting him.

Genres: Romance

Production Companies: Taehung Pictures

Production Countries: South Korea

Spoken Languages: Korean",tt0297914,1990-09-29,1990.0,ko,['KR'],92.0,Released,['Romance'],['Korean'],['South Korea'],,,7.5568,7.3,3,,,"[{'id': 16505, 'name': 'Taehung Pictures', 'origin_country': 'KR'}]",,/6jSp0YmsKlk9TqJKBf54h4WoWjJ.jpg,/2wZpnyPdLsz6vnhE0P7nknBM5ZE.jpg,350004.json,364,55,False,False
354912,Coco,Coco,"Despite his family’s baffling generations-old ban on music, Miguel dreams of becoming an accomplished musician like his idol, Ernesto de la Cruz. Desperate to prove his talent, Miguel finds himself in the stunning and colorful Land of the Dead following a mysterious chain of events. Along the way, he meets charming trickster Hector, and together, they set off on an extraordinary journey to unlock the real story behind Miguel's family history.",The celebration of a lifetime.,"Title: Coco

Tagline: The celebration of a lifetime.

Overview: Despite his family’s baffling generations-old ban on music, Miguel dreams of becoming an accomplished musician like his idol, Ernesto de la Cruz. Desperate to prove his talent, Miguel finds himself in the stunning and colorful Land of the Dead following a mysterious chain of events. Along the way, he meets charming trickster Hector, and together, they set off on an extraordinary journey to unlock the real story behind Miguel's family history.

Genres: Family, Animation, Music, Adventure

Collection: Coco Collection

Production Companies: Pixar

Production Countries: United States of America

Spoken Languages: English, Spanish",tt2380307,2017-10-27,2017.0,en,['US'],105.0,Released,"['Family', 'Animation', 'Music', 'Adventure']","['English', 'Spanish']",['United States of America'],175000000.0,814641172.0,42.3799,8.197,21445,1451578.0,Coco Collection,"[{'id': 3, 'name': 'Pixar', 'origin_country': 'US'}]",https://www.pixar.com/feature-films/coco,/6Ryitt95xrO8KXuqRGm1fUuNwqF.jpg,/g7CHF8gTLGooTbP4GznIGwaqAGL.jpg,354912.json,697,101,False,True
360814,Dangal,दंगल,"Dangal is an extraordinary true story based on the life of Mahavir Singh and his two daughters, Geeta and Babita Phogat. The film traces the inspirational journey of a father who trains his daughters to become world class wrestlers.",,"Title: Dangal

Original Title: दंगल

Overview: Dangal is an extraordinary true story based on the life of Mahavir Singh and his two daughters, Geeta and Babita Phogat. The film traces the inspirational journey of a father who trains his daughters to become world class wrestlers.

Genres: Drama, Family, Comedy

Production Companies: Aamir Khan Productions, UTV Motion Pictures, Disney India Media Networks

Production Countries: India

Spoken Languages: Hindi",tt5074352,2016-12-21,2016.0,hi,['IN'],161.0,Released,"['Drama', 'Family', 'Comedy']",['Hindi'],['India'],10400000.0,311000000.0,7.8032,7.9,1225,,,"[{'id': 2140, 'name': 'Aamir Khan Productions', 'origin_country': 'IN'}, {'id': 2320, 'name': 'UTV Motion Pictures', 'origin_country': 'IN'}, {'id': 164864, 'name': 'Disney India Media Networks', 'origin_country': 'IN'}]",,/cJRPOLEexI7qp2DKtFfCh7YaaUG.jpg,/l0fNAHLOFReQJsxCOmGWvJDnimn.jpg,360814.json,460,67,False,False
361743,Top Gun: Maverick,Top Gun: Maverick,"After more than thirty years of service as one of the Navy’s top aviators, and dodging the advancement in rank that would ground him, Pete “Maverick” Mitchell finds himself training a detachment of TOP GUN graduates for a specialized mission the likes of which no living pilot has ever seen.",Feel the need... The need for speed.,"Title: Top Gun: Maverick

Tagline: Feel the need... The need for speed.

Overview: After more than thirty years of service as one of the Navy’s top aviators, and dodging the advancement in rank that would ground him, Pete “Maverick” Mitchell finds himself training a detachment of TOP GUN graduates for a specialized mission the likes of which no living pilot has ever seen.

Genres: Action, Drama

Collection: Top Gun Collection

Production Companies: Skydance Media, Don Simpson/Jerry Bruckheimer Films, Paramount Pictures

Production Countries: United States of America

Spoken Languages: English",tt1745960,2022-05-21,2022.0,en,['US'],131.0,Released,"['Action', 'Drama']",['English'],['United States of America'],170000000.0,1488732821.0,45.4156,8.158,11613,531330.0,Top Gun Collection,"[{'id': 82819, 'name': 'Skydance Media', 'origin_country': 'US'}, {'id': 10288, 'name': 'Don Simpson/Jerry Bruckheimer Films', 'origin_country': 'US'}, {'id': 4, 'name': 'Paramount Pictures', 'origin_country': 'US'}]",https://www.topgunmovie.com,/n0YuM4f5lvGAP6MAW2kBIzugXnc.jpg,/AaV1YIdWKnjAIAOe8UUKBFm327v.jpg,361743.json,599,89,False,True
372058,Your Name.,君の名は。,"High schoolers Mitsuha and Taki are complete strangers living separate lives. But one night, they suddenly switch places. Mitsuha wakes up in Taki’s body, and he in hers. This bizarre occurrence continues to happen randomly, and the two must adjust their lives around each other.","Separated by distance, connected by fate.","Title: Your Name.

Original Title: 君の名は。

Tagline: Separated by distance, connected by fate.

Overview: High schoolers Mitsuha and Taki are complete strangers living separate lives. But one night, they suddenly switch places. Mitsuha wakes up in Taki’s body, and he in hers. This bizarre occurrence continues to happen randomly, and the two must adjust their lives around each other.

Genres: Animation, Romance, Drama

Production Companies: CoMix Wave Films, TOHO, KADOKAWA, jeki, AMUSE, voque ting, Lawson Entertainment

Production Countries: Japan

Spoken Languages: Japanese",tt5311514,2016-07-01,2016.0,ja,['JP'],106.0,Released,"['Animation', 'Romance', 'Drama']",['Japanese'],['Japan'],7500000.0,407210429.0,27.346,8.487,13031,,,"[{'id': 3756, 'name': 'CoMix Wave Films', 'origin_country': 'JP'}, {'id': 882, 'name': 'TOHO', 'origin_country': 'JP'}, {'id': 2073, 'name': 'KADOKAWA', 'origin_country': 'JP'}, {'id': 8157, 'name': 'jeki', 'origin_country': 'JP'}, {'id': 14602, 'name': 'AMUSE', 'origin_country': 'JP'}, {'id': 128617, 'name': 'voque ting', 'origin_country': 'JP'}, {'id': 104184, 'name': 'Lawson Entertainment', 'origin_country': 'JP'}]",https://gkids.com/films/your-name,/vfJFJPepRKapMd5G2ro7klIRysq.jpg,/mMtUybQ6hL24FXo0F3Z4j2KG7kZ.jpg,372058.json,578,82,False,True
377670,Chapo: El Escape Del Siglo,Chapo: El Escape Del Siglo,A famous drug kingpin escapes from prison. The mexican president wants him back in jail whereas the U.S. government wants him dead.,,"Title: Chapo: El Escape Del Siglo

Overview: A famous drug kingpin escapes from prison. The mexican president wants him back in jail whereas the U.S. government wants him dead.

Genres: Thriller, Action, Adventure, Crime

Production Countries: Mexico

Spoken Languages: Spanish",tt5344086,2016-01-15,2016.0,es,['MX'],87.0,Released,"['Thriller', 'Action', 'Adventure', 'Crime']",['Spanish'],['Mexico'],,,43.449,5.5,31,,,[],,/khAED7ox0Dfk4Ef5LAf6jPEe4oy.jpg,/ngtFY7re3sKxb1sShP0vYC6SSCp.jpg,377670.json,277,40,False,False
37797,Whisper of the Heart,耳をすませば,"Shizuku lives a simple life, dominated by her love for stories and writing. One day she notices that all the library books she has have been previously checked out by the same person: ""Seiji Amasawa.""",I found someone I like.,"Title: Whisper of the Heart

Original Title: 耳をすませば

Tagline: I found someone I like.

Overview: Shizuku lives a simple life, dominated by her love for stories and writing. One day she notices that all the library books she has have been previously checked out by the same person: ""Seiji Amasawa.""

Genres: Animation, Drama, Family

Production Companies: Studio Ghibli, Nippon Television Network Corporation, Tokuma Shoten, Hakuhodo

Production Countries: Japan

Spoken Languages: Japanese",tt0113824,1995-07-15,1995.0,ja,['JP'],111.0,Released,"['Animation', 'Drama', 'Family']",['Japanese'],['Japan'],,,12.433,7.943,2360,,,"[{'id': 10342, 'name': 'Studio Ghibli', 'origin_country': 'JP'}, {'id': 6755, 'name': 'Nippon Television Network Corporation', 'origin_country': 'JP'}, {'id': 1779, 'name': 'Tokuma Shoten', 'origin_country': 'JP'}, {'id': 13411, 'name': 'Hakuhodo', 'origin_country': 'JP'}]",,/5FROLD8zpWFs9ja7aYho1uOMJHg.jpg,/rphor0XQcYO4CQoQ6auaQm3UPap.jpg,37797.json,489,71,False,False
378064,A Silent Voice: The Movie,映画 聲の形,"Shouya Ishida starts bullying the new girl in class, Shouko Nishimiya, because she is deaf. But as the teasing continues, the rest of the class starts to turn on Shouya for his lack of compassion. When they leave elementary school, Shouko and Shouya do not speak to each other again... until an older, wiser Shouya, tormented by his past behaviour, decides he must see Shouko once more. He wants to atone for his sins, but is it already too late...?",Sometimes the answer is as simple as learning to listen.,"Title: A Silent Voice: The Movie

Original Title: 映画 聲の形

Tagline: Sometimes the answer is as simple as learning to listen.

Overview: Shouya Ishida starts bullying the new girl in class, Shouko Nishimiya, because she is deaf. But as the teasing continues, the rest of the class starts to turn on Shouya for his lack of compassion. When they leave elementary school, Shouko and Shouya do not speak to each other again... until an older, wiser Shouya, tormented by his past behaviour, decides he must see Shouko once more. He wants to atone for his sins, but is it already too late...?

Genres: Animation, Drama, Romance

Production Companies: Kyoto Animation, ABC Animation, Kodansha, Pony Canyon, Quaras, Shochiku

Production Countries: Japan

Spoken Languages: Japanese",tt5323662,2016-09-17,2016.0,ja,['JP'],129.0,Released,"['Animation', 'Drama', 'Romance']",['Japanese'],['Japan'],,30819442.0,15.1816,8.4,4700,,,"[{'id': 5438, 'name': 'Kyoto Animation', 'origin_country': 'JP'}, {'id': 86839, 'name': 'ABC Animation', 'origin_country': 'JP'}, {'id': 59118, 'name': 'Kodansha', 'origin_country': 'JP'}, {'id': 9148, 'name': 'Pony Canyon', 'origin_country': 'JP'}, {'id': 22715, 'name': 'Quaras', 'origin_country': 'JP'}, {'id': 192, 'name': 'Shochiku', 'origin_country': 'JP'}]",http://asilentvoice.com.au/,/tuFaWiqX0TXoWu7DGNcmX3UW7sT.jpg,/5lAMQMWpXMsirvtLLvW7cJgEPkU.jpg,378064.json,771,123,False,False
385687,Fast X,Fast X,"Over many missions and against impossible odds, Dom Toretto and his family have outsmarted, out-nerved and outdriven every foe in their path. Now, they confront the most lethal opponent they've ever faced: A terrifying threat emerging from the shadows of the past who's fueled by blood revenge, and who is determined to shatter this family and destroy everything—and everyone—that Dom loves, forever.",The end of the road begins.,"Title: Fast X

Tagline: The end of the road begins.

Overview: Over many missions and against impossible odds, Dom Toretto and his family have outsmarted, out-nerved and outdriven every foe in their path. Now, they confront the most lethal opponent they've ever faced: A terrifying threat emerging from the shadows of the past who's fueled by blood revenge, and who is determined to shatter this family and destroy everything—and everyone—that Dom loves, forever.

Genres: Action, Crime, Thriller

Collection: The Fast and the Furious Collection

Production Companies: Universal Pictures, Original Film, One Race, Perfect Storm Entertainment

Production Countries: United States of America

Spoken Languages: English, Spanish",tt5433140,2023-05-17,2023.0,en,['US'],142.0,Released,"['Action', 'Crime', 'Thriller']","['English', 'Spanish']",['United States of America'],340000000.0,704709660.0,40.2545,6.979,6511,9485.0,The Fast and the Furious Collection,"[{'id': 33, 'name': 'Universal Pictures', 'origin_country': 'US'}, {'id': 333, 'name': 'Original Film', 'origin_country': 'US'}, {'id': 1225, 'name': 'One Race', 'origin_country': 'US'}, {'id': 34530, 'name': 'Perfect Storm Entertainment', 'origin_country': 'US'}]",https://fastxmovie.com,/fiVW06jE7z9YnO4trhaMEdclSiC.jpg,/4XM8DUTQb3lhLemJC51Jx4a2EuA.jpg,385687.json,725,105,False,True
38757,Tangled,Tangled,"Feisty teenager Rapunzel, who has long and magical hair, wants to go and see sky lanterns on her eighteenth birthday, but she's bound to a tower by her overprotective mother. She strikes a deal with Flynn Rider, a charming wanted thief, and the duo set off on an action-packed escapade.",They're taking adventure to new lengths.,"Title: Tangled

Tagline: They're taking adventure to new lengths.

Overview: Feisty teenager Rapunzel, who has long and magical hair, wants to go and see sky lanterns on her eighteenth birthday, but she's bound to a tower by her overprotective mother. She strikes a deal with Flynn Rider, a charming wanted thief, and the duo set off on an action-packed escapade.

Genres: Animation, Family, Adventure

Collection: Tangled Collection

Production Companies: Walt Disney Animation Studios, Walt Disney Pictures

Production Countries: United States of America

Spoken Languages: English",tt0398286,2010-11-24,2010.0,en,['US'],100.0,Released,"['Animation', 'Family', 'Adventure']",['English'],['United States of America'],260000000.0,592461732.0,29.3401,7.617,12725,1268789.0,Tangled Collection,"[{'id': 6125, 'name': 'Walt Disney Animation Studios', 'origin_country': 'US'}, {'id': 2, 'name': 'Walt Disney Pictures', 'origin_country': 'US'}]",http://disney.go.com/disneypictures/tangled/,/ym7Kst6a4uodryxqbGOxmewF235.jpg,/cWczNud8Y8i8ab0Z4bxos4myWYO.jpg,38757.json,583,85,False,False
389,12 Angry Men,12 Angry Men,"The defense and the prosecution have rested and the jury is filing into the jury room to decide if a young Spanish-American is guilty or innocent of murdering his father. What begins as an open and shut case soon becomes a mini-drama of each of the jurors' prejudices and preconceptions about the trial, the accused, and each other.",It explodes like 12 sticks of dynamite!,"Title: 12 Angry Men

Tagline: It explodes like 12 sticks of dynamite!

Overview: The defense and the prosecution have rested and the jury is filing into the jury room to decide if a young Spanish-American is guilty or innocent of murdering his father. What begins as an open and shut case soon becomes a mini-drama of each of the jurors' prejudices and preconceptions about the trial, the accused, and each other.

Genres: Drama

Production Companies: Orion-Nova Productions

Production Countries: United States of America

Spoken Languages: English",tt0050083,1957-04-10,1957.0,en,['US'],97.0,Released,['Drama'],['English'],['United States of America'],397751.0,4360000.0,34.2072,8.573,10411,,,"[{'id': 10212, 'name': 'Orion-Nova Productions', 'origin_country': 'US'}]",,/zhG3vKWyDRaZYoaww1UVAi29T9h.jpg,/qqHQsStV6exghCM7zbObuYBiYxw.jpg,389.json,549,86,False,False
39254,Real Steel,Real Steel,"Charlie Kenton is a washed-up fighter who retired from the ring when robots took over the sport. After his robot is trashed, he reluctantly teams up with his estranged son to rebuild and train an unlikely contender.",Courage is stronger than steel.,"Title: Real Steel

Tagline: Courage is stronger than steel.

Overview: Charlie Kenton is a washed-up fighter who retired from the ring when robots took over the sport. After his robot is trashed, he reluctantly teams up with his estranged son to rebuild and train an unlikely contender.

Genres: Action, Science Fiction, Drama

Production Companies: DreamWorks Pictures, Reliance Entertainment, 21 Laps Entertainment, Montford / Murphy Productions

Production Countries: United States of America, India

Spoken Languages: English",tt0433035,2011-09-28,2011.0,en,['US'],127.0,Released,"['Action', 'Science Fiction', 'Drama']",['English'],"['United States of America', 'India']",110000000.0,299300000.0,41.2119,7.15,9586,,,"[{'id': 7, 'name': 'DreamWorks Pictures', 'origin_country': 'US'}, {'id': 7294, 'name': 'Reliance Entertainment', 'origin_country': 'IN'}, {'id': 2575, 'name': '21 Laps Entertainment', 'origin_country': 'US'}, {'id': 90892, 'name': 'Montford / Murphy Productions', 'origin_country': ''}]",,/4GIeI5K5YdDUkR3mNQBoScpSFEf.jpg,/pjlxrd646cBYznHoPBWTzz6FujX.jpg,39254.json,529,75,False,False
3933,Corpse Bride,Corpse Bride,"In a 19th-century European village, a young man about to be married is whisked away to the underworld and wed to a mysterious corpse bride, while his real bride waits bereft in the land of the living.",There's been a grave misunderstanding.,"Title: Corpse Bride

Tagline: There's been a grave misunderstanding.

Overview: In a 19th-century European village, a young man about to be married is whisked away to the underworld and wed to a mysterious corpse bride, while his real bride waits bereft in the land of the living.

Genres: Romance, Fantasy, Animation

Production Companies: Tim Burton Productions, LAIKA, Patalex Productions, Warner Bros. Pictures

Production Countries: United Kingdom, United States of America

Spoken Languages: English",tt0121164,2005-09-12,2005.0,en,['US'],77.0,Released,"['Romance', 'Fantasy', 'Animation']",['English'],"['United Kingdom', 'United States of America']",40000000.0,118133252.0,35.6336,7.59,10438,,,"[{'id': 8601, 'name': 'Tim Burton Productions', 'origin_country': 'US'}, {'id': 11537, 'name': 'LAIKA', 'origin_country': 'US'}, {'id': 57751, 'name': 'Patalex Productions', 'origin_country': 'GB'}, {'id': 174, 'name': 'Warner Bros. Pictures', 'origin_country': 'US'}]",https://www.warnerbros.com/movies/tim-burtons-corpse-bride,/3RAoVTxUk1OzZClscAsynuu670p.jpg,/v23fWgJUEt8EMmvn19btIacxP8E.jpg,3933.json,505,73,False,False
396535,Train to Busan,부산행,"When a zombie virus pushes Korea into a state of emergency, those trapped on an express train to Busan must fight for their own survival.",Life-or-death survival begins.,"Title: Train to Busan

Original Title: 부산행

Tagline: Life-or-death survival begins.

Overview: When a zombie virus pushes Korea into a state of emergency, those trapped on an express train to Busan must fight for their own survival.

Genres: Action, Horror, Thriller, Adventure

Collection: Train to Busan Collection

Production Companies: Next Entertainment World, RedPeter Films, Contents Panda, Union Investment Partners, KTB Network

Production Countries: South Korea

Spoken Languages: Korean",tt5700672,2016-07-20,2016.0,ko,['KR'],118.0,Released,"['Action', 'Horror', 'Thriller', 'Adventure']",['Korean'],['South Korea'],8500000.0,87547518.0,24.0627,7.748,8782,619537.0,Train to Busan Collection,"[{'id': 20064, 'name': 'Next Entertainment World', 'origin_country': 'KR'}, {'id': 103875, 'name': 'RedPeter Films', 'origin_country': 'KR'}, {'id': 73918, 'name': 'Contents Panda', 'origin_country': 'KR'}, {'id': 88607, 'name': 'Union Investment Partners', 'origin_country': 'KR'}, {'id': 710, 'name': 'KTB Network', 'origin_country': 'KR'}]",https://www.wellgousa.com/films/train-to-busan,/vNVFt6dtcqnI7hqa6LFBUibuFiw.jpg,/brnfCYyz8EMbBrHgmh8sCwBi5i1.jpg,396535.json,497,68,False,False
400136,Resident Evil: Vendetta,バイオハザード ヴェンデッタ,"When a fearless enemy out for revenge unleashes a brutal and deadly new virus, BSAA captain Chris Redfield enlists the help of Agent Leon S. Kennedy and Professor Rebecca Chambers to bring down the death merchant and save New York City.",Kill evil or die trying.,"Title: Resident Evil: Vendetta

Original Title: バイオハザード ヴェンデッタ

Tagline: Kill evil or die trying.

Overview: When a fearless enemy out for revenge unleashes a brutal and deadly new virus, BSAA captain Chris Redfield enlists the help of Agent Leon S. Kennedy and Professor Rebecca Chambers to bring down the death merchant and save New York City.

Genres: Action, Animation, Adventure, Science Fiction, Horror

Collection: Resident Evil (Animated) Collection

Production Companies: Capcom, Stage 6 Films, Marza Animation Planet, KADOKAWA

Production Countries: Japan, United States of America

Spoken Languages: English, Japanese",tt5776208,2017-05-27,2017.0,ja,['JP'],97.0,Released,"['Action', 'Animation', 'Adventure', 'Science Fiction', 'Horror']","['English', 'Japanese']","['Japan', 'United States of America']",,256320.0,16.7771,6.924,1112,133352.0,Resident Evil (Animated) Collection,"[{'id': 7220, 'name': 'Capcom', 'origin_country': 'JP'}, {'id': 11341, 'name': 'Stage 6 Films', 'origin_country': 'US'}, {'id': 77884, 'name': 'Marza Animation Planet', 'origin_country': 'JP'}, {'id': 2073, 'name': 'KADOKAWA', 'origin_country': 'JP'}]",https://web.archive.org/web/20171203101604/http://www.residentevilvendetta.com/,/kdiMtgjWXEH9QZ85hgmWaSwshjf.jpg,/ijjRrrmQ4kVFkAqnpUNaWZ4h3yW.jpg,400136.json,628,89,False,False
405746,Door,DOOR,"Yasuko, a housewife, lives in an urban high-rise apartment with her husband Satoru and her son Takuto.  Annoyed by spam calls and door-to-door salesmen, Yasuko slams the door on a salesman’s hand when he tries to squeeze a flyer through the apartment's chained front door. He leaves, but the next day, her nightmare starts.",,"Title: Door

Original Title: DOOR

Overview: Yasuko, a housewife, lives in an urban high-rise apartment with her husband Satoru and her son Takuto.  Annoyed by spam calls and door-to-door salesmen, Yasuko slams the door on a salesman’s hand when he tries to squeeze a flyer through the apartment's chained front door. He leaves, but the next day, her nightmare starts.

Genres: Horror, Mystery, Thriller

Collection: Door Collection

Production Companies: Directors Company, Agent 21, Takahashi Productions

Production Countries: Japan

Spoken Languages: Japanese",tt0223150,1988-05-14,1988.0,ja,['JP'],94.0,Released,"['Horror', 'Mystery', 'Thriller']",['Japanese'],['Japan'],,,15.305,6.1,32,840177.0,Door Collection,"[{'id': 13260, 'name': 'Directors Company', 'origin_country': 'JP'}, {'id': 51693, 'name': 'Agent 21', 'origin_country': 'JP'}, {'id': 13259, 'name': 'Takahashi Productions', 'origin_country': 'JP'}]",,/uNTZ9vp32AYd6kcAcm63jVg6u44.jpg,/oRzXPixvyO3zHbAXatpOwbM6u1S.jpg,405746.json,563,81,False,True
405871,On the Beach,令嬢肉奴隷,"In a summer in Shonan village, Sumiko is the daughter of an important upper-class Shikishima family, she loves to paint pictures, is going through a cooling-off of an arranged marriage that did not work out. However, she feels attraction for Nishina a rough and obscene man ...  On the other hand, the younger sister, Naomi Sumiko is envious of her sister for her beauty. Naomi feels ugly since all men seem to like Sumiko. Both sisters then become embroiled in a major problem in discovering the real intentions of Nishina, a man who hides behind a mask to rape women.",,"Title: On the Beach

Original Title: 令嬢肉奴隷

Overview: In a summer in Shonan village, Sumiko is the daughter of an important upper-class Shikishima family, she loves to paint pictures, is going through a cooling-off of an arranged marriage that did not work out. However, she feels attraction for Nishina a rough and obscene man ...  On the other hand, the younger sister, Naomi Sumiko is envious of her sister for her beauty. Naomi feels ugly since all men seem to like Sumiko. Both sisters then become embroiled in a major problem in discovering the real intentions of Nishina, a man who hides behind a mask to rape women.

Genres: Drama

Collection: Flesh Slave Collection

Production Companies: Nikkatsu Corporation

Production Countries: Japan

Spoken Languages: Japanese",tt0288189,1985-08-24,1985.0,ja,['JP'],67.0,Released,['Drama'],['Japanese'],['Japan'],,,23.9581,5.6,21,405865.0,Flesh Slave Collection,"[{'id': 955, 'name': 'Nikkatsu Corporation', 'origin_country': 'JP'}]",https://www.nikkatsu.com/movie/26248.html,/ksl1d50FUHaqNuNnmHSNdPrYyYl.jpg,/wRWEA3TeGGyocIPKFiTDzPK3HfN.jpg,405871.json,775,124,False,False
406,La Haine,La Haine,"After a chaotic night of rioting in a marginal suburb of Paris, three young friends, Vinz, Hubert and Saïd, wander around unoccupied waiting for news about the state of health of a mutual friend who has been seriously injured when confronting the police.","How far you fall doesn't matter, it's how you land…","Title: La Haine

Tagline: How far you fall doesn't matter, it's how you land…

Overview: After a chaotic night of rioting in a marginal suburb of Paris, three young friends, Vinz, Hubert and Saïd, wander around unoccupied waiting for news about the state of health of a mutual friend who has been seriously injured when confronting the police.

Genres: Drama

Production Companies: Kasso Productions, La Sept Cinéma, Les Productions Lazennec, Canal+, StudioCanal

Production Countries: France

Spoken Languages: French",tt0113247,1995-05-31,1995.0,fr,['FR'],98.0,Released,['Drama'],['French'],['France'],2600000.0,15300000.0,10.1371,8.1,4716,,,"[{'id': 22684, 'name': 'Kasso Productions', 'origin_country': 'FR'}, {'id': 16366, 'name': 'La Sept Cinéma', 'origin_country': 'FR'}, {'id': 5869, 'name': 'Les Productions Lazennec', 'origin_country': 'FR'}, {'id': 104, 'name': 'Canal+', 'origin_country': 'FR'}, {'id': 694, 'name': 'StudioCanal', 'origin_country': 'FR'}]",,/hY4exng4s29RzDbtQInjx9MA3PZ.jpg,/viGCwLxupyoaLsa6hrnu1gYrB0B.jpg,406.json,518,78,False,True
41517,Ra.One,Ra.One,"When the titular antagonist of an action game takes on physical form, it's up to the game's less powerful protagonist to save the world.","Yes, angels do exist.","Title: Ra.One

Tagline: Yes, angels do exist.

Overview: When the titular antagonist of an action game takes on physical form, it's up to the game's less powerful protagonist to save the world.

Genres: Adventure, Action, Science Fiction

Production Companies: Red Chillies Entertainment, Eros International

Production Countries: India

Spoken Languages: Hindi, English",tt1562871,2011-10-24,2011.0,hi,['IN'],156.0,Released,"['Adventure', 'Action', 'Science Fiction']","['Hindi', 'English']",['India'],24000000.0,35911689.0,4.1223,5.7,404,,,"[{'id': 2343, 'name': 'Red Chillies Entertainment', 'origin_country': 'IN'}, {'id': 3653, 'name': 'Eros International', 'origin_country': 'IN'}]",,/qwC3rbgCI0frJpRxVm74Ak3ktpU.jpg,/lXI2fhjeoah5d5pxoR9GMogb6Q3.jpg,41517.json,370,51,False,False
419329,Descendants of Adultery,불륜의 후예,"Soo-ji is a skin specialist who experiences retaliatory driving on her way to work and Captain Kwon helps her. Later, they meet at the hospital and start to feel attracted to each other. Soo-ji is tired of living a pretentious marriage life with her cheating husband and falls in love with Kwon...",,"Title: Descendants of Adultery

Original Title: 불륜의 후예

Overview: Soo-ji is a skin specialist who experiences retaliatory driving on her way to work and Captain Kwon helps her. Later, they meet at the hospital and start to feel attracted to each other. Soo-ji is tired of living a pretentious marriage life with her cheating husband and falls in love with Kwon...

Genres: Romance

Production Countries: South Korea

Spoken Languages: Korean",,2016-09-30,2016.0,ko,['KR'],92.0,Released,['Romance'],['Korean'],['South Korea'],,,17.4041,4.5,8,,,[],,/5hDIHNft2A7tlNsFuTKhIJfKKdc.jpg,/wyDAIoOxdT3lYXtpiJaS1GcjTtX.jpg,419329.json,441,70,False,False
419430,Get Out,Get Out,"Chris and his girlfriend Rose go upstate to visit her parents for the weekend. At first, Chris reads the family's overly accommodating behavior as nervous attempts to deal with their daughter's interracial relationship, but as the weekend progresses, a series of increasingly disturbing discoveries lead him to a truth that he never could have imagined.","Just because you're invited, doesn't mean you're welcome.","Title: Get Out

Tagline: Just because you're invited, doesn't mean you're welcome.

Overview: Chris and his girlfriend Rose go upstate to visit her parents for the weekend. At first, Chris reads the family's overly accommodating behavior as nervous attempts to deal with their daughter's interracial relationship, but as the weekend progresses, a series of increasingly disturbing discoveries lead him to a truth that he never could have imagined.

Genres: Mystery, Thriller, Horror

Production Companies: Monkeypaw Productions, Blumhouse Productions, QC Entertainment

Production Countries: United States of America

Spoken Languages: English",tt5052448,2017-02-24,2017.0,en,['US'],104.0,Released,"['Mystery', 'Thriller', 'Horror']",['English'],['United States of America'],4500000.0,255407969.0,27.5436,7.625,19381,,,"[{'id': 88934, 'name': 'Monkeypaw Productions', 'origin_country': 'US'}, {'id': 3172, 'name': 'Blumhouse Productions', 'origin_country': 'US'}, {'id': 72725, 'name': 'QC Entertainment', 'origin_country': 'US'}]",http://www.getoutfilm.com/,/tFXcEccSQMf3lfhfXKSU9iRBpa3.jpg,/bBQHALHRAaaORlPNXv7fNcRXYdx.jpg,419430.json,643,89,False,False
4254,Kal Ho Naa Ho,कल हो ना हो,An uptight MBA student falls for the charismatic new neighbor who charms her troubled family – but he has a secret that forces him to push her away.,A story of a lifetime… in a heartbeat.,"Title: Kal Ho Naa Ho

Original Title: कल हो ना हो

Tagline: A story of a lifetime… in a heartbeat.

Overview: An uptight MBA student falls for the charismatic new neighbor who charms her troubled family – but he has a secret that forces him to push her away.

Genres: Comedy, Drama, Romance

Production Companies: Dharma Productions

Production Countries: India

Spoken Languages: Hindi, English",tt0347304,2003-11-27,2003.0,hi,['IN'],187.0,Released,"['Comedy', 'Drama', 'Romance']","['Hindi', 'English']",['India'],,13214520.0,4.1395,7.5,460,,,"[{'id': 19146, 'name': 'Dharma Productions', 'origin_country': 'IN'}]",,/zhMI6I0kSLnewTMwE0A8Tz3Cj2f.jpg,/9SBIiF803WgYbLtgstZ64GCW9Hh.jpg,4254.json,395,64,False,True
42573,Dr. Jekyll Likes Them Hot,Dottor Jekyll e gentile signora,"A lusty young woman decides to use her sexual powers to ""tame"" the evil and murderous Dr. Jekyll.",,"Title: Dr. Jekyll Likes Them Hot

Original Title: Dottor Jekyll e gentile signora

Overview: A lusty young woman decides to use her sexual powers to ""tame"" the evil and murderous Dr. Jekyll.

Genres: Horror, Comedy

Production Companies: Medusa Distribuzione, Dania Film

Production Countries: Italy

Spoken Languages: Italian",tt0079068,1979-08-31,1979.0,it,['IT'],107.0,Released,"['Horror', 'Comedy']",['Italian'],['Italy'],,,33.0166,5.0,30,,,"[{'id': 15868, 'name': 'Medusa Distribuzione', 'origin_country': 'IT'}, {'id': 1701, 'name': 'Dania Film', 'origin_country': 'IT'}]",,/zneBy6Rpjq6cTnoQcoKbhs3Q0sL.jpg,/eM17nYEf4uIgVPjNrTh7qf6ApoZ.jpg,42573.json,326,47,False,False
438631,Dune,Dune,"Paul Atreides, a brilliant and gifted young man born into a great destiny beyond his understanding, must travel to the most dangerous planet in the universe to ensure the future of his family and his people. As malevolent forces explode into conflict over the planet's exclusive supply of the most precious resource in existence - a commodity capable of unlocking humanity's greatest potential - only those who can conquer their fear will survive.",It begins.,"Title: Dune

Tagline: It begins.

Overview: Paul Atreides, a brilliant and gifted young man born into a great destiny beyond his understanding, must travel to the most dangerous planet in the universe to ensure the future of his family and his people. As malevolent forces explode into conflict over the planet's exclusive supply of the most precious resource in existence - a commodity capable of unlocking humanity's greatest potential - only those who can conquer their fear will survive.

Genres: Science Fiction, Adventure

Collection: Dune Collection

Production Companies: Legendary Pictures

Production Countries: United States of America

Spoken Languages: English",tt1160419,2021-09-15,2021.0,en,['US'],155.0,Released,"['Science Fiction', 'Adventure']",['English'],['United States of America'],165000000.0,410668500.0,45.7617,7.784,15606,726871.0,Dune Collection,"[{'id': 923, 'name': 'Legendary Pictures', 'origin_country': 'US'}]",https://www.warnerbros.com/movies/dune,/v1tRXZ4JtD2Iv6fjkPvT4GiwslV.jpg,/zRKQW58MBEY078AxkHxEJzUskCl.jpg,438631.json,673,99,False,False
445466,Idiots,Idiots,"Two rock-bottom drivers transport a wealthy teen to rehab, but their simple job spirals into a chaotic journey of drugs, danger, and crime as their passenger derails their plans.",They're doing their best.,"Title: Idiots

Tagline: They're doing their best.

Overview: Two rock-bottom drivers transport a wealthy teen to rehab, but their simple job spirals into a chaotic journey of drugs, danger, and crime as their passenger derails their plans.

Genres: Comedy, Crime

Production Companies: Gramercy Park Media, Peachtree Media Partners, Rough House Pictures, Bonneville Pictures, NewStar Financing, Cosmic Distribution, TPC, William Morris Entertainment

Production Countries: United States of America

Spoken Languages: English",tt6628920,2026-08-20,2026.0,en,['US'],100.0,Released,"['Comedy', 'Crime']",['English'],['United States of America'],,1194626.0,55.7165,6.794,34,,,"[{'id': 215935, 'name': 'Gramercy Park Media', 'origin_country': 'US'}, {'id': 233099, 'name': 'Peachtree Media Partners', 'origin_country': 'US'}, {'id': 20848, 'name': 'Rough House Pictures', 'origin_country': 'US'}, {'id': 125043, 'name': 'Bonneville Pictures', 'origin_country': 'US'}, {'id': 304790, 'name': 'NewStar Financing', 'origin_country': 'US'}, {'id': 302754, 'name': 'Cosmic Distribution', 'origin_country': 'US'}, {'id': 20312, 'name': 'TPC', 'origin_country': 'US'}, {'id': 311790, 'name': 'William Morris Entertainment', 'origin_country': 'US'}]",https://www.idiotsmovie.com/,/flpCqxH46pGZD1kNOdYgrVsDoTm.jpg,/lneqlgbg3XUjNaeGYk8arhgzczo.jpg,445466.json,524,70,False,False
447332,A Quiet Place,A Quiet Place,A family is forced to live in silence while hiding from creatures that hunt by sound.,"If they hear you, they hunt you.","Title: A Quiet Place

Tagline: If they hear you, they hunt you.

Overview: A family is forced to live in silence while hiding from creatures that hunt by sound.

Genres: Horror, Drama, Science Fiction

Collection: A Quiet Place Collection

Production Companies: Paramount Pictures, Platinum Dunes, Sunday Night Productions

Production Countries: United States of America

Spoken Languages: English",tt6644200,2018-04-03,2018.0,en,['US'],91.0,Released,"['Horror', 'Drama', 'Science Fiction']",['English'],['United States of America'],17000000.0,340955294.0,26.9521,7.395,15755,521226.0,A Quiet Place Collection,"[{'id': 4, 'name': 'Paramount Pictures', 'origin_country': 'US'}, {'id': 2481, 'name': 'Platinum Dunes', 'origin_country': 'US'}, {'id': 29312, 'name': 'Sunday Night Productions', 'origin_country': 'US'}]",http://aquietplacemovie.com,/nAU74GmpUk7t5iklEp3bufwDq4n.jpg,/nHRUtBwFNnNN70vcQ7lAsjc2T6S.jpg,447332.json,397,57,False,False
447365,Guardians of the Galaxy Vol. 3,Guardians of the Galaxy Vol. 3,"Peter Quill, still reeling from the loss of Gamora, must rally his team around him to defend the universe along with protecting one of their own. A mission that, if not completed successfully, could quite possibly lead to the end of the Guardians as we know them.",Once more with feeling.,"Title: Guardians of the Galaxy Vol. 3

Tagline: Once more with feeling.

Overview: Peter Quill, still reeling from the loss of Gamora, must rally his team around him to defend the universe along with protecting one of their own. A mission that, if not completed successfully, could quite possibly lead to the end of the Guardians as we know them.

Genres: Science Fiction, Adventure, Action

Collection: Guardians of the Galaxy Collection

Production Companies: Marvel Studios, Kevin Feige Productions

Production Countries: United States of America

Spoken Languages: English",tt6791350,2023-05-03,2023.0,en,['US'],150.0,Released,"['Science Fiction', 'Adventure', 'Action']",['English'],['United States of America'],250000000.0,845550000.0,39.8863,7.934,8865,284433.0,Guardians of the Galaxy Collection,"[{'id': 420, 'name': 'Marvel Studios', 'origin_country': 'US'}, {'id': 176762, 'name': 'Kevin Feige Productions', 'origin_country': 'US'}]",https://www.marvel.com/movies/guardians-of-the-galaxy-volume-3,/r2J02Z2OpNTctfOSN1Ydgii51I3.jpg,/5YZbUmjbMa3ClvSW1Wj3D6XGolb.jpg,447365.json,576,87,False,False
44980,Zero Woman 2,Zero WOMAN ＩＩ　警視庁０課の女,"When a valuable suitcase is stolen, the mob, petty criminals, and a beautiful agent from the Elite Zero division are pulled into a battle to settle the score.",,"Title: Zero Woman 2

Original Title: Zero WOMAN ＩＩ　警視庁０課の女

Overview: When a valuable suitcase is stolen, the mob, petty criminals, and a beautiful agent from the Elite Zero division are pulled into a battle to settle the score.

Genres: Action, Thriller

Collection: Zero Woman Collection

Production Companies: Vision Sugimoto, GAGA Communications

Production Countries: Japan

Spoken Languages: Japanese",tt0167508,1995-09-05,1995.0,ja,['JP'],99.0,Released,"['Action', 'Thriller']",['Japanese'],['Japan'],,,22.3331,5.0,8,256374.0,Zero Woman Collection,"[{'id': 42614, 'name': 'Vision Sugimoto', 'origin_country': 'JP'}, {'id': 3656, 'name': 'GAGA Communications', 'origin_country': 'JP'}]",,/sQHeDjwmBQba8E51Mkp5dvgkzeZ.jpg,/vP7YFt9pP8NPCg4PMBAHO5ILdrQ.jpg,44980.json,406,58,False,False
454639,Masters of the Universe,Masters of the Universe,"After being separated for 15 years, the Sword of Power leads Prince Adam back to Eternia, where he discovers his home shattered under the fiendish rule of Skeletor. To save his family and his world, Adam must join forces with his closest allies, Teela and Duncan/Man-At-Arms, and embrace his true destiny as He-Man — the most powerful man in the universe.","Legends aren't born, they're forged.","Title: Masters of the Universe

Tagline: Legends aren't born, they're forged.

Overview: After being separated for 15 years, the Sword of Power leads Prince Adam back to Eternia, where he discovers his home shattered under the fiendish rule of Skeletor. To save his family and his world, Adam must join forces with his closest allies, Teela and Duncan/Man-At-Arms, and embrace his true destiny as He-Man — the most powerful man in the universe.

Genres: Action, Fantasy, Science Fiction

Production Companies: Escape Artists, Mattel Studios, Amazon MGM Studios

Production Countries: United States of America

Spoken Languages: English",tt0427340,2026-06-03,2026.0,en,['US'],141.0,Released,"['Action', 'Fantasy', 'Science Fiction']",['English'],['United States of America'],200000000.0,113763426.0,51.4902,7.114,2178,,,"[{'id': 1423, 'name': 'Escape Artists', 'origin_country': 'US'}, {'id': 168848, 'name': 'Mattel Studios', 'origin_country': 'US'}, {'id': 210099, 'name': 'Amazon MGM Studios', 'origin_country': 'US'}]",https://www.amazon.com/salp/motu?hhf=,/oRuyGUHdoaQxWP3SDfafGkStxTC.jpg,/5MUMB3aPEPEQPCIAaygXFUTWE9Y.jpg,454639.json,635,96,False,True
4561,The Story of O,Histoire d'O,"The beautiful O is taken by her boyfriend, Rene, to a bizarre retreat, where she is trained in bondage and sexual perversion...","""O"" is the mistress of all mistresses.","Title: The Story of O

Original Title: Histoire d'O

Tagline: ""O"" is the mistress of all mistresses.

Overview: The beautiful O is taken by her boyfriend, Rene, to a bizarre retreat, where she is trained in bondage and sexual perversion...

Genres: Drama

Collection: The Story of O Collection

Production Companies: Terra-Filmkunst, S.N. Prodis

Production Countries: Canada, France, Germany

Spoken Languages: French",tt0073115,1975-08-27,1975.0,fr,"['CA', 'FR']",97.0,Released,['Drama'],['French'],"['Canada', 'France', 'Germany']",,,9.2252,5.5,189,1110078.0,The Story of O Collection,"[{'id': 619, 'name': 'Terra-Filmkunst', 'origin_country': 'DE'}, {'id': 1137, 'name': 'S.N. Prodis', 'origin_country': ''}]",,/x2hnSba2iyMHDPHrH1G1LB2K6lz.jpg,/oehzS54FyGstwTdZCh3ALlJar5u.jpg,4561.json,418,61,False,False
45722,Don't Look Down,No mires para abajo,A sexy Spanish siren named Elvira schools a young man in tantric lovemaking.,When sexual fantasies come true.,"Title: Don't Look Down

Original Title: No mires para abajo

Tagline: When sexual fantasies come true.

Overview: A sexy Spanish siren named Elvira schools a young man in tantric lovemaking.

Genres: Drama, Romance

Production Companies: Ministère des Affaires Étrangères, Fonds Sud Cinéma, PENSA & ROCCA CINE, Orgon Films, CNC

Production Countries: Argentina, France

Spoken Languages: Spanish",tt1233487,2008-10-18,2008.0,es,['AR'],80.0,Released,"['Drama', 'Romance']",['Spanish'],"['Argentina', 'France']",,,68.556,5.7,71,,,"[{'id': 2588, 'name': 'Ministère des Affaires Étrangères', 'origin_country': 'FR'}, {'id': 22625, 'name': 'Fonds Sud Cinéma', 'origin_country': 'FR'}, {'id': 29266, 'name': 'PENSA & ROCCA CINE', 'origin_country': 'AR'}, {'id': 29269, 'name': 'Orgon Films', 'origin_country': ''}, {'id': 310, 'name': 'CNC', 'origin_country': 'FR'}]",,/s7igxMxtKQKHdnDxnSAJej7RTGp.jpg,/wH2RtKsUjGc3ycRvxqOSbzov0av.jpg,45722.json,395,56,False,False
460458,Resident Evil: Welcome to Raccoon City,Resident Evil: Welcome to Raccoon City,"Once the booming home of pharmaceutical giant Umbrella Corporation, Raccoon City is now a dying Midwestern town. The company’s exodus left the city a wasteland…with great evil brewing below the surface. When that evil is unleashed, the townspeople are forever…changed…and a small group of survivors must work together to uncover the truth behind Umbrella and make it through the night.",Witness the beginning of evil.,"Title: Resident Evil: Welcome to Raccoon City

Tagline: Witness the beginning of evil.

Overview: Once the booming home of pharmaceutical giant Umbrella Corporation, Raccoon City is now a dying Midwestern town. The company’s exodus left the city a wasteland…with great evil brewing below the surface. When that evil is unleashed, the townspeople are forever…changed…and a small group of survivors must work together to uncover the truth behind Umbrella and make it through the night.

Genres: Action, Horror, Science Fiction

Production Companies: Constantin Film, Screen Gems, Davis Raccoon Films

Production Countries: Germany, United States of America, Canada

Spoken Languages: English",tt6920084,2021-11-24,2021.0,en,"['CA', 'US']",107.0,Released,"['Action', 'Horror', 'Science Fiction']",['English'],"['Germany', 'United States of America', 'Canada']",25000000.0,41914915.0,163.1029,5.933,2818,,,"[{'id': 47, 'name': 'Constantin Film', 'origin_country': 'DE'}, {'id': 3287, 'name': 'Screen Gems', 'origin_country': 'US'}, {'id': 266136, 'name': 'Davis Raccoon Films', 'origin_country': 'CA'}]",https://www.sonypictures.com/movies/residentevilwelcometoraccooncity,/bArhvjRHl535XMaSh9VjInF2mSZ.jpg,/wYtEvBmpBRXPdwGgr1gcWiwJSI7.jpg,460458.json,689,99,False,True
466272,Once Upon a Time... in Hollywood,Once Upon a Time... in Hollywood,"Los Angeles, 1969. TV star Rick Dalton, a struggling actor specializing in westerns, and stuntman Cliff Booth, his best friend, try to survive in a constantly changing movie industry. Dalton is the neighbor of the young and promising actress and model Sharon Tate, who has just married the prestigious Polish director Roman Polanski…","In this town, it can all change… Like that.","Title: Once Upon a Time... in Hollywood

Tagline: In this town, it can all change… Like that.

Overview: Los Angeles, 1969. TV star Rick Dalton, a struggling actor specializing in westerns, and stuntman Cliff Booth, his best friend, try to survive in a constantly changing movie industry. Dalton is the neighbor of the young and promising actress and model Sharon Tate, who has just married the prestigious Polish director Roman Polanski…

Genres: Comedy, Drama, Thriller

Collection: Once Upon a Time... in Hollywood Collection

Production Companies: Heyday Films, Columbia Pictures, Bona Film Group

Production Countries: China, United Kingdom, United States of America

Spoken Languages: English, Italian, Spanish",tt7131622,2019-07-24,2019.0,en,['US'],162.0,Released,"['Comedy', 'Drama', 'Thriller']","['English', 'Italian', 'Spanish']","['China', 'United Kingdom', 'United States of America']",95000000.0,393869691.0,35.1598,7.419,15307,1458846.0,Once Upon a Time... in Hollywood Collection,"[{'id': 437, 'name': 'Heyday Films', 'origin_country': 'GB'}, {'id': 5, 'name': 'Columbia Pictures', 'origin_country': 'US'}, {'id': 30148, 'name': 'Bona Film Group', 'origin_country': 'CN'}]",https://www.sonypictures.com/movies/onceuponatimeinhollywood,/8j58iEBw9pOXFD2L0nt0ZXeHviB.jpg,/kKTPv9LKKs5L3oO1y5FNObxAPWI.jpg,466272.json,716,106,False,True
46738,Incendies,Incendies,"A mother's last wishes send twins Jeanne and Simon on a journey to Middle East in search of their tangled roots. Adapted from Wajdi Mouawad's acclaimed play, Incendies tells the powerful and moving tale of two young adults' voyage to the core of deep-rooted hatred, never-ending wars and enduring love.",2 letters. One for the brother. One for the father.,"Title: Incendies

Tagline: 2 letters. One for the brother. One for the father.

Overview: A mother's last wishes send twins Jeanne and Simon on a journey to Middle East in search of their tangled roots. Adapted from Wajdi Mouawad's acclaimed play, Incendies tells the powerful and moving tale of two young adults' voyage to the core of deep-rooted hatred, never-ending wars and enduring love.

Genres: Drama, War, Mystery

Production Companies: TS Productions, Phi Group, micro_scope

Production Countries: Canada, France

Spoken Languages: French, Arabic, English",tt1255953,2010-09-17,2010.0,fr,['CA'],131.0,Released,"['Drama', 'War', 'Mystery']","['French', 'Arabic', 'English']","['Canada', 'France']",6800000.0,6788659.0,12.2313,8.103,3488,,,"[{'id': 313, 'name': 'TS Productions', 'origin_country': 'FR'}, {'id': 7273, 'name': 'Phi Group', 'origin_country': ''}, {'id': 7029, 'name': 'micro_scope', 'origin_country': 'CA'}]",http://www.sonyclassics.com/incendies/,/yH6DAQVgbyj72S66gN4WWVoTjuf.jpg,/f3ATwil5vmUeTsogBaMEKbBYBth.jpg,46738.json,564,84,False,False
467938,Revenge,Revenge,Jen's romantic getaway with her wealthy married boyfriend is disrupted when his friends arrive for an impromptu hunting trip. Tension mounts at the house until the situation culminates in an unexpected way.,Why do women always have to put up a fight?,"Title: Revenge

Tagline: Why do women always have to put up a fight?

Overview: Jen's romantic getaway with her wealthy married boyfriend is disrupted when his friends arrive for an impromptu hunting trip. Tension mounts at the house until the situation culminates in an unexpected way.

Genres: Action, Horror, Thriller, Drama

Production Companies: M.E.S. Productions, Monkey Pack Films, Charades, Logical Pictures, Nexus Factory, uMedia

Production Countries: Belgium, France

Spoken Languages: English, French",tt6738136,2017-11-18,2017.0,fr,['FR'],108.0,Released,"['Action', 'Horror', 'Thriller', 'Drama']","['English', 'French']","['Belgium', 'France']",2900000.0,938055.0,7.9127,6.5,2176,,,"[{'id': 58668, 'name': 'M.E.S. Productions', 'origin_country': 'FR'}, {'id': 8906, 'name': 'Monkey Pack Films', 'origin_country': 'FR'}, {'id': 102874, 'name': 'Charades', 'origin_country': 'FR'}, {'id': 92840, 'name': 'Logical Pictures', 'origin_country': 'FR'}, {'id': 7561, 'name': 'Nexus Factory', 'origin_country': 'BE'}, {'id': 19037, 'name': 'uMedia', 'origin_country': 'BE'}]",,/dWXjUGwpwGWWevcnpPuf5QGpKMw.jpg,/31HKH7MpovHT4bTvMpnwbWl1d1G.jpg,467938.json,513,72,False,False
475557,Joker,Joker,"During the 1980s, a failed stand-up comedian is driven insane and turns to a life of crime and chaos in Gotham City while becoming an infamous psychopathic crime figure.",Put on a happy face.,"Title: Joker

Tagline: Put on a happy face.

Overview: During the 1980s, a failed stand-up comedian is driven insane and turns to a life of crime and chaos in Gotham City while becoming an infamous psychopathic crime figure.

Genres: Crime, Thriller, Drama

Collection: Joker Collection

Production Companies: Warner Bros. Pictures, Joint Effort, Village Roadshow Pictures, Bron Studios, DC Films

Production Countries: Canada, United States of America

Spoken Languages: English",tt7286456,2019-10-01,2019.0,en,['US'],122.0,Released,"['Crime', 'Thriller', 'Drama']",['English'],"['Canada', 'United States of America']",55000000.0,1078958629.0,61.2396,8.116,28394,987044.0,Joker Collection,"[{'id': 174, 'name': 'Warner Bros. Pictures', 'origin_country': 'US'}, {'id': 83036, 'name': 'Joint Effort', 'origin_country': 'US'}, {'id': 79, 'name': 'Village Roadshow Pictures', 'origin_country': 'US'}, {'id': 13240, 'name': 'Bron Studios', 'origin_country': 'CA'}, {'id': 128064, 'name': 'DC Films', 'origin_country': 'US'}]",http://www.jokermovie.net/,/udDclJoHjfjb8Ekgsd4FDteOkCU.jpg,/rlay2M5QYvi6igbGcFjq8jxeusY.jpg,475557.json,479,69,False,False
479787,Lost Youth,버려진 청춘,,,"Title: Lost Youth

Original Title: 버려진 청춘

Genres: Romance

Spoken Languages: Korean",,1982-09-24,1982.0,ko,['KR'],100.0,Released,['Romance'],['Korean'],[],,,22.0797,10.0,1,,,[],,/2ty3Bx6ENkZlorh6NP6jzNcEUtL.jpg,,479787.json,84,12,False,False
49013,Cars 2,Cars 2,Star race car Lightning McQueen and his pal Mater head overseas to compete in the World Grand Prix race. But the road to the championship becomes rocky as Mater gets caught up in an intriguing adventure of his own: international espionage.,The mission begins.,"Title: Cars 2

Tagline: The mission begins.

Overview: Star race car Lightning McQueen and his pal Mater head overseas to compete in the World Grand Prix race. But the road to the championship becomes rocky as Mater gets caught up in an intriguing adventure of his own: international espionage.

Genres: Animation, Family, Adventure, Comedy

Collection: Cars Collection

Production Companies: Pixar, Walt Disney Pictures

Production Countries: United States of America

Spoken Languages: English, French, German, Italian, Japanese",tt1216475,2011-06-11,2011.0,en,['US'],106.0,Released,"['Animation', 'Family', 'Adventure', 'Comedy']","['English', 'French', 'German', 'Italian', 'Japanese']",['United States of America'],200000000.0,559852396.0,35.8157,6.192,8722,87118.0,Cars Collection,"[{'id': 3, 'name': 'Pixar', 'origin_country': 'US'}, {'id': 2, 'name': 'Walt Disney Pictures', 'origin_country': 'US'}]",http://www.disney.go.com/cars/,/okIz1HyxeVOMzYwwHUjH2pHi74I.jpg,/robYRZk9LxJTwD7GlZCginji5k.jpg,49013.json,530,76,False,False
49026,The Dark Knight Rises,The Dark Knight Rises,"Following the death of District Attorney Harvey Dent, Batman assumes responsibility for Dent's crimes to protect the late attorney's reputation and is subsequently hunted by the Gotham City Police Department. Eight years later, Batman encounters the mysterious Selina Kyle and the villainous Bane, a new terrorist leader who overwhelms Gotham's finest. The Dark Knight resurfaces to protect a city that has branded him an enemy.",The legend ends.,"Title: The Dark Knight Rises

Tagline: The legend ends.

Overview: Following the death of District Attorney Harvey Dent, Batman assumes responsibility for Dent's crimes to protect the late attorney's reputation and is subsequently hunted by the Gotham City Police Department. Eight years later, Batman encounters the mysterious Selina Kyle and the villainous Bane, a new terrorist leader who overwhelms Gotham's finest. The Dark Knight resurfaces to protect a city that has branded him an enemy.

Genres: Action, Crime, Drama, Thriller

Collection: The Dark Knight Collection

Production Companies: Syncopy, Legendary Pictures, Warner Bros. Pictures, DC

Production Countries: United Kingdom, United States of America

Spoken Languages: English",tt1345836,2012-07-17,2012.0,en,"['GB', 'US']",165.0,Released,"['Action', 'Crime', 'Drama', 'Thriller']",['English'],"['United Kingdom', 'United States of America']",250000000.0,1081041287.0,35.2288,7.797,25019,263.0,The Dark Knight Collection,"[{'id': 9996, 'name': 'Syncopy', 'origin_country': 'GB'}, {'id': 923, 'name': 'Legendary Pictures', 'origin_country': 'US'}, {'id': 174, 'name': 'Warner Bros. Pictures', 'origin_country': 'US'}, {'id': 429, 'name': 'DC', 'origin_country': 'US'}]",http://www.thedarkknightrises.com/,/hr0L2aueqlP2BYUblTTjmtn0hw4.jpg,/c3OHQncTAnKFhdOTX7D3LTW6son.jpg,49026.json,744,105,False,False
491584,Burning,버닝,"Deliveryman Jong-su is out on a job when he runs into Hae-mi, a girl who once lived in his neighborhood. She asks if he'd mind looking after her cat while she's away on a trip to Africa. On her return, she introduces to Jong-su an enigmatic young man named Ben, who she met during her trip. One day Ben tells Jong-su about his most unusual hobby.",The truth is all in your head.,"Title: Burning

Original Title: 버닝

Tagline: The truth is all in your head.

Overview: Deliveryman Jong-su is out on a job when he runs into Hae-mi, a girl who once lived in his neighborhood. She asks if he'd mind looking after her cat while she's away on a trip to Africa. On her return, she introduces to Jong-su an enigmatic young man named Ben, who she met during her trip. One day Ben tells Jong-su about his most unusual hobby.

Genres: Mystery, Drama, Thriller

Production Companies: Pinehouse Film, NOWFILM, NHK

Production Countries: South Korea, Japan

Spoken Languages: English, Korean",tt7282468,2018-05-17,2018.0,ko,['KR'],148.0,Released,"['Mystery', 'Drama', 'Thriller']","['English', 'Korean']","['South Korea', 'Japan']",7280000.0,6591038.0,8.3199,7.4,1902,,,"[{'id': 6925, 'name': 'Pinehouse Film', 'origin_country': 'KR'}, {'id': 20811, 'name': 'NOWFILM', 'origin_country': 'KR'}, {'id': 15505, 'name': 'NHK', 'origin_country': 'JP'}]",https://www.burning-movie.com/,/kXiF80o74fE9gf3Utf9moAI7ar0.jpg,/qQEt2FqF8McryFBNX30dyDJKiEK.jpg,491584.json,596,99,False,False
4935,Howl's Moving Castle,ハウルの動く城,"Sophie, a young milliner, is turned into an elderly woman by a witch who enters her shop and curses her. She encounters a wizard named Howl and gets caught up in his resistance to fighting for the king.",Love Comes First.,"Title: Howl's Moving Castle

Original Title: ハウルの動く城

Tagline: Love Comes First.

Overview: Sophie, a young milliner, is turned into an elderly woman by a witch who enters her shop and curses her. She encounters a wizard named Howl and gets caught up in his resistance to fighting for the king.

Genres: Fantasy, Animation, Adventure

Production Companies: Studio Ghibli, Tokuma Shoten, Nippon Television Network Corporation, dentsu, Walt Disney Japan, d-rights, TOHO

Production Countries: Japan

Spoken Languages: Japanese",tt0347149,2004-09-09,2004.0,ja,['JP'],119.0,Released,"['Fantasy', 'Animation', 'Adventure']",['Japanese'],['Japan'],24000000.0,236049757.0,49.1827,8.387,11487,,,"[{'id': 10342, 'name': 'Studio Ghibli', 'origin_country': 'JP'}, {'id': 1779, 'name': 'Tokuma Shoten', 'origin_country': 'JP'}, {'id': 6755, 'name': 'Nippon Television Network Corporation', 'origin_country': 'JP'}, {'id': 1778, 'name': 'dentsu', 'origin_country': 'JP'}, {'id': 272654, 'name': 'Walt Disney Japan', 'origin_country': 'JP'}, {'id': 12518, 'name': 'd-rights', 'origin_country': 'JP'}, {'id': 882, 'name': 'TOHO', 'origin_country': 'JP'}]",https://gkids.com/films/howls-moving-castle/,/13kOl2v0nD2OLbVSHnHk8GUFEhO.jpg,/nv5wwZou159v5OC61i4ElR7OqyY.jpg,4935.json,524,76,False,False
496243,Parasite,기생충,"All unemployed, Ki-taek's family takes peculiar interest in the wealthy and glamorous Parks for their livelihood until they get entangled in an unexpected incident.",Act like you own the place.,"Title: Parasite

Original Title: 기생충

Tagline: Act like you own the place.

Overview: All unemployed, Ki-taek's family takes peculiar interest in the wealthy and glamorous Parks for their livelihood until they get entangled in an unexpected incident.

Genres: Comedy, Thriller, Drama

Production Companies: Barunson E&A

Production Countries: South Korea

Spoken Languages: English, German, Korean",tt6751668,2019-05-30,2019.0,ko,['KR'],133.0,Released,"['Comedy', 'Thriller', 'Drama']","['English', 'German', 'Korean']",['South Korea'],11363000.0,257591776.0,36.7083,8.49,21383,,,"[{'id': 4399, 'name': 'Barunson E&A', 'origin_country': 'KR'}]",https://www.parasite-movie.com/,/7IiTTgloJzvGI1TAYymCfbfl3vT.jpg,/TU9NIjwzjoKPwQHoHshkFcQUCG.jpg,496243.json,397,54,False,False
496450,"Miraculous: Ladybug & Cat Noir, The Movie",Miraculous - le film,"After a guardian of magical jewels turns an awkward girl and a popular boy into superheroes, they can never reveal their identities — even to each other.",The fate of the world is in their hands.,"Title: Miraculous: Ladybug & Cat Noir, The Movie

Original Title: Miraculous - le film

Tagline: The fate of the world is in their hands.

Overview: After a guardian of magical jewels turns an awkward girl and a popular boy into superheroes, they can never reveal their identities — even to each other.

Genres: Animation, Fantasy, Action, Romance, Family

Collection: Miraculous Collection

Production Companies: The Awakening Production, SND, Fantawild, Zag Animation Studios, ON Animation Studios

Production Countries: China, France, Canada

Spoken Languages: English, French",tt10364034,2023-07-05,2023.0,fr,['FR'],105.0,Released,"['Animation', 'Fantasy', 'Action', 'Romance', 'Family']","['English', 'French']","['China', 'France', 'Canada']",86000000.0,40208268.0,14.2338,7.6,986,1241422.0,Miraculous Collection,"[{'id': 140008, 'name': 'The Awakening Production', 'origin_country': 'FR'}, {'id': 2902, 'name': 'SND', 'origin_country': 'FR'}, {'id': 200503, 'name': 'Fantawild', 'origin_country': 'CN'}, {'id': 82973, 'name': 'Zag Animation Studios', 'origin_country': 'FR'}, {'id': 84713, 'name': 'ON Animation Studios', 'origin_country': 'CA'}]",https://www.netflix.com/title/81383247,/dQNJ8SdCMn3zWwHzzQD2xrphR1X.jpg,/iEFuHjqrE059SmflBva1JzDJutE.jpg,496450.json,579,83,False,True
497,The Green Mile,The Green Mile,"A supernatural tale set on death row in a Southern prison, where gentle giant John Coffey possesses the mysterious power to heal people's ailments. When the cell block's head guard, Paul Edgecomb, recognizes Coffey's miraculous gift, he tries desperately to help stave off the condemned man's execution.",Paul Edgecomb didn't believe in miracles. Until the day he met one.,"Title: The Green Mile

Tagline: Paul Edgecomb didn't believe in miracles. Until the day he met one.

Overview: A supernatural tale set on death row in a Southern prison, where gentle giant John Coffey possesses the mysterious power to heal people's ailments. When the cell block's head guard, Paul Edgecomb, recognizes Coffey's miraculous gift, he tries desperately to help stave off the condemned man's execution.

Genres: Fantasy, Drama, Crime

Production Companies: Castle Rock Entertainment, Darkwoods Productions

Production Countries: United States of America

Spoken Languages: French, English",tt0120689,1999-12-10,1999.0,en,['US'],189.0,Released,"['Fantasy', 'Drama', 'Crime']","['French', 'English']",['United States of America'],60000000.0,286801374.0,36.7434,8.506,19864,,,"[{'id': 97, 'name': 'Castle Rock Entertainment', 'origin_country': 'US'}, {'id': 3982, 'name': 'Darkwoods Productions', 'origin_country': 'US'}]",http://thegreenmile.warnerbros.com/,/8VG8fDNiy50H4FedGwdSVUPoaJe.jpg,/amZavErrjrdgDwhsIdpWxHNenIx.jpg,497.json,600,86,False,False
49797,I Saw the Devil,악마를 보았다,"Kyung-chul is a dangerous psychopath who kills for pleasure. Soo-hyeon, a top-secret agent, decides to track down the murderer himself. He promises himself that he will do everything in his power to take vengeance against the killer, even if it means that he must become a monster himself.",Abandon all compassion.,"Title: I Saw the Devil

Original Title: 악마를 보았다

Tagline: Abandon all compassion.

Overview: Kyung-chul is a dangerous psychopath who kills for pleasure. Soo-hyeon, a top-secret agent, decides to track down the murderer himself. He promises himself that he will do everything in his power to take vengeance against the killer, even if it means that he must become a monster himself.

Genres: Thriller, Horror

Production Companies: Softbank Ventures, Peppermint & Company, Siz Entertainment, Finecut, Michigan Venture Capital, Showbox, CJ Investment

Production Countries: South Korea

Spoken Languages: Korean",tt1588170,2010-08-12,2010.0,ko,['KR'],144.0,Released,"['Thriller', 'Horror']",['Korean'],['South Korea'],6000000.0,12966357.0,8.9986,7.8,3171,,,"[{'id': 10922, 'name': 'Softbank Ventures', 'origin_country': 'KR'}, {'id': 10924, 'name': 'Peppermint & Company', 'origin_country': 'KR'}, {'id': 10925, 'name': 'Siz Entertainment', 'origin_country': 'KR'}, {'id': 11590, 'name': 'Finecut', 'origin_country': 'KR'}, {'id': 81594, 'name': 'Michigan Venture Capital', 'origin_country': 'KR'}, {'id': 3491, 'name': 'Showbox', 'origin_country': 'KR'}, {'id': 946, 'name': 'CJ Investment', 'origin_country': 'KR'}]",http://www.isawthedevilmovie.com/,/zp5NrmYp80axIGiEiYPmm1CW6uH.jpg,/dXDFWWxiEb6tg4ojMWQJrSI0Tun.jpg,49797.json,610,88,False,False
502356,The Super Mario Bros. Movie,The Super Mario Bros. Movie,"While working underground to fix a water main, Brooklyn plumbers—and brothers—Mario and Luigi are transported down a mysterious pipe and wander into a magical new world. But when the brothers are separated, Mario embarks on an epic quest to find Luigi.",Not all heroes wear capes. Some wear overalls.,"Title: The Super Mario Bros. Movie

Tagline: Not all heroes wear capes. Some wear overalls.

Overview: While working underground to fix a water main, Brooklyn plumbers—and brothers—Mario and Luigi are transported down a mysterious pipe and wander into a magical new world. But when the brothers are separated, Mario embarks on an epic quest to find Luigi.

Genres: Family, Comedy, Adventure, Fantasy, Animation

Collection: The Super Mario Collection

Production Companies: Universal Pictures, Illumination, Nintendo

Production Countries: Japan, United States of America

Spoken Languages: English",tt6718170,2023-04-05,2023.0,en,['US'],93.0,Released,"['Family', 'Comedy', 'Adventure', 'Fantasy', 'Animation']",['English'],"['Japan', 'United States of America']",100000000.0,1360879735.0,31.531,7.591,11163,1434561.0,The Super Mario Collection,"[{'id': 33, 'name': 'Universal Pictures', 'origin_country': 'US'}, {'id': 6704, 'name': 'Illumination', 'origin_country': 'US'}, {'id': 12288, 'name': 'Nintendo', 'origin_country': 'JP'}]",https://www.uphe.com/movies/the-super-mario-bros-movie,/qNBAXBIQlnOThrVvA6mA2B5ggV6.jpg,/9n2tJBplPbgR2ca05hS5CKXwP2c.jpg,502356.json,598,84,False,True
50476,Untold Scandal,스캔들: 조선남녀상열지사,"In late 1700s Korea, Lady Cho challenges the playboy Lord Jo-won into seducing and sleeping with her husband's coming young, virgin concubine. Lady Cho agrees to sleep with him if he succeeds.",Forbidden desire from the far east.,"Title: Untold Scandal

Original Title: 스캔들: 조선남녀상열지사

Tagline: Forbidden desire from the far east.

Overview: In late 1700s Korea, Lady Cho challenges the playboy Lord Jo-won into seducing and sleeping with her husband's coming young, virgin concubine. Lady Cho agrees to sleep with him if he succeeds.

Genres: Drama, Romance

Production Companies: Bom Film Productions, CJ Entertainment

Production Countries: South Korea

Spoken Languages: Korean",tt0380689,2003-10-02,2003.0,ko,['KR'],124.0,Released,"['Drama', 'Romance']",['Korean'],['South Korea'],,,16.1783,6.4,63,,,"[{'id': 3616, 'name': 'Bom Film Productions', 'origin_country': 'KR'}, {'id': 7036, 'name': 'CJ Entertainment', 'origin_country': 'KR'}]",,/kyM639uVa6bYY73LDJzNUmOUs26.jpg,/6PESw2RNX9osNRb2bzDCEybgqzz.jpg,50476.json,449,64,False,False
505192,Shoplifters,万引き家族,"In the outskirts of Tokyo, a poor but close-knit group living on the fringes of society survives through shoplifting and odd jobs. When Osamu and his son take in a neglected young girl, their already fragile existence begins to unravel. As the family grows attached to her, buried secrets surface, forcing them to confront the true meaning of love, belonging, and what makes a family.",Sometimes you choose your family.,"Title: Shoplifters

Original Title: 万引き家族

Tagline: Sometimes you choose your family.

Overview: In the outskirts of Tokyo, a poor but close-knit group living on the fringes of society survives through shoplifting and odd jobs. When Osamu and his son take in a neglected young girl, their already fragile existence begins to unravel. As the family grows attached to her, buried secrets surface, forcing them to confront the true meaning of love, belonging, and what makes a family.

Genres: Drama, Crime, Thriller

Production Companies: Fuji Television Network, AOI Pro., BUN-BUKU, GAGA Corporation

Production Countries: Japan

Spoken Languages: Japanese",tt8075192,2018-06-02,2018.0,ja,['JP'],120.0,Released,"['Drama', 'Crime', 'Thriller']",['Japanese'],['Japan'],,,10.3434,7.8,2383,,,"[{'id': 3341, 'name': 'Fuji Television Network', 'origin_country': 'JP'}, {'id': 39804, 'name': 'AOI Pro.', 'origin_country': 'JP'}, {'id': 75214, 'name': 'BUN-BUKU', 'origin_country': 'JP'}, {'id': 84048, 'name': 'GAGA Corporation', 'origin_country': 'JP'}]",http://www.shopliftersfilm.com/,/4nfRUOv3LX5zLn98WS1WqVBk9E9.jpg,/dVRkhmtDn3EiyhX6c9SfL7klCoU.jpg,505192.json,655,97,False,False
50727,The Servant,방자전,"A servant falls in love with a girl whom his master also desires. Although the girl loves the servant, she also longs to improve her station in life.","For love, any line can be crossed over.","Title: The Servant

Original Title: 방자전

Tagline: For love, any line can be crossed over.

Overview: A servant falls in love with a girl whom his master also desires. Although the girl loves the servant, she also longs to improve her station in life.

Genres: Romance, Drama, Comedy

Production Companies: Barunson E&A, Sio Film, The Tower Pictures, CJ Entertainment

Production Countries: South Korea

Spoken Languages: Korean",tt1905059,2010-06-02,2010.0,ko,['KR'],124.0,Released,"['Romance', 'Drama', 'Comedy']",['Korean'],['South Korea'],,,10.5063,5.7,42,,,"[{'id': 4399, 'name': 'Barunson E&A', 'origin_country': 'KR'}, {'id': 21188, 'name': 'Sio Film', 'origin_country': 'KR'}, {'id': 121898, 'name': 'The Tower Pictures', 'origin_country': 'KR'}, {'id': 7036, 'name': 'CJ Entertainment', 'origin_country': 'KR'}]",http://www.bangja2010.co.kr/,/t7vY6aU6rDNNDGFni604dk6FgIR.jpg,/nRqd4resSv2yGFnY5NqIAViyBzo.jpg,50727.json,427,66,False,False
508642,Gonjiam: Haunted Asylum,곤지암,"The crew of a horror web series travels to an abandoned asylum for a live broadcast, but they encounter much more than expected as they move deeper inside the nightmarish old building.",Experience the horror.,"Title: Gonjiam: Haunted Asylum

Original Title: 곤지암

Tagline: Experience the horror.

Overview: The crew of a horror web series travels to an abandoned asylum for a live broadcast, but they encounter much more than expected as they move deeper inside the nightmarish old building.

Genres: Horror, Mystery

Production Companies: Hive Media Corp

Production Countries: South Korea

Spoken Languages: Korean",tt8119752,2018-03-28,2018.0,ko,['KR'],95.0,Released,"['Horror', 'Mystery']",['Korean'],['South Korea'],,21041950.0,10.4368,7.242,1010,,,"[{'id': 108532, 'name': 'Hive Media Corp', 'origin_country': 'KR'}]",,/fNqlsmu2tiI1bXcpU31yjHPkiJz.jpg,/x1j5VVU4ypEx1hM0PDYGwCJvwtS.jpg,508642.json,405,59,False,False
508883,The Boy and the Heron,君たちはどう生きるか,"While the Second World War rages, the teenage Mahito, haunted by his mother's tragic death, is relocated from Tokyo to the serene rural home of his new stepmother Natsuko, a woman who bears a striking resemblance to the boy's mother.  As he tries to adjust, this strange new world grows even stranger following the appearance of a persistent gray heron, who perplexes and bedevils Mahito, dubbing him the ""long-awaited one.""","Where death comes to an end, life finds a new beginning.","Title: The Boy and the Heron

Original Title: 君たちはどう生きるか

Tagline: Where death comes to an end, life finds a new beginning.

Overview: While the Second World War rages, the teenage Mahito, haunted by his mother's tragic death, is relocated from Tokyo to the serene rural home of his new stepmother Natsuko, a woman who bears a striking resemblance to the boy's mother.  As he tries to adjust, this strange new world grows even stranger following the appearance of a persistent gray heron, who perplexes and bedevils Mahito, dubbing him the ""long-awaited one.""

Genres: Animation, Fantasy, Drama

Production Companies: Studio Ghibli

Production Countries: Japan

Spoken Languages: Japanese",tt6587046,2023-07-14,2023.0,ja,['JP'],124.0,Released,"['Animation', 'Fantasy', 'Drama']",['Japanese'],['Japan'],50000000.0,294200000.0,14.1906,7.384,2827,,,"[{'id': 10342, 'name': 'Studio Ghibli', 'origin_country': 'JP'}]",https://gkids.com/films/the-boy-and-the-heron/,/f4oZTcfGrVTXKTWg157AwikXqmP.jpg,/75nSb1fbWooipwcSU5bUttiOriI.jpg,508883.json,688,106,False,False
51739,Arrietty,借りぐらしのアリエッティ,"14-year-old Arrietty and the rest of the Clock family live in peaceful anonymity as they make their own home from items ""borrowed"" from the house's human inhabitants. However, life changes for the Clocks when a human boy discovers Arrietty.",Discover a secret world within our own.,"Title: Arrietty

Original Title: 借りぐらしのアリエッティ

Tagline: Discover a secret world within our own.

Overview: 14-year-old Arrietty and the rest of the Clock family live in peaceful anonymity as they make their own home from items ""borrowed"" from the house's human inhabitants. However, life changes for the Clocks when a human boy discovers Arrietty.

Genres: Fantasy, Animation, Family

Production Companies: Studio Ghibli, Hakuhodo DY Media Partners, dentsu, TOHO, Nippon Television Network Corporation, Wild Bunch, Walt Disney Japan, d-rights, Mitsubishi

Production Countries: France, Japan

Spoken Languages: Japanese",tt1568921,2010-07-16,2010.0,ja,['JP'],95.0,Released,"['Fantasy', 'Animation', 'Family']",['Japanese'],"['France', 'Japan']",23000000.0,149660003.0,10.4474,7.7,3285,,,"[{'id': 10342, 'name': 'Studio Ghibli', 'origin_country': 'JP'}, {'id': 11846, 'name': 'Hakuhodo DY Media Partners', 'origin_country': 'JP'}, {'id': 1778, 'name': 'dentsu', 'origin_country': 'JP'}, {'id': 882, 'name': 'TOHO', 'origin_country': 'JP'}, {'id': 6755, 'name': 'Nippon Television Network Corporation', 'origin_country': 'JP'}, {'id': 856, 'name': 'Wild Bunch', 'origin_country': 'FR'}, {'id': 272654, 'name': 'Walt Disney Japan', 'origin_country': 'JP'}, {'id': 12518, 'name': 'd-rights', 'origin_country': 'JP'}, {'id': 11847, 'name': 'Mitsubishi', 'origin_country': 'JP'}]",https://gkids.com/films/the-secret-world-of-arrietty,/3lSRaSjDp2nkXMQkzzjpRi3035O.jpg,/7Z7WVzJsSReG8B0CaPk0bvWD7tK.jpg,51739.json,619,85,False,False
519182,Despicable Me 4,Despicable Me 4,"Gru and Lucy and their girls—Margo, Edith and Agnes—welcome a new member to the Gru family, Gru Jr., who is intent on tormenting his dad. Gru also faces a new nemesis in Maxime Le Mal and his femme fatale girlfriend Valentina, forcing the family to go on the run.",Things just got a little more despicable.,"Title: Despicable Me 4

Tagline: Things just got a little more despicable.

Overview: Gru and Lucy and their girls—Margo, Edith and Agnes—welcome a new member to the Gru family, Gru Jr., who is intent on tormenting his dad. Gru also faces a new nemesis in Maxime Le Mal and his femme fatale girlfriend Valentina, forcing the family to go on the run.

Genres: Animation, Comedy, Action, Science Fiction, Family

Collection: Despicable Me Collection

Production Companies: Universal Pictures, Illumination

Production Countries: United States of America

Spoken Languages: English",tt7510222,2024-06-20,2024.0,en,['US'],94.0,Released,"['Animation', 'Comedy', 'Action', 'Science Fiction', 'Family']",['English'],['United States of America'],100000000.0,972021410.0,29.9947,6.971,3378,86066.0,Despicable Me Collection,"[{'id': 33, 'name': 'Universal Pictures', 'origin_country': 'US'}, {'id': 6704, 'name': 'Illumination', 'origin_country': 'US'}]",https://www.despicable.me,/wWba3TaojhK7NdycRhoQpsG0FaH.jpg,/twsxsfao6ZOVvT8LfudH603MMi6.jpg,519182.json,578,87,False,True
52683,In All Innocence,En plein cœur,"High-profile lawyer Michel takes on the defence of a young and pretty small-time thief, Cécile, after the botched hold-up of a jewellery shop. As predicted by his elegant art-dealer and sculptress wife Viviane, Michel goes well beyond his brief, jeopardising his career and ruining his marriage of 18 years.",,"Title: In All Innocence

Original Title: En plein cœur

Overview: High-profile lawyer Michel takes on the defence of a young and pretty small-time thief, Cécile, after the botched hold-up of a jewellery shop. As predicted by his elegant art-dealer and sculptress wife Viviane, Michel goes well beyond his brief, jeopardising his career and ruining his marriage of 18 years.

Genres: Drama, Romance

Production Companies: Canal+, France 2 Cinéma, Légende Entreprises

Production Countries: France

Spoken Languages: French",tt0150464,1998-11-25,1998.0,fr,['FR'],98.0,Released,"['Drama', 'Romance']",['French'],['France'],,,9.6478,5.9,32,,,"[{'id': 104, 'name': 'Canal+', 'origin_country': 'FR'}, {'id': 83, 'name': 'France 2 Cinéma', 'origin_country': 'FR'}, {'id': 10898, 'name': 'Légende Entreprises', 'origin_country': 'FR'}]",,/crUmX7oVBYO3KHzZEgyyNBcdotz.jpg,/dctQtDIIP6068UVlFgmoinhAKkC.jpg,52683.json,521,76,False,True
527729,Asterix: The Secret of the Magic Potion,Astérix : Le Secret de la potion magique,"Following a fall during mistletoe picking, Druid Getafix decides that it is time to secure the future of the village. Accompanied by Asterix and Obelix, he undertakes to travel the Gallic world in search of a talented young druid to transmit the Secret of the Magic Potion.",,"Title: Asterix: The Secret of the Magic Potion

Original Title: Astérix : Le Secret de la potion magique

Overview: Following a fall during mistletoe picking, Druid Getafix decides that it is time to secure the future of the village. Accompanied by Asterix and Obelix, he undertakes to travel the Gallic world in search of a talented young druid to transmit the Secret of the Magic Potion.

Genres: Family, Animation, Comedy, Adventure

Collection: Asterix and Obelix (Animation) Collection

Production Companies: M6 Studio, M6 Films

Production Countries: France

Spoken Languages: French",tt8001346,2018-05-12,2018.0,fr,['FR'],85.0,Released,"['Family', 'Animation', 'Comedy', 'Adventure']",['French'],['France'],36000000.0,74488686.0,8.7748,6.8,1345,94039.0,Asterix and Obelix (Animation) Collection,"[{'id': 4888, 'name': 'M6 Studio', 'origin_country': 'FR'}, {'id': 1115, 'name': 'M6 Films', 'origin_country': 'FR'}]",https://www.asterix.com/en/asterix-at-the-movies/animated-films/asterix-the-secret-of-the-magic-potion/,/5OvHpzWXBzOvgZwOoUsqNSouSwy.jpg,/9cPMIuB2tv4IP0LbeNhrK5OyDy5.jpg,527729.json,589,89,False,False
530154,Lust Stories,Lust Stories,An anthology of four stories that sheds light on modern relationships from the viewpoint of the Indian woman.,Four Stories Four Climaxes,"Title: Lust Stories

Tagline: Four Stories Four Climaxes

Overview: An anthology of four stories that sheds light on modern relationships from the viewpoint of the Indian woman.

Genres: Romance, Drama

Collection: Lust Stories Collection

Production Companies: RSVP Movies, Flying Unicorn Entertainment, Tiger Baby

Production Countries: India

Spoken Languages: Hindi",tt8439854,2018-06-15,2018.0,hi,['IN'],120.0,Released,"['Romance', 'Drama']",['Hindi'],['India'],,,5.3147,6.3,146,1136734.0,Lust Stories Collection,"[{'id': 100972, 'name': 'RSVP Movies', 'origin_country': 'IN'}, {'id': 98390, 'name': 'Flying Unicorn Entertainment', 'origin_country': 'IN'}, {'id': 114917, 'name': 'Tiger Baby', 'origin_country': 'IN'}]",https://www.netflix.com/title/80991033,/mP5HehSpCaRGd6ej66jxkhdl60B.jpg,/xhHsbpLpPO5AvKx3E6jLXtYAqXV.jpg,530154.json,369,49,False,False
530318,Younger Sister,妹,"Akio's sister, Neri has separated from her boyfriend. They lived in Kamakura. She moves in with her brother. Her ex-boyfriend's sister, Eiko comes to see Neri. She wonders if the separation occurred due to her because the three of them used to live together. Eiko's brother has disappeared in the meantime.",,"Title: Younger Sister

Original Title: 妹

Overview: Akio's sister, Neri has separated from her boyfriend. They lived in Kamakura. She moves in with her brother. Her ex-boyfriend's sister, Eiko comes to see Neri. She wonders if the separation occurred due to her because the three of them used to live together. Eiko's brother has disappeared in the meantime.

Genres: Romance, Drama

Production Companies: Nikkatsu Corporation

Production Countries: Japan

Spoken Languages: Japanese",tt0241563,1974-08-14,1974.0,ja,['JP'],92.0,Released,"['Romance', 'Drama']",['Japanese'],['Japan'],,,20.6941,3.8,4,,,"[{'id': 955, 'name': 'Nikkatsu Corporation', 'origin_country': 'JP'}]",http://www.nikkatsu.com/movie/25310.html,/rLHkNBU0kRVzXqAiVxopey1PZ2L.jpg,/xP5oQ2bwTiEKzRAWh7JEUA4vAn5.jpg,530318.json,483,71,False,False
531428,Portrait of a Lady on Fire,Portrait de la jeune fille en feu,"On an isolated island in Brittany at the end of the eighteenth century, a female painter is obliged to paint a wedding portrait of a young woman.",Don't regret. Remember.,"Title: Portrait of a Lady on Fire

Original Title: Portrait de la jeune fille en feu

Tagline: Don't regret. Remember.

Overview: On an isolated island in Brittany at the end of the eighteenth century, a female painter is obliged to paint a wedding portrait of a young woman.

Genres: Drama, Romance

Production Companies: Lilies Films, ARTE France Cinéma, Hold Up Films

Production Countries: France

Spoken Languages: Italian, French",tt8613070,2019-09-06,2019.0,fr,['FR'],121.0,Released,"['Drama', 'Romance']","['Italian', 'French']",['France'],5740000.0,9923127.0,15.873,8.1,3054,,,"[{'id': 43649, 'name': 'Lilies Films', 'origin_country': 'FR'}, {'id': 94, 'name': 'ARTE France Cinéma', 'origin_country': 'FR'}, {'id': 7980, 'name': 'Hold Up Films', 'origin_country': 'FR'}]",https://mk2films.com/en/film/portrait-of-a-lady-on-fire/,/2LquGwEhbg3soxSCs9VNyh5VJd9.jpg,/ivJ5UzT6IzucLVfbZwCCwiJJoBz.jpg,531428.json,435,68,False,False
532870,Run Sweetheart Run,Run Sweetheart Run,A woman runs for her life though the streets of Los Angeles after her blind date suddenly turns violent.,A first date from hell.,"Title: Run Sweetheart Run

Tagline: A first date from hell.

Overview: A woman runs for her life though the streets of Los Angeles after her blind date suddenly turns violent.

Genres: Horror, Thriller

Production Companies: Blumhouse Productions, Automatik Entertainment, Quiet Girl Productions, Gamechanger Films, Stuck On On

Production Countries: United States of America

Spoken Languages: English",tt8656686,2020-01-27,2020.0,en,['US'],104.0,Released,"['Horror', 'Thriller']",['English'],['United States of America'],,,31.161,5.5,235,,,"[{'id': 3172, 'name': 'Blumhouse Productions', 'origin_country': 'US'}, {'id': 7625, 'name': 'Automatik Entertainment', 'origin_country': 'US'}, {'id': 106317, 'name': 'Quiet Girl Productions', 'origin_country': 'US'}, {'id': 35562, 'name': 'Gamechanger Films', 'origin_country': 'US'}, {'id': 183833, 'name': 'Stuck On On', 'origin_country': 'US'}]",https://www.amazon.com/dp/B0B6MF7X16,/bDkdcKOFSUaeQLgX3HuDXmxaq1d.jpg,/oKqsZr4Jq1Y3fPZ0ufgzUs2ToK2.jpg,532870.json,402,56,False,False
533535,Deadpool & Wolverine,Deadpool & Wolverine,"A listless Wade Wilson toils away in civilian life with his days as the morally flexible mercenary, Deadpool, behind him. But when his homeworld faces an existential threat, Wade must reluctantly suit-up again with an even more reluctant Wolverine.",Come together.,"Title: Deadpool & Wolverine

Tagline: Come together.

Overview: A listless Wade Wilson toils away in civilian life with his days as the morally flexible mercenary, Deadpool, behind him. But when his homeworld faces an existential threat, Wade must reluctantly suit-up again with an even more reluctant Wolverine.

Genres: Action, Comedy, Science Fiction

Collection: Deadpool Collection

Production Companies: Marvel Studios, Maximum Effort, 21 Laps Entertainment, 20th Century Studios, Kevin Feige Productions, TSG Entertainment

Production Countries: United States of America

Spoken Languages: English",tt6263850,2024-07-24,2024.0,en,['US'],128.0,Released,"['Action', 'Comedy', 'Science Fiction']",['English'],['United States of America'],200000000.0,1338073645.0,59.6287,7.587,9517,448150.0,Deadpool Collection,"[{'id': 420, 'name': 'Marvel Studios', 'origin_country': 'US'}, {'id': 104228, 'name': 'Maximum Effort', 'origin_country': 'US'}, {'id': 2575, 'name': '21 Laps Entertainment', 'origin_country': 'US'}, {'id': 127928, 'name': '20th Century Studios', 'origin_country': 'US'}, {'id': 176762, 'name': 'Kevin Feige Productions', 'origin_country': 'US'}, {'id': 22213, 'name': 'TSG Entertainment', 'origin_country': 'US'}]",https://www.marvel.com/movies/deadpool-and-wolverine,/8cdWjvZQUExUUTzyp4t6EDMubfO.jpg,/by8z9Fe8y7p4jo2YlW2SZDnptyT.jpg,533535.json,604,81,False,False
545611,Everything Everywhere All at Once,Everything Everywhere All at Once,"An aging Chinese immigrant is swept up in an insane adventure, where she alone can save what's important to her by connecting with the lives she could have led in other universes.",The universe is so much bigger than you realize.,"Title: Everything Everywhere All at Once

Tagline: The universe is so much bigger than you realize.

Overview: An aging Chinese immigrant is swept up in an insane adventure, where she alone can save what's important to her by connecting with the lives she could have led in other universes.

Genres: Action, Adventure, Science Fiction

Production Companies: IAC Films, AGBO, Ley Line Entertainment, Year of the Rat, A24

Production Countries: United States of America

Spoken Languages: Cantonese, Mandarin, English",tt6710474,2022-03-24,2022.0,en,['US'],140.0,Released,"['Action', 'Adventure', 'Science Fiction']","['Cantonese', 'Mandarin', 'English']",['United States of America'],25000000.0,139200000.0,31.4085,7.714,8452,,,"[{'id': 93105, 'name': 'IAC Films', 'origin_country': 'US'}, {'id': 106544, 'name': 'AGBO', 'origin_country': 'US'}, {'id': 114130, 'name': 'Ley Line Entertainment', 'origin_country': 'US'}, {'id': 161506, 'name': 'Year of the Rat', 'origin_country': 'US'}, {'id': 41077, 'name': 'A24', 'origin_country': 'US'}]",https://a24films.com/films/everything-everywhere-all-at-once,/u68AjlvlutfEIcpmbYpKcdi09ut.jpg,/fIwiFha3WPu5nHkBeMQ4GzEk0Hv.jpg,545611.json,515,78,False,False
549509,The Brutalist,The Brutalist,"When an innovative modern architect flees post-war Europe, he is given the opportunity to rebuild his legacy. Set during the dawn of the modern United States (in Pennsylvania), his wife joins him, and their lives are forever changed by a demanding, wealthy patron.",Welcome to America.,"Title: The Brutalist

Tagline: Welcome to America.

Overview: When an innovative modern architect flees post-war Europe, he is given the opportunity to rebuild his legacy. Set during the dawn of the modern United States (in Pennsylvania), his wife joins him, and their lives are forever changed by a demanding, wealthy patron.

Genres: Drama

Production Companies: Brookstreet Pictures, Kaplan Morrison, Intake Films, Andrew Lauren Productions, Lipsync Productions, Richmond Pictures, Meyohas Studio, Carte Blanche, PCE Films

Production Countries: United Kingdom, United States of America

Spoken Languages: Russian, Hebrew, Hungarian, Yiddish, Italian, English",tt8999762,2024-12-20,2024.0,en,['US'],215.0,Released,['Drama'],"['Russian', 'Hebrew', 'Hungarian', 'Yiddish', 'Italian', 'English']","['United Kingdom', 'United States of America']",9600000.0,50145227.0,32.9244,6.926,1828,,,"[{'id': 237811, 'name': 'Brookstreet Pictures', 'origin_country': 'GB'}, {'id': 236171, 'name': 'Kaplan Morrison', 'origin_country': 'US'}, {'id': 153971, 'name': 'Intake Films', 'origin_country': 'GB'}, {'id': 19194, 'name': 'Andrew Lauren Productions', 'origin_country': 'US'}, {'id': 9987, 'name': 'Lipsync Productions', 'origin_country': 'GB'}, {'id': 215964, 'name': 'Richmond Pictures', 'origin_country': 'GB'}, {'id': 236172, 'name': 'Meyohas Studio', 'origin_country': 'US'}, {'id': 171436, 'name': 'Carte Blanche', 'origin_country': 'US'}, {'id': 242541, 'name': 'PCE Films', 'origin_country': 'US'}]",https://a24films.com/films/the-brutalist,/vP7Yd6couiAaw9jgMd5cjMRj3hQ.jpg,/hmZnqijPaaACjenDkrbWcCmcADI.jpg,549509.json,662,90,False,False
550,Fight Club,Fight Club,"A ticking-time-bomb insomniac and a slippery soap salesman channel primal male aggression into a shocking new form of therapy. Their concept catches on, with underground ""fight clubs"" forming in every town, until an eccentric gets in the way and ignites an out-of-control spiral toward oblivion.",Mischief. Mayhem. Soap.,"Title: Fight Club

Tagline: Mischief. Mayhem. Soap.

Overview: A ticking-time-bomb insomniac and a slippery soap salesman channel primal male aggression into a shocking new form of therapy. Their concept catches on, with underground ""fight clubs"" forming in every town, until an eccentric gets in the way and ignites an out-of-control spiral toward oblivion.

Genres: Drama, Thriller

Production Companies: Fox 2000 Pictures, Regency Enterprises, Linson Entertainment, 20th Century Fox, Taurus Film

Production Countries: Germany, United States of America

Spoken Languages: English",tt0137523,1999-10-15,1999.0,en,['US'],139.0,Released,"['Drama', 'Thriller']",['English'],"['Germany', 'United States of America']",63000000.0,100853753.0,47.1409,8.437,32934,,,"[{'id': 711, 'name': 'Fox 2000 Pictures', 'origin_country': 'US'}, {'id': 508, 'name': 'Regency Enterprises', 'origin_country': 'US'}, {'id': 4700, 'name': 'Linson Entertainment', 'origin_country': 'US'}, {'id': 25, 'name': '20th Century Fox', 'origin_country': 'US'}, {'id': 20555, 'name': 'Taurus Film', 'origin_country': 'DE'}]",https://www.20thcenturystudios.com/movies/fight-club,/jSziioSwPVrOy9Yow3XhWIBDjq1.jpg,/c6OLXfKAk5BKeR6broC8pYiCquX.jpg,550.json,582,80,False,False
5528,The Chorus,Les Choristes,"In 1940s France, a new teacher at a school for disruptive boys gives hope and inspiration.",,"Title: The Chorus

Original Title: Les Choristes

Overview: In 1940s France, a new teacher at a school for disruptive boys gives hope and inspiration.

Genres: Drama, Comedy, Music

Production Companies: Galatée Films, Pathé Renn Productions, Vega Film, France 2 Cinéma, Novo Arturo Films

Production Countries: France, Switzerland

Spoken Languages: French",tt0372824,2004-03-17,2004.0,fr,['FR'],97.0,Released,"['Drama', 'Comedy', 'Music']",['French'],"['France', 'Switzerland']",5300000.0,83600000.0,11.6403,7.7,2669,,,"[{'id': 793, 'name': 'Galatée Films', 'origin_country': 'FR'}, {'id': 866, 'name': 'Pathé Renn Productions', 'origin_country': 'FR'}, {'id': 8138, 'name': 'Vega Film', 'origin_country': 'CH'}, {'id': 83, 'name': 'France 2 Cinéma', 'origin_country': 'FR'}, {'id': 1168, 'name': 'Novo Arturo Films', 'origin_country': 'FR'}]",http://www.pathedistribution.com/accueil/filmcatalogue.php?IDFilm=498,/hUl7gSvkGygyk9wt3zy5NqpC5bb.jpg,/eWYrrdCKd4bjOKB9DB0HtRUhI1o.jpg,5528.json,357,50,False,False
557,Spider-Man,Spider-Man,"After being bitten by a genetically altered spider at Oscorp, nerdy but endearing high school student Peter Parker is endowed with amazing powers to become the superhero known as Spider-Man.",Go for the ultimate spin.,"Title: Spider-Man

Tagline: Go for the ultimate spin.

Overview: After being bitten by a genetically altered spider at Oscorp, nerdy but endearing high school student Peter Parker is endowed with amazing powers to become the superhero known as Spider-Man.

Genres: Action, Science Fiction

Collection: Spider-Man Collection

Production Companies: Marvel Enterprises, Laura Ziskin Productions, Columbia Pictures

Production Countries: United States of America

Spoken Languages: English",tt0145487,2002-05-01,2002.0,en,['US'],121.0,Released,"['Action', 'Science Fiction']",['English'],['United States of America'],139000000.0,821708551.0,43.6795,7.356,21488,556.0,Spider-Man Collection,"[{'id': 19551, 'name': 'Marvel Enterprises', 'origin_country': 'US'}, {'id': 326, 'name': 'Laura Ziskin Productions', 'origin_country': 'US'}, {'id': 5, 'name': 'Columbia Pictures', 'origin_country': 'US'}]",https://www.sonypictures.com/movies/spiderman,/or6XJBVpcEbIkma0V9zshnbEtx4.jpg,/zQ8AxTPiCiS5nnwXpwTBPBHSaa5.jpg,557.json,485,64,False,False
560210,My Student's Mom 3,내 학생의 엄마 3,"The middle school teacher, Zhu Xi, suddenly goes to the studio by leaving her husband and son because of sudden local issue. She is stressed because of the overworked environment and the changed environment. After a lonely night without a wife, the husband finally winds up with his son’s young, sexy tutor …",I’ll fill my wife’s vacancy!,"Title: My Student's Mom 3

Original Title: 내 학생의 엄마 3

Tagline: I’ll fill my wife’s vacancy!

Overview: The middle school teacher, Zhu Xi, suddenly goes to the studio by leaving her husband and son because of sudden local issue. She is stressed because of the overworked environment and the changed environment. After a lonely night without a wife, the husband finally winds up with his son’s young, sexy tutor …

Genres: Romance

Collection: My Student's Mom Series

Production Countries: South Korea

Spoken Languages: Korean",,2018-02-05,2018.0,ko,['KR'],81.0,Released,['Romance'],['Korean'],['South Korea'],,,9.9638,4.0,3,700550.0,My Student's Mom Series,[],,/jPYWpxZXEF35qkY9OTGU2z8l9Uh.jpg,/sciYJi0zcnTptF4MWkxQ0hXNScP.jpg,560210.json,527,85,False,True
568160,Weathering with You,天気の子,"The summer of his high school freshman year, Hodaka runs away from his remote island home to Tokyo, and quickly finds himself pushed to his financial and personal limits. The weather is unusually gloomy and rainy every day, as if taking its cue from his life. After many days of solitude, he finally finds work as a freelance writer for a mysterious occult magazine. Then, one day, Hodaka meets Hina on a busy street corner. This bright and strong-willed girl possesses a strange and wonderful ability: the power to stop the rain and clear the sky.",A story about the secret of this world that only I and she know.,"Title: Weathering with You

Original Title: 天気の子

Tagline: A story about the secret of this world that only I and she know.

Overview: The summer of his high school freshman year, Hodaka runs away from his remote island home to Tokyo, and quickly finds himself pushed to his financial and personal limits. The weather is unusually gloomy and rainy every day, as if taking its cue from his life. After many days of solitude, he finally finds work as a freelance writer for a mysterious occult magazine. Then, one day, Hodaka meets Hina on a busy street corner. This bright and strong-willed girl possesses a strange and wonderful ability: the power to stop the rain and clear the sky.

Genres: Animation, Drama, Fantasy, Romance

Production Companies: CoMix Wave Films, Story, TOHO, KADOKAWA, jeki, Lawson Entertainment, ""Weathering With You"" Film Partners

Production Countries: Japan

Spoken Languages: Japanese",tt9426210,2019-07-19,2019.0,ja,['JP'],112.0,Released,"['Animation', 'Drama', 'Fantasy', 'Romance']",['Japanese'],['Japan'],11100000.0,192729404.0,12.0515,7.974,2720,,,"[{'id': 3756, 'name': 'CoMix Wave Films', 'origin_country': 'JP'}, {'id': 128616, 'name': 'Story', 'origin_country': 'JP'}, {'id': 882, 'name': 'TOHO', 'origin_country': 'JP'}, {'id': 2073, 'name': 'KADOKAWA', 'origin_country': 'JP'}, {'id': 8157, 'name': 'jeki', 'origin_country': 'JP'}, {'id': 104184, 'name': 'Lawson Entertainment', 'origin_country': 'JP'}, {'id': 145448, 'name': '""Weathering With You"" Film Partners', 'origin_country': 'JP'}]",https://gkidstickets.com/us/weathering-with-you/,/qgrk7r1fV4IjuoeiGS5HOhXNdLJ.jpg,/ize3ZieqSy0TCWljmVoEiy8fSFS.jpg,568160.json,912,146,False,False
569094,Spider-Man: Across the Spider-Verse,Spider-Man: Across the Spider-Verse,"After reuniting with Gwen Stacy, Brooklyn’s full-time, friendly neighborhood Spider-Man is catapulted across the Multiverse, where he encounters the Spider Society, a team of Spider-People charged with protecting the Multiverse's very existence. But when the heroes clash on how to handle a new threat, Miles finds himself pitted against the other Spiders and must set out on his own to save those he loves most.",It's how you wear the mask that matters.,"Title: Spider-Man: Across the Spider-Verse

Tagline: It's how you wear the mask that matters.

Overview: After reuniting with Gwen Stacy, Brooklyn’s full-time, friendly neighborhood Spider-Man is catapulted across the Multiverse, where he encounters the Spider Society, a team of Spider-People charged with protecting the Multiverse's very existence. But when the heroes clash on how to handle a new threat, Miles finds himself pitted against the other Spiders and must set out on his own to save those he loves most.

Genres: Animation, Action, Adventure, Science Fiction

Collection: Spider-Man: Spider-Verse Collection

Production Companies: Columbia Pictures, Sony Pictures Animation, Lord Miller, Pascal Pictures, Arad Productions, Marvel Entertainment

Production Countries: United States of America

Spoken Languages: English, Hindi, Italian, Spanish",tt9362722,2023-05-31,2023.0,en,['US'],140.0,Released,"['Animation', 'Action', 'Adventure', 'Science Fiction']","['English', 'Hindi', 'Italian', 'Spanish']",['United States of America'],100000000.0,690897910.0,53.6155,8.351,9315,573436.0,Spider-Man: Spider-Verse Collection,"[{'id': 5, 'name': 'Columbia Pictures', 'origin_country': 'US'}, {'id': 2251, 'name': 'Sony Pictures Animation', 'origin_country': 'US'}, {'id': 77973, 'name': 'Lord Miller', 'origin_country': 'US'}, {'id': 84041, 'name': 'Pascal Pictures', 'origin_country': 'US'}, {'id': 14439, 'name': 'Arad Productions', 'origin_country': 'US'}, {'id': 7505, 'name': 'Marvel Entertainment', 'origin_country': 'US'}]",https://www.sonypictures.com/movies/spidermanacrossthespiderverse,/8Vt6mWEReuy4Of61Lnj5Xj704m8.jpg,/kVd3a9YeLGkoeR50jGEXM6EqseS.jpg,569094.json,857,117,False,True
574475,Final Destination Bloodlines,Final Destination Bloodlines,"Plagued by a violent recurring nightmare, college student Stefanie heads home to track down the one person who might be able to break the cycle and save her family from the grisly demise that inevitably awaits them all.",Death runs in the family.,"Title: Final Destination Bloodlines

Tagline: Death runs in the family.

Overview: Plagued by a violent recurring nightmare, college student Stefanie heads home to track down the one person who might be able to break the cycle and save her family from the grisly demise that inevitably awaits them all.

Genres: Horror, Mystery

Collection: Final Destination Collection

Production Companies: New Line Cinema, Practical Pictures, Freshman Year, Fireside Films, Domain Entertainment

Production Countries: United States of America

Spoken Languages: English",tt9619824,2025-05-14,2025.0,en,['US'],110.0,Released,"['Horror', 'Mystery']",['English'],['United States of America'],50000000.0,317854739.0,23.723,7.035,3139,8864.0,Final Destination Collection,"[{'id': 12, 'name': 'New Line Cinema', 'origin_country': 'US'}, {'id': 48788, 'name': 'Practical Pictures', 'origin_country': 'US'}, {'id': 252366, 'name': 'Freshman Year', 'origin_country': 'US'}, {'id': 252367, 'name': 'Fireside Films', 'origin_country': 'US'}, {'id': 216687, 'name': 'Domain Entertainment', 'origin_country': 'US'}]",https://www.finaldestinationmovie.com,/6WxhEvFsauuACfv8HyoVX6mZKFj.jpg,/uIpJPDNFoeX0TVml9smPrs9KUVx.jpg,574475.json,556,78,False,False
578,Jaws,Jaws,"When the seaside community of Amity finds itself under attack by a dangerous great white shark, the town's chief of police, a young marine biologist, and a grizzled shark hunter embark on a desperate quest to kill the beast before it strikes again.",The terrifying motion picture from the terrifying No. 1 best seller.,"Title: Jaws

Tagline: The terrifying motion picture from the terrifying No. 1 best seller.

Overview: When the seaside community of Amity finds itself under attack by a dangerous great white shark, the town's chief of police, a young marine biologist, and a grizzled shark hunter embark on a desperate quest to kill the beast before it strikes again.

Genres: Horror, Thriller, Adventure

Collection: Jaws Collection

Production Companies: The Zanuck/Brown Company, Universal Pictures

Production Countries: United States of America

Spoken Languages: English",tt0073195,1975-06-20,1975.0,en,['US'],124.0,Released,"['Horror', 'Thriller', 'Adventure']",['English'],['United States of America'],7000000.0,470653000.0,25.6717,7.687,11887,2366.0,Jaws Collection,"[{'id': 1865, 'name': 'The Zanuck/Brown Company', 'origin_country': 'US'}, {'id': 33, 'name': 'Universal Pictures', 'origin_country': 'US'}]",https://www.uphe.com/movies/jaws,/lxM6kqilAdpdhqUl2biYp5frUxE.jpg,/i1yf91svRHX45l9BXL8rVFzLoPH.jpg,578.json,559,81,False,False
581392,Peninsula,반도,A soldier and his team battle hordes of post-apocalyptic zombies in the wastelands of the Korean Peninsula.,Escape the apocalypse.,"Title: Peninsula

Original Title: 반도

Tagline: Escape the apocalypse.

Overview: A soldier and his team battle hordes of post-apocalyptic zombies in the wastelands of the Korean Peninsula.

Genres: Horror, Action, Thriller, Adventure

Collection: Train to Busan Collection

Production Companies: Next Entertainment World, RedPeter Films, Contents Panda, Union Investment Partners, Michigan Venture Capital

Production Countries: South Korea

Spoken Languages: English, Korean",tt8850222,2020-07-15,2020.0,ko,['KR'],116.0,Released,"['Horror', 'Action', 'Thriller', 'Adventure']","['English', 'Korean']",['South Korea'],17000000.0,42698327.0,11.5833,6.7,2674,619537.0,Train to Busan Collection,"[{'id': 20064, 'name': 'Next Entertainment World', 'origin_country': 'KR'}, {'id': 103875, 'name': 'RedPeter Films', 'origin_country': 'KR'}, {'id': 73918, 'name': 'Contents Panda', 'origin_country': 'KR'}, {'id': 88607, 'name': 'Union Investment Partners', 'origin_country': 'KR'}, {'id': 81594, 'name': 'Michigan Venture Capital', 'origin_country': 'KR'}]",https://www.wellgousa.com/films/train-to-busan-presents-peninsula,/eeqvAzCccAZOhU3RfbvHB3s44S6.jpg,/gEjNlhZhyHeto6Fy5wWy5Uk3A9D.jpg,581392.json,475,60,False,False
581528,"The Gangster, the Cop, the Devil",악인전,"After barely surviving a brutal attack by a sadistic serial killer, crime boss Jang Dong-su is left humiliated. Determined to catch the killer known as K, he forms an uneasy alliance with Jung Tae-seok, a relentless and incorruptible detective who often disrupts his illegal business. However, while Jang Dong-su wants K dead, Jung Tae-suk is determined to bring him to justice. With a deal in place—whoever finds K first will decide his fate—the hunt begins, blurring the lines between crime and law.",Don't let the devil win.,"Title: The Gangster, the Cop, the Devil

Original Title: 악인전

Tagline: Don't let the devil win.

Overview: After barely surviving a brutal attack by a sadistic serial killer, crime boss Jang Dong-su is left humiliated. Determined to catch the killer known as K, he forms an uneasy alliance with Jung Tae-seok, a relentless and incorruptible detective who often disrupts his illegal business. However, while Jang Dong-su wants K dead, Jung Tae-suk is determined to bring him to justice. With a deal in place—whoever finds K first will decide his fate—the hunt begins, blurring the lines between crime and law.

Genres: Action, Crime, Thriller

Production Companies: Acemaker Movieworks, BA Entertainment, Kiwi Media Group, B&C Content

Production Countries: South Korea

Spoken Languages: Korean",tt10208198,2019-05-15,2019.0,ko,['KR'],110.0,Released,"['Action', 'Crime', 'Thriller']",['Korean'],['South Korea'],6500000.0,25775371.0,19.0854,7.9,1580,,,"[{'id': 113584, 'name': 'Acemaker Movieworks', 'origin_country': 'KR'}, {'id': 84678, 'name': 'BA Entertainment', 'origin_country': 'KR'}, {'id': 114520, 'name': 'Kiwi Media Group', 'origin_country': 'KR'}, {'id': 162133, 'name': 'B&C Content', 'origin_country': 'KR'}]",,/oHlM4abRm6BzrRcz9Nup1uidw9H.jpg,/jJJQ1PPXUEchqyZ9YyWzgSNU39Z.jpg,581528.json,794,121,False,True
585,"Monsters, Inc.","Monsters, Inc.","Lovable Sulley and his wisecracking sidekick Mike Wazowski are the top scare team at Monsters, Inc., the scream-processing factory in Monstropolis. When a little girl named Boo wanders into their world, it's the monsters who are scared silly, and it's up to Sulley and Mike to keep her out of sight and get her back home.",It's nothing personal. It's just their job.,"Title: Monsters, Inc.

Tagline: It's nothing personal. It's just their job.

Overview: Lovable Sulley and his wisecracking sidekick Mike Wazowski are the top scare team at Monsters, Inc., the scream-processing factory in Monstropolis. When a little girl named Boo wanders into their world, it's the monsters who are scared silly, and it's up to Sulley and Mike to keep her out of sight and get her back home.

Genres: Animation, Comedy, Family, Fantasy

Collection: Monsters, Inc. Collection

Production Companies: Pixar

Production Countries: United States of America

Spoken Languages: English",tt0198781,2001-11-01,2001.0,en,['US'],92.0,Released,"['Animation', 'Comedy', 'Family', 'Fantasy']",['English'],['United States of America'],115000000.0,579700000.0,35.5309,7.857,20302,137696.0,"Monsters, Inc. Collection","[{'id': 3, 'name': 'Pixar', 'origin_country': 'US'}]",http://movies.disney.com/monsters-inc,/wFSpyMsp7H0ttERbxY7Trlv8xry.jpg,/sDTnMOJ3H5wI38OxObmCtK7wfd5.jpg,585.json,595,89,False,False
585032,Sa Bang-ji,사방지,"Sa Bangji was an intersex person who according to historical records lived during Korea’s Joseon Dynasty. Taken in by a kindly benefactor, Sa Bangji lives in a monastery that is one day visited by a young widow, Lee So-sa, who is in mourning following the death of her husband. The pair’s meeting seems predestined, with the erotic attraction between Sa Bangji and Lee So-sa soon evolving into something far more transcendent – and dangerous.  While aspects of the film – its stylised depiction of female actors and sex – identify it as a product of its time, Sa Bangji is undeniably a milestone in screen representations of intersex people, a film that refuses to shy away from the horrendous stigmatization faced by its titular character.",,"Title: Sa Bang-ji

Original Title: 사방지

Overview: Sa Bangji was an intersex person who according to historical records lived during Korea’s Joseon Dynasty. Taken in by a kindly benefactor, Sa Bangji lives in a monastery that is one day visited by a young widow, Lee So-sa, who is in mourning following the death of her husband. The pair’s meeting seems predestined, with the erotic attraction between Sa Bangji and Lee So-sa soon evolving into something far more transcendent – and dangerous.  While aspects of the film – its stylised depiction of female actors and sex – identify it as a product of its time, Sa Bangji is undeniably a milestone in screen representations of intersex people, a film that refuses to shy away from the horrendous stigmatization faced by its titular character.

Genres: Drama, Romance, History

Production Companies: Inchang Film

Production Countries: South Korea

Spoken Languages: Korean",tt0396846,1988-10-29,1988.0,ko,['KR'],94.0,Released,"['Drama', 'Romance', 'History']",['Korean'],['South Korea'],,,9.6488,6.6,5,,,"[{'id': 117469, 'name': 'Inchang Film', 'origin_country': 'KR'}]",,/uFsTrW5qzU2l3YE0ataLoUgfsjJ.jpg,/Aueidj1cfpZBOW5KbyVCyKMSZE1.jpg,585032.json,920,147,False,True
5879,In the Realm of the Senses,愛のコリーダ,"A passionate telling of the story of Sada Abe, a woman whose affair with her master led to an obsessive and ultimately destructive sexual relationship.",Never before had a man and a woman loved each other so intensely.,"Title: In the Realm of the Senses

Original Title: 愛のコリーダ

Tagline: Never before had a man and a woman loved each other so intensely.

Overview: A passionate telling of the story of Sada Abe, a woman whose affair with her master led to an obsessive and ultimately destructive sexual relationship.

Genres: Drama, Romance

Production Companies: Argos films, Oshima Productions, Shibata Organisation

Production Countries: Japan, France

Spoken Languages: Japanese",tt0074102,1976-09-15,1976.0,ja,['JP'],102.0,Released,"['Drama', 'Romance']",['Japanese'],"['Japan', 'France']",,7650000.0,12.8365,6.616,761,,,"[{'id': 6116, 'name': 'Argos films', 'origin_country': 'FR'}, {'id': 13139, 'name': 'Oshima Productions', 'origin_country': 'JP'}, {'id': 14668, 'name': 'Shibata Organisation', 'origin_country': 'JP'}]",,/AiFQbgjgSXWPfbi9iIYT39iXWMW.jpg,/g3L6tOvJIRWSkxnhmoEW1SKEvW3.jpg,5879.json,462,68,False,False
591634,False Positive,False Positive,"After months of trying and failing to get pregnant, Lucy and Adrian finally find their dream fertility doctor in the illustrious Dr. Hindle. But after becoming pregnant with a healthy baby girl, Lucy begins to notice something sinister through Hindle's gleaming charm, and she sets out to uncover the unsettling truth about him.",Never underestimate a mother's intuition.,"Title: False Positive

Tagline: Never underestimate a mother's intuition.

Overview: After months of trying and failing to get pregnant, Lucy and Adrian finally find their dream fertility doctor in the illustrious Dr. Hindle. But after becoming pregnant with a healthy baby girl, Lucy begins to notice something sinister through Hindle's gleaming charm, and she sets out to uncover the unsettling truth about him.

Genres: Horror, Mystery, Thriller

Production Companies: A24

Production Countries: United States of America

Spoken Languages: English",tt10096842,2021-06-18,2021.0,en,['US'],93.0,Released,"['Horror', 'Mystery', 'Thriller']",['English'],['United States of America'],,,89.3638,5.5,201,,,"[{'id': 41077, 'name': 'A24', 'origin_country': 'US'}]",https://a24films.com/films/false-positive,/3HSov8EW2fI3oQbUJxOvnf684ej.jpg,/8FHQFJGCuIuSQ8hC7Iyrd8fPdy7.jpg,591634.json,550,79,False,False
592508,Sooryavanshi,सूर्यवंशी,"A fearless, faithful albeit slightly forgetful Mumbai cop, Veer Sooryavanshi, the chief of the Anti-Terrorism Squad in India pulls out all the stops and stunts to thwart a major conspiracy to attack his city.",Police is coming.,"Title: Sooryavanshi

Original Title: सूर्यवंशी

Tagline: Police is coming.

Overview: A fearless, faithful albeit slightly forgetful Mumbai cop, Veer Sooryavanshi, the chief of the Anti-Terrorism Squad in India pulls out all the stops and stunts to thwart a major conspiracy to attack his city.

Genres: Action, Crime, Thriller

Production Companies: Reliance Entertainment, Dharma Productions, Rohit Shetty Productionz

Production Countries: India

Spoken Languages: Hindi",tt9531772,2021-11-05,2021.0,hi,['IN'],145.0,Released,"['Action', 'Crime', 'Thriller']",['Hindi'],['India'],13000000.0,35000000.0,3.8321,5.8,183,,,"[{'id': 7294, 'name': 'Reliance Entertainment', 'origin_country': 'IN'}, {'id': 19146, 'name': 'Dharma Productions', 'origin_country': 'IN'}, {'id': 80908, 'name': 'Rohit Shetty Productionz', 'origin_country': 'IN'}]",,/zgEc1Tn4iKvttPUzkMOUB4BNoXK.jpg,/7w06baRS9VPm5RYz8lawTCLiR4j.jpg,592508.json,473,63,False,False
597,Titanic,Titanic,"101-year-old Rose DeWitt Bukater tells the story of her life aboard the Titanic, 84 years later. A young Rose boards the ship with her mother and fiancé. Meanwhile, Jack Dawson and Fabrizio De Rossi win third-class tickets aboard the ship. Rose tells the whole story from Titanic's departure through to its death—on its first and last voyage—on April 15, 1912.",Nothing on earth could come between them.,"Title: Titanic

Tagline: Nothing on earth could come between them.

Overview: 101-year-old Rose DeWitt Bukater tells the story of her life aboard the Titanic, 84 years later. A young Rose boards the ship with her mother and fiancé. Meanwhile, Jack Dawson and Fabrizio De Rossi win third-class tickets aboard the ship. Rose tells the whole story from Titanic's departure through to its death—on its first and last voyage—on April 15, 1912.

Genres: Drama, Romance

Production Companies: Paramount Pictures, 20th Century Fox, Lightstorm Entertainment

Production Countries: United States of America

Spoken Languages: English, French, German, Swedish, Italian, Russian",tt0120338,1997-12-18,1997.0,en,['US'],194.0,Released,"['Drama', 'Romance']","['English', 'French', 'German', 'Swedish', 'Italian', 'Russian']",['United States of America'],200000000.0,2264162353.0,40.4862,7.9,27800,,,"[{'id': 4, 'name': 'Paramount Pictures', 'origin_country': 'US'}, {'id': 25, 'name': '20th Century Fox', 'origin_country': 'US'}, {'id': 574, 'name': 'Lightstorm Entertainment', 'origin_country': 'US'}]",https://www.paramountmovies.com/movies/titanic,/9xjZS2rlVxm8SFx8kPC3aIGCOYQ.jpg,/xXCuto8YVp5RFqBJ7yKmVmLOWpF.jpg,597.json,666,97,False,True
603,The Matrix,The Matrix,"Set in the 22nd century, The Matrix tells the story of a computer hacker who joins a group of underground insurgents fighting the vast and powerful computers who now rule the earth.",Believe the unbelievable.,"Title: The Matrix

Tagline: Believe the unbelievable.

Overview: Set in the 22nd century, The Matrix tells the story of a computer hacker who joins a group of underground insurgents fighting the vast and powerful computers who now rule the earth.

Genres: Action, Science Fiction

Collection: The Matrix Collection

Production Companies: Village Roadshow Pictures, Groucho II Film Partnership, Silver Pictures, Warner Bros. Pictures

Production Countries: United States of America

Spoken Languages: English",tt0133093,1999-03-31,1999.0,en,['US'],136.0,Released,"['Action', 'Science Fiction']",['English'],['United States of America'],63000000.0,463517383.0,51.2418,8.259,28824,2344.0,The Matrix Collection,"[{'id': 79, 'name': 'Village Roadshow Pictures', 'origin_country': 'US'}, {'id': 372, 'name': 'Groucho II Film Partnership', 'origin_country': ''}, {'id': 1885, 'name': 'Silver Pictures', 'origin_country': 'US'}, {'id': 174, 'name': 'Warner Bros. Pictures', 'origin_country': 'US'}]",http://www.warnerbros.com/matrix,/dXNAPwY7VrqMAo51EKhhCJfaGb5.jpg,/tlm8UkiQsitc8rSuIAscQDCnP8d.jpg,603.json,507,71,False,False
61202,Zindagi Na Milegi Dobara,ज़िन्दगी ना मिलेगी दोबारा,"Three friends who were inseparable in childhood decide to go on a three-week-long bachelor road trip to Spain, in order to re-establish their bond and explore thrilling adventures, before one of them gets married. What will they learn of themselves and each other during the adventure?",Lets Make This The Most Memorable Road Trip Ever,"Title: Zindagi Na Milegi Dobara

Original Title: ज़िन्दगी ना मिलेगी दोबारा

Tagline: Lets Make This The Most Memorable Road Trip Ever

Overview: Three friends who were inseparable in childhood decide to go on a three-week-long bachelor road trip to Spain, in order to re-establish their bond and explore thrilling adventures, before one of them gets married. What will they learn of themselves and each other during the adventure?

Genres: Drama, Comedy, Romance

Production Companies: Excel Entertainment, Eros International, KanZaman Productions

Production Countries: India, Spain

Spoken Languages: Hindi",tt1562872,2011-07-15,2011.0,hi,['IN'],154.0,Released,"['Drama', 'Comedy', 'Romance']",['Hindi'],"['India', 'Spain']",7700000.0,160000000.0,5.1443,7.6,439,,,"[{'id': 2934, 'name': 'Excel Entertainment', 'origin_country': 'IN'}, {'id': 3653, 'name': 'Eros International', 'origin_country': 'IN'}, {'id': 4169, 'name': 'KanZaman Productions', 'origin_country': 'ES'}]",,/hKO9O715wYxjkQSEv47giCYcyO8.jpg,/z4k7b66jAHP8sQbEahxss6Ct8BW.jpg,61202.json,608,87,False,False
615173,The Witch: Part 2. The Other One,마녀 2,"A girl wakes up in a huge secret laboratory, then accidentally meets another girl who is trying to protect her house from a gang. The mystery girl overthrows the gang with her unexpected powers, and laboratory staff set out to find her.",The beginning of everything.,"Title: The Witch: Part 2. The Other One

Original Title: 마녀 2

Tagline: The beginning of everything.

Overview: A girl wakes up in a huge secret laboratory, then accidentally meets another girl who is trying to protect her house from a gang. The mystery girl overthrows the gang with her unexpected powers, and laboratory staff set out to find her.

Genres: Action, Mystery, Thriller, Science Fiction

Collection: The Witch Collection

Production Companies: Peppermint & Company, Next Entertainment World, Studio & New, Goldmoon Film, Contents Panda, Warner Bros. Korea

Production Countries: South Korea

Spoken Languages: Mandarin, English, Hindi, Japanese, Korean",tt13721828,2022-06-15,2022.0,ko,['KR'],137.0,Released,"['Action', 'Mystery', 'Thriller', 'Science Fiction']","['Mandarin', 'English', 'Hindi', 'Japanese', 'Korean']",['South Korea'],,23068596.0,11.8697,7.434,486,619533.0,The Witch Collection,"[{'id': 10924, 'name': 'Peppermint & Company', 'origin_country': 'KR'}, {'id': 20064, 'name': 'Next Entertainment World', 'origin_country': 'KR'}, {'id': 106996, 'name': 'Studio & New', 'origin_country': 'KR'}, {'id': 128397, 'name': 'Goldmoon Film', 'origin_country': 'KR'}, {'id': 73918, 'name': 'Contents Panda', 'origin_country': 'KR'}, {'id': 103747, 'name': 'Warner Bros. Korea', 'origin_country': 'KR'}]",https://www.wellgousa.com/films/the-witch-2-the-other-one,/9YTuscJXmr9Iua62amCgGSU8PDW.jpg,/iryef4LKiPQkvhNJS1EtLlay3br.jpg,615173.json,666,99,False,False
615656,Meg 2: The Trench,Meg 2: The Trench,An exploratory dive into the deepest depths of the ocean of a daring research team spirals into chaos when a malevolent mining operation threatens their mission and forces them into a high-stakes battle for survival.,Back for seconds.,"Title: Meg 2: The Trench

Tagline: Back for seconds.

Overview: An exploratory dive into the deepest depths of the ocean of a daring research team spirals into chaos when a malevolent mining operation threatens their mission and forces them into a high-stakes battle for survival.

Genres: Action, Science Fiction, Horror

Collection: The Meg Collection

Production Companies: Apelles Entertainment, Warner Bros. Pictures, di Bonaventura Pictures, CMC Pictures, Onaroll Productions, DF Pictures

Production Countries: China, United States of America

Spoken Languages: English",tt9224104,2023-08-02,2023.0,en,['US'],116.0,Released,"['Action', 'Science Fiction', 'Horror']",['English'],"['China', 'United States of America']",129000000.0,398500317.0,26.5833,6.4,4124,742536.0,The Meg Collection,"[{'id': 56242, 'name': 'Apelles Entertainment', 'origin_country': 'US'}, {'id': 174, 'name': 'Warner Bros. Pictures', 'origin_country': 'US'}, {'id': 435, 'name': 'di Bonaventura Pictures', 'origin_country': 'US'}, {'id': 92484, 'name': 'CMC Pictures', 'origin_country': 'CN'}, {'id': 208094, 'name': 'Onaroll Productions', 'origin_country': ''}, {'id': 65442, 'name': 'DF Pictures', 'origin_country': 'CN'}]",https://www.themeg.movie,/4m1Au3YkjqsxF8iwQy0fPYSxE0h.jpg,/5mzr6JZbrqnqD8rCEvPhuCE5Fw2.jpg,615656.json,576,80,False,False
617126,The Fantastic 4: First Steps,The Fantastic 4: First Steps,"Against the vibrant backdrop of a 1960s-inspired, retro-futuristic world, Marvel's First Family is forced to balance their roles as heroes with the strength of their family bond, while defending Earth from a ravenous space god called Galactus and his enigmatic Herald, Silver Surfer.",Welcome to the family.,"Title: The Fantastic 4: First Steps

Tagline: Welcome to the family.

Overview: Against the vibrant backdrop of a 1960s-inspired, retro-futuristic world, Marvel's First Family is forced to balance their roles as heroes with the strength of their family bond, while defending Earth from a ravenous space god called Galactus and his enigmatic Herald, Silver Surfer.

Genres: Science Fiction, Adventure, Action

Production Companies: Marvel Studios, Kevin Feige Productions

Production Countries: United States of America

Spoken Languages: French, Uzbek, English",tt10676052,2025-07-23,2025.0,en,['US'],115.0,Released,"['Science Fiction', 'Adventure', 'Action']","['French', 'Uzbek', 'English']",['United States of America'],200000000.0,521858728.0,38.1131,6.943,3918,,,"[{'id': 420, 'name': 'Marvel Studios', 'origin_country': 'US'}, {'id': 176762, 'name': 'Kevin Feige Productions', 'origin_country': 'US'}]",https://www.marvel.com/movies/the-fantastic-four-first-steps,/nf5qaSEvyYSNeFH0YhSs5EsBLX9.jpg,/s94NjfKkcSczZ1FembwmQZwsuwY.jpg,617126.json,560,78,False,False
61823,The Ape Woman,La donna scimmia,A modest Neapolitan man meets a young woman with excessive hairiness. He exhibits her at fairs and marries her. It is after marriage that he receives a tempting offer from a French manager.,,"Title: The Ape Woman

Original Title: La donna scimmia

Overview: A modest Neapolitan man meets a young woman with excessive hairiness. He exhibits her at fairs and marries her. It is after marriage that he receives a tempting offer from a French manager.

Genres: Drama, Comedy

Production Companies: Les Films Concordia, C. C. Champion, Cocinor, Les Films Marceau

Production Countries: France, Italy

Spoken Languages: Italian, French",tt0057006,1964-01-31,1964.0,it,['IT'],92.0,Released,"['Drama', 'Comedy']","['Italian', 'French']","['France', 'Italy']",,,28.7809,7.3,64,,,"[{'id': 1714, 'name': 'Les Films Concordia', 'origin_country': 'FR'}, {'id': 10000, 'name': 'C. C. Champion', 'origin_country': 'IT'}, {'id': 512, 'name': 'Cocinor', 'origin_country': 'FR'}, {'id': 2260, 'name': 'Les Films Marceau', 'origin_country': 'FR'}]",,/38avfcyrLqAzWE19jIpTnoQATZD.jpg,/guDyp7hs2Klr31E6A4agyvThAOy.jpg,61823.json,437,66,False,False
619803,The Roundup,범죄도시 2,"The 'Beast Cop' Ma Seok-do heads to a foreign country to extradite a suspect, but soon after his arrival, he discovers additional murder cases and hears about a vicious killer who has been committing crimes against tourists for several years.",The Beast Cop Is Back!,"Title: The Roundup

Original Title: 범죄도시 2

Tagline: The Beast Cop Is Back!

Overview: The 'Beast Cop' Ma Seok-do heads to a foreign country to extradite a suspect, but soon after his arrival, he discovers additional murder cases and hears about a vicious killer who has been committing crimes against tourists for several years.

Genres: Action, Crime, Thriller

Collection: The Roundup Collection

Production Companies: BA Entertainment, Hong Film, Big Punch Pictures

Production Countries: South Korea

Spoken Languages: English, Korean",tt15838850,2022-05-18,2022.0,ko,['KR'],106.0,Released,"['Action', 'Crime', 'Thriller']","['English', 'Korean']",['South Korea'],7600000.0,101166707.0,8.8942,7.333,467,619802.0,The Roundup Collection,"[{'id': 84678, 'name': 'BA Entertainment', 'origin_country': 'KR'}, {'id': 96989, 'name': 'Hong Film', 'origin_country': 'KR'}, {'id': 129217, 'name': 'Big Punch Pictures', 'origin_country': 'KR'}]",https://theroundup.capelight.de/,/wg9oh3IRDOkdDRRygBNO1ylXskQ.jpg,/p5L7UYtRtL6tMltPzb8DX0rynNv.jpg,619803.json,539,79,False,False
625064,Erotic Sex Games,Le cri du désir,"A nurse who married a wealthy industrialist, feels very attracted to the son of her husband with whom she will maintain a love relationship.",,"Title: Erotic Sex Games

Original Title: Le cri du désir

Overview: A nurse who married a wealthy industrialist, feels very attracted to the son of her husband with whom she will maintain a love relationship.

Genres: Drama, Romance

Production Companies: Sam Films

Production Countries: France

Spoken Languages: French",tt0193074,1977-01-12,1977.0,fr,['FR'],85.0,Released,"['Drama', 'Romance']",['French'],['France'],,,17.3073,5.1,15,,,"[{'id': 196667, 'name': 'Sam Films', 'origin_country': 'FR'}]",,/6Y5l4gHjxB5BODmkwIbr5GFhmZO.jpg,/ccVc5ucO3YPiIunKenwU9WJZQTF.jpg,625064.json,321,48,False,False
6312,Brotherhood of the Wolf,Le Pacte des loups,"In 18th century France, the Chevalier de Fronsac and his Native American friend Mani are sent by the King to the Gevaudan province to investigate the killings of hundreds by a mysterious beast.",The year is 1766... The hunt for a killer has begun.,"Title: Brotherhood of the Wolf

Original Title: Le Pacte des loups

Tagline: The year is 1766... The hunt for a killer has begun.

Overview: In 18th century France, the Chevalier de Fronsac and his Native American friend Mani are sent by the King to the Gevaudan province to investigate the killings of hundreds by a mysterious beast.

Genres: Adventure, Horror, Action, History

Production Companies: Davis Films, Eskwad, StudioCanal, TF1 Films Production

Production Countries: France

Spoken Languages: Italian, German, French",tt0237534,2001-01-31,2001.0,fr,['FR'],151.0,Released,"['Adventure', 'Horror', 'Action', 'History']","['Italian', 'German', 'French']",['France'],29000000.0,70800000.0,8.7117,6.7,1801,,,"[{'id': 342, 'name': 'Davis Films', 'origin_country': 'FR'}, {'id': 616, 'name': 'Eskwad', 'origin_country': 'FR'}, {'id': 694, 'name': 'StudioCanal', 'origin_country': 'FR'}, {'id': 356, 'name': 'TF1 Films Production', 'origin_country': 'FR'}]",http://www.brotherhoodofthewolf.com/,/w8CUoGAnP95txmIK2fl7leVmrmN.jpg,/wxijmbo9Oy5L9M9e4K1QhXVBRgm.jpg,6312.json,529,79,False,False
634649,Spider-Man: No Way Home,Spider-Man: No Way Home,"Peter Parker is unmasked and no longer able to separate his normal life from the high-stakes of being a super-hero. When he asks for help from Doctor Strange the stakes become even more dangerous, forcing him to discover what it truly means to be Spider-Man.",Enter the Multiverse.,"Title: Spider-Man: No Way Home

Tagline: Enter the Multiverse.

Overview: Peter Parker is unmasked and no longer able to separate his normal life from the high-stakes of being a super-hero. When he asks for help from Doctor Strange the stakes become even more dangerous, forcing him to discover what it truly means to be Spider-Man.

Genres: Action, Adventure, Science Fiction

Collection: Spider-Man (MCU) Collection

Production Companies: Marvel Studios, Pascal Pictures, Columbia Pictures

Production Countries: United States of America

Spoken Languages: English, Tagalog",tt10872600,2021-12-15,2021.0,en,['US'],148.0,Released,"['Action', 'Adventure', 'Science Fiction']","['English', 'Tagalog']",['United States of America'],200000000.0,1921426073.0,60.0303,7.947,23205,531241.0,Spider-Man (MCU) Collection,"[{'id': 420, 'name': 'Marvel Studios', 'origin_country': 'US'}, {'id': 84041, 'name': 'Pascal Pictures', 'origin_country': 'US'}, {'id': 5, 'name': 'Columbia Pictures', 'origin_country': 'US'}]",https://www.sonypictures.com/movies/spidermannowayhome,/1g0dhYtq4irTY1GPXvft6k4YLjm.jpg,/iQFcwSGbZXMkeyKrxbPnwnRo5fl.jpg,634649.json,575,82,False,False
635302,Demon Slayer -Kimetsu no Yaiba- The Movie: Mugen Train,劇場版「鬼滅の刃」無限列車編,"Tanjiro Kamado, joined with Inosuke Hashibira, a boy raised by boars who wears a boar's head, and Zenitsu Agatsuma, a scared boy who reveals his true power when he sleeps, boards the Infinity Train on a new mission with the Fire Hashira, Kyojuro Rengoku, to defeat a demon who has been tormenting the people and killing the demon slayers who oppose it!","With your blade, bring an end to the nightmare.","Title: Demon Slayer -Kimetsu no Yaiba- The Movie: Mugen Train

Original Title: 劇場版「鬼滅の刃」無限列車編

Tagline: With your blade, bring an end to the nightmare.

Overview: Tanjiro Kamado, joined with Inosuke Hashibira, a boy raised by boars who wears a boar's head, and Zenitsu Agatsuma, a scared boy who reveals his true power when he sleeps, boards the Infinity Train on a new mission with the Fire Hashira, Kyojuro Rengoku, to defeat a demon who has been tormenting the people and killing the demon slayers who oppose it!

Genres: Animation, Action, Fantasy

Collection: Demon Slayer: Kimetsu no Yaiba Collection

Production Companies: ufotable, Aniplex, Shueisha, TOHO

Production Countries: Japan

Spoken Languages: Japanese",tt11032374,2020-10-16,2020.0,ja,['JP'],117.0,Released,"['Animation', 'Action', 'Fantasy']",['Japanese'],['Japan'],15700000.0,523542183.0,16.1217,8.229,4695,925155.0,Demon Slayer: Kimetsu no Yaiba Collection,"[{'id': 5887, 'name': 'ufotable', 'origin_country': 'JP'}, {'id': 2883, 'name': 'Aniplex', 'origin_country': 'JP'}, {'id': 2918, 'name': 'Shueisha', 'origin_country': 'JP'}, {'id': 882, 'name': 'TOHO', 'origin_country': 'JP'}]",https://demonslayer-anime.com,/h8Rb9gBr48ODIwYUttZNYeMWeUU.jpg,/qjGrUmKW78MCFG8PTLDBp67S27p.jpg,635302.json,720,109,False,False
639988,No Other Choice,어쩔수가없다,"After being laid off and humiliated by a ruthless job market, a veteran paper mill manager descends into violence in a desperate bid to reclaim his dignity.",Would you kill for a job?,"Title: No Other Choice

Original Title: 어쩔수가없다

Tagline: Would you kill for a job?

Overview: After being laid off and humiliated by a ruthless job market, a veteran paper mill manager descends into violence in a desperate bid to reclaim his dignity.

Genres: Comedy, Crime, Thriller

Production Companies: CJ ENM Studios, Moho Film, KG Productions

Production Countries: South Korea, France

Spoken Languages: English, Korean",tt1527793,2025-09-24,2025.0,ko,['KR'],139.0,Released,"['Comedy', 'Crime', 'Thriller']","['English', 'Korean']","['South Korea', 'France']",12200000.0,40223568.0,13.043,7.5,1304,,,"[{'id': 199265, 'name': 'CJ ENM Studios', 'origin_country': 'KR'}, {'id': 34725, 'name': 'Moho Film', 'origin_country': 'KR'}, {'id': 123220, 'name': 'KG Productions', 'origin_country': 'FR'}]",https://www.neonrated.com/film/no-other-choice,/vc2S0dvgpsM0XfSiXZDMVkRCSSU.jpg,/1eM6Ey1FzpgJigrxRiSYtntSWq7.jpg,639988.json,426,64,False,False
643215,Asterix & Obelix: The Middle Kingdom,Astérix & Obélix : L'Empire du Milieu,Gallic heroes and forever friends Asterix and Obelix journey to China to help Princess Sa See save the Empress and her land from a nefarious prince.,,"Title: Asterix & Obelix: The Middle Kingdom

Original Title: Astérix & Obélix : L'Empire du Milieu

Overview: Gallic heroes and forever friends Asterix and Obelix journey to China to help Princess Sa See save the Empress and her land from a nefarious prince.

Genres: Family, Comedy, Adventure, Fantasy

Collection: Asterix & Obelix (Live Action) Collection

Production Companies: Les Éditions Albert René, Les Enfants Terribles, Pathé, Trésor Films, Artémis Productions, White and Yellow Films, TF1 Films Production

Production Countries: France, Belgium

Spoken Languages: French",tt11210390,2023-02-01,2023.0,fr,['FR'],111.0,Released,"['Family', 'Comedy', 'Adventure', 'Fantasy']",['French'],"['France', 'Belgium']",72000000.0,46497678.0,8.78,4.8,1208,2396.0,Asterix & Obelix (Live Action) Collection,"[{'id': 20409, 'name': 'Les Éditions Albert René', 'origin_country': 'FR'}, {'id': 83068, 'name': 'Les Enfants Terribles', 'origin_country': 'FR'}, {'id': 7981, 'name': 'Pathé', 'origin_country': 'FR'}, {'id': 120768, 'name': 'Trésor Films', 'origin_country': 'FR'}, {'id': 11773, 'name': 'Artémis Productions', 'origin_country': 'BE'}, {'id': 175064, 'name': 'White and Yellow Films', 'origin_country': 'FR'}, {'id': 356, 'name': 'TF1 Films Production', 'origin_country': 'FR'}]",https://www.netflix.com/title/81389022,/ifOqT5SmA4ANjmyEacLw3KAFKUd.jpg,/k2pIYrDQPxAuErkyXrGOOruf8Uv.jpg,643215.json,581,83,False,False
6435,Practical Magic,Practical Magic,"Sally and Gillian Owens, born into a magical family, have mostly avoided witchcraft themselves. But when Gillian's vicious boyfriend, Jimmy Angelov, dies unexpectedly, the Owens sisters give themselves a crash course in hard magic. With policeman Gary Hallet growing suspicious, the girls struggle to resurrect Angelov -- and unwittingly inject his corpse with an evil spirit that threatens to end their family line.","For two sisters from a family of witches, falling in love is the trickiest spell of all.","Title: Practical Magic

Tagline: For two sisters from a family of witches, falling in love is the trickiest spell of all.

Overview: Sally and Gillian Owens, born into a magical family, have mostly avoided witchcraft themselves. But when Gillian's vicious boyfriend, Jimmy Angelov, dies unexpectedly, the Owens sisters give themselves a crash course in hard magic. With policeman Gary Hallet growing suspicious, the girls struggle to resurrect Angelov -- and unwittingly inject his corpse with an evil spirit that threatens to end their family line.

Genres: Romance, Fantasy, Comedy

Collection: Practical Magic Collection

Production Companies: Di Novi Pictures, Fortis Films, Village Roadshow Pictures, Warner Bros. Pictures

Production Countries: United States of America

Spoken Languages: English",tt0120791,1998-10-16,1998.0,en,['US'],104.0,Released,"['Romance', 'Fantasy', 'Comedy']",['English'],['United States of America'],75000000.0,94400000.0,40.3769,6.815,1984,1354706.0,Practical Magic Collection,"[{'id': 813, 'name': 'Di Novi Pictures', 'origin_country': 'US'}, {'id': 4258, 'name': 'Fortis Films', 'origin_country': 'US'}, {'id': 79, 'name': 'Village Roadshow Pictures', 'origin_country': 'US'}, {'id': 174, 'name': 'Warner Bros. Pictures', 'origin_country': 'US'}]",https://www.warnerbros.com/movies/practical-magic,/AwmToSgf2IL3aHv0QRVsR5KvChv.jpg,/4kbkq887XNT85d6nJonCnmXDWor.jpg,6435.json,802,115,False,False
64437,L'été en pente douce,L'été en pente douce,"When he inherits the family house and property after his mother's death, aspiring novelist Fane returns home with his bimbo girlfriend Lilas. He must care for his idiot brother Mo and contend with a greedy garage owner who covets Fane's property to expand his business. When efforts to buy the property are fruitless, the mechanic incites the townsfolk against the strange trio.",,"Title: L'été en pente douce

Overview: When he inherits the family house and property after his mother's death, aspiring novelist Fane returns home with his bimbo girlfriend Lilas. He must care for his idiot brother Mo and contend with a greedy garage owner who covets Fane's property to expand his business. When efforts to buy the property are fruitless, the mechanic incites the townsfolk against the strange trio.

Genres: Drama, Romance

Production Companies: Films A2, Flach Film, Solus Productions, Séléna Audiovisuel

Production Countries: France

Spoken Languages: French",tt0094405,1987-04-29,1987.0,fr,['FR'],102.0,Released,"['Drama', 'Romance']",['French'],['France'],,,43.2329,6.5,69,,,"[{'id': 875, 'name': 'Films A2', 'origin_country': 'FR'}, {'id': 324, 'name': 'Flach Film', 'origin_country': 'FR'}, {'id': 13533, 'name': 'Solus Productions', 'origin_country': 'GB'}, {'id': 51304, 'name': 'Séléna Audiovisuel', 'origin_country': 'FR'}]",,/5E8BS1fzHh0kfQshWL8cMBDjP0U.jpg,/66ABLwZtKJEXoDgoAqEilLRaLCb.jpg,64437.json,580,87,True,False
646315,The Legendary Lighter,전설의 라이타,A man who used to be called Lighter cleans up his act from his days as a gangster and struggles to start over.,,"Title: The Legendary Lighter

Original Title: 전설의 라이타

Overview: A man who used to be called Lighter cleans up his act from his days as a gangster and struggles to start over.

Genres: Action

Production Companies: Fiveday, Gnos, Kkuljam Company

Production Countries: South Korea

Spoken Languages: Korean",tt34510565,2019-10-29,2019.0,ko,['KR'],109.0,Released,['Action'],['Korean'],['South Korea'],,,10.7269,6.5,6,,,"[{'id': 144669, 'name': 'Fiveday', 'origin_country': 'KR'}, {'id': 144667, 'name': 'Gnos', 'origin_country': 'KR'}, {'id': 144668, 'name': 'Kkuljam Company', 'origin_country': 'KR'}]",,/h5fCwKCnKAKxdX6onTnrU6MeYe8.jpg,/pe3cTrUeAHHLycZVEmFjT9kEV7a.jpg,646315.json,306,47,False,False
65182,Ninja Vixens: Demonic Sacrifices,くノ一忍法伝 奇說 魔界轉生,"Exiled Lord Yukinaga is betrayed by a ninja clan he and his family mercilessly killed in cold blood. But when the Lord’s subordinate, a beautiful ninja Firefly, discovers the slain bodies, she uses the Sword of Deus to review Yukinaga – only to find the former Lord has become a demonic emissary of evil to avenge his death and betrayal! his evil minions pillage Firefly’s gorgeous ninja friends and kill her allies. Can Firefly’s sensual power and stunning body stop the madness?",Can the Love of the Flesh Overcome the Lust of Revenge?,"Title: Ninja Vixens: Demonic Sacrifices

Original Title: くノ一忍法伝 奇說 魔界轉生

Tagline: Can the Love of the Flesh Overcome the Lust of Revenge?

Overview: Exiled Lord Yukinaga is betrayed by a ninja clan he and his family mercilessly killed in cold blood. But when the Lord’s subordinate, a beautiful ninja Firefly, discovers the slain bodies, she uses the Sword of Deus to review Yukinaga – only to find the former Lord has become a demonic emissary of evil to avenge his death and betrayal! his evil minions pillage Firefly’s gorgeous ninja friends and kill her allies. Can Firefly’s sensual power and stunning body stop the madness?

Genres: Action

Collection: Ninja Vixens Series

Production Countries: Japan

Spoken Languages: Japanese",tt3981824,2003-01-01,2003.0,ja,['JP'],89.0,Released,['Action'],['Japanese'],['Japan'],,,16.4471,4.0,2,138475.0,Ninja Vixens Series,[],,/wPrWo9CbLdBYTN1do74NbtMejfA.jpg,/zgPEd1Es0AH3IaiBgDTHvCIVxx7.jpg,65182.json,735,117,False,True
656908,Ramayana,रामायण,"An ancient epic follows a young prince and princess whose marriage and subsequent exile mark the beginning of a legendary journey. Their story of love, duty and destiny sets the stage for greater challenges ahead.",Our truth. Our history.,"Title: Ramayana

Original Title: रामायण

Tagline: Our truth. Our history.

Overview: An ancient epic follows a young prince and princess whose marriage and subsequent exile mark the beginning of a legendary journey. Their story of love, duty and destiny sets the stage for greater challenges ahead.

Genres: Drama, Fantasy, Action

Collection: Ramayana Collection

Production Companies: Monster Mind Creations, Prime Focus Studios, DNEG

Production Countries: India, United Kingdom

Spoken Languages: Hindi",tt27988879,2026-11-05,2026.0,hi,['IN'],,Post Production,"['Drama', 'Fantasy', 'Action']",['Hindi'],"['India', 'United Kingdom']",230000000.0,,8.9017,0.0,0,1389156.0,Ramayana Collection,"[{'id': 215476, 'name': 'Monster Mind Creations', 'origin_country': 'IN'}, {'id': 264230, 'name': 'Prime Focus Studios', 'origin_country': 'IN'}, {'id': 31922, 'name': 'DNEG', 'origin_country': 'GB'}]",,/lS17squIY8OpyFJz3cOCFzYxNUA.jpg,/svGHaToRKhlxwTBslsOxuntz0D7.jpg,656908.json,506,70,False,False
670,Oldboy,올드보이,"With no clue how he came to be imprisoned, drugged and tortured for 15 years, a desperate man seeks revenge on his captors.","15 years of imprisonment, five days of vengeance.","Title: Oldboy

Original Title: 올드보이

Tagline: 15 years of imprisonment, five days of vengeance.

Overview: With no clue how he came to be imprisoned, drugged and tortured for 15 years, a desperate man seeks revenge on his captors.

Genres: Thriller, Mystery

Production Companies: Show East, Egg Film, Cineclick Asia

Production Countries: South Korea

Spoken Languages: Korean",tt0364569,2003-11-21,2003.0,ko,['KR'],120.0,Released,"['Thriller', 'Mystery']",['Korean'],['South Korea'],3000000.0,17500000.0,19.1926,8.234,10248,,,"[{'id': 399, 'name': 'Show East', 'origin_country': 'KR'}, {'id': 118802, 'name': 'Egg Film', 'origin_country': 'KR'}, {'id': 685, 'name': 'Cineclick Asia', 'origin_country': 'KR'}]",,/pWDtjs568ZfOTMbURQBYuT4Qxka.jpg,/rwf5SUTiEsmfkXAgy15R0UtJUtv.jpg,670.json,377,56,False,False
671,Harry Potter and the Philosopher's Stone,Harry Potter and the Philosopher's Stone,"Harry Potter has lived under the stairs at his aunt and uncle's house his whole life. But on his 11th birthday, he learns he's a powerful wizard—with a place waiting for him at the Hogwarts School of Witchcraft and Wizardry. As he learns to harness his newfound powers with the help of the school's kindly headmaster, Harry uncovers the truth about his parents' deaths—and about the villain who's to blame.",Let the magic begin.,"Title: Harry Potter and the Philosopher's Stone

Tagline: Let the magic begin.

Overview: Harry Potter has lived under the stairs at his aunt and uncle's house his whole life. But on his 11th birthday, he learns he's a powerful wizard—with a place waiting for him at the Hogwarts School of Witchcraft and Wizardry. As he learns to harness his newfound powers with the help of the school's kindly headmaster, Harry uncovers the truth about his parents' deaths—and about the villain who's to blame.

Genres: Adventure, Fantasy

Collection: Harry Potter Collection

Production Companies: Warner Bros. Pictures, Heyday Films, 1492 Pictures

Production Countries: United Kingdom, United States of America

Spoken Languages: English",tt0241527,2001-11-16,2001.0,en,['GB'],152.0,Released,"['Adventure', 'Fantasy']",['English'],"['United Kingdom', 'United States of America']",125000000.0,1029374615.0,53.3995,7.903,30277,1241.0,Harry Potter Collection,"[{'id': 174, 'name': 'Warner Bros. Pictures', 'origin_country': 'US'}, {'id': 437, 'name': 'Heyday Films', 'origin_country': 'GB'}, {'id': 436, 'name': '1492 Pictures', 'origin_country': 'US'}]",https://www.warnerbros.com/movies/harry-potter-and-sorcerers-stone,/wuMc08IPKEatf9rnMNXvIDxqP4W.jpg,/lvOLivVeX3DVVcwfVkxKf0R22D8.jpg,671.json,726,110,False,True
675871,Super Troopers 3,Super Troopers 3,"When Farva’s wildly over-the-top Indian engagement to Thorny’s sister spirals into chaos, the Super Troopers must navigate Thorny’s schemes to break up the relationship, while trying to crack a pernicious new drug ring  — all to save the day and maybe the wedding itself.","The mustache rides, again. Again.","Title: Super Troopers 3

Tagline: The mustache rides, again. Again.

Overview: When Farva’s wildly over-the-top Indian engagement to Thorny’s sister spirals into chaos, the Super Troopers must navigate Thorny’s schemes to break up the relationship, while trying to crack a pernicious new drug ring  — all to save the day and maybe the wedding itself.

Genres: Comedy, Crime, Mystery

Collection: Super Troopers Collection

Production Companies: Broken Lizard Industries, Searchlight Pictures, Cataland Films, TSG Entertainment

Production Countries: United States of America

Spoken Languages: English",tt8820258,2026-08-06,2026.0,en,['US'],104.0,Released,"['Comedy', 'Crime', 'Mystery']",['English'],['United States of America'],20000000.0,6858200.0,54.2846,6.71,31,449462.0,Super Troopers Collection,"[{'id': 2773, 'name': 'Broken Lizard Industries', 'origin_country': 'US'}, {'id': 127929, 'name': 'Searchlight Pictures', 'origin_country': 'US'}, {'id': 52948, 'name': 'Cataland Films', 'origin_country': 'US'}, {'id': 22213, 'name': 'TSG Entertainment', 'origin_country': 'US'}]",https://www.searchlightpictures.com/super-troopers-3,/ecTxAyfx4fdTMy2N288oZMMn3Ey.jpg,/mqO2Q8BeCuESJUVZgwyWRDa9Ux9.jpg,675871.json,601,83,False,True
680,Pulp Fiction,Pulp Fiction,"A burger-loving hit man, his philosophical partner, a drug-addled gangster's moll and a washed-up boxer converge in this sprawling, comedic crime caper. Their adventures unfurl in three stories that ingeniously trip back and forth in time.",You won’t know the facts until you’ve seen the fiction.,"Title: Pulp Fiction

Tagline: You won’t know the facts until you’ve seen the fiction.

Overview: A burger-loving hit man, his philosophical partner, a drug-addled gangster's moll and a washed-up boxer converge in this sprawling, comedic crime caper. Their adventures unfurl in three stories that ingeniously trip back and forth in time.

Genres: Thriller, Crime, Comedy

Production Companies: Miramax, A Band Apart, Jersey Films

Production Countries: United States of America

Spoken Languages: English, Spanish, French",tt0110912,1994-09-10,1994.0,en,['US'],154.0,Released,"['Thriller', 'Crime', 'Comedy']","['English', 'Spanish', 'French']",['United States of America'],8000000.0,213928762.0,46.3346,8.48,30958,,,"[{'id': 14, 'name': 'Miramax', 'origin_country': 'US'}, {'id': 59, 'name': 'A Band Apart', 'origin_country': 'US'}, {'id': 216, 'name': 'Jersey Films', 'origin_country': 'US'}]",https://www.miramax.com/movie/pulp-fiction/,/vQWk5YBFWF4bZaofAbv0tShwBvQ.jpg,/suaEOtk1N1sgg2MTM7oZd2cfVp3.jpg,680.json,520,74,False,False
687163,Project Hail Mary,Project Hail Mary,"Science teacher Ryland Grace wakes up on a spaceship light years from home with no recollection of who he is or how he got there. As his memory returns, he begins to uncover his mission: solve the riddle of the mysterious substance causing the sun to die out. He must call on his scientific knowledge and unorthodox ideas to save everything on Earth from extinction.",Believe in the Hail Mary.,"Title: Project Hail Mary

Tagline: Believe in the Hail Mary.

Overview: Science teacher Ryland Grace wakes up on a spaceship light years from home with no recollection of who he is or how he got there. As his memory returns, he begins to uncover his mission: solve the riddle of the mysterious substance causing the sun to die out. He must call on his scientific knowledge and unorthodox ideas to save everything on Earth from extinction.

Genres: Science Fiction, Adventure

Production Companies: Lord Miller, Amazon MGM Studios, Pascal Pictures, Open Invite Entertainment, Waypoint Entertainment

Production Countries: United States of America

Spoken Languages: Mandarin, English, Japanese, Russian, Spanish",tt12042730,2026-03-15,2026.0,en,['US'],157.0,Released,"['Science Fiction', 'Adventure']","['Mandarin', 'English', 'Japanese', 'Russian', 'Spanish']",['United States of America'],200000000.0,684234722.0,107.1102,8.643,8017,,,"[{'id': 77973, 'name': 'Lord Miller', 'origin_country': 'US'}, {'id': 210099, 'name': 'Amazon MGM Studios', 'origin_country': 'US'}, {'id': 84041, 'name': 'Pascal Pictures', 'origin_country': 'US'}, {'id': 232193, 'name': 'Open Invite Entertainment', 'origin_country': 'US'}, {'id': 22842, 'name': 'Waypoint Entertainment', 'origin_country': 'US'}]",https://www.amazon.com/salp/projecthailmary?hhf,/iOb2fjXLbpJgyQXe46n1WtGCnaa.jpg,/8Tfys3mDZVp4tNoH2ktm06a0Tau.jpg,687163.json,710,107,False,False
68718,Django Unchained,Django Unchained,"With the help of a German bounty hunter, a freed slave sets out to rescue his wife from a brutal Mississippi plantation owner.","Life, liberty, and the pursuit of vengeance.","Title: Django Unchained

Tagline: Life, liberty, and the pursuit of vengeance.

Overview: With the help of a German bounty hunter, a freed slave sets out to rescue his wife from a brutal Mississippi plantation owner.

Genres: Drama, Western

Production Companies: The Weinstein Company, Columbia Pictures

Production Countries: United States of America

Spoken Languages: English, French, German",tt1853728,2012-12-25,2012.0,en,['US'],165.0,Released,"['Drama', 'Western']","['English', 'French', 'German']",['United States of America'],100000000.0,425368238.0,40.954,8.193,28666,,,"[{'id': 308, 'name': 'The Weinstein Company', 'origin_country': 'US'}, {'id': 5, 'name': 'Columbia Pictures', 'origin_country': 'US'}]",http://www.unchainedmovie.com,/7oWY8VDWW7thTzWh3OKYRkWUlD5.jpg,/2oZklIzUbvZXXzIFzv7Hi68d6xf.jpg,68718.json,395,56,False,False
687259,Ghost Stories,镜花风月三之螺女挑情,,,"Title: Ghost Stories

Original Title: 镜花风月三之螺女挑情

Genres: Horror

Collection: Mirror, Flowers and Moonlight

Production Countries: Taiwan

Spoken Languages: Mandarin",,1982-01-01,1982.0,zh,['TW'],80.0,Released,['Horror'],['Mandarin'],['Taiwan'],,,27.0713,6.2,2,1074148.0,"Mirror, Flowers and Moonlight",[],,/m4ALMhsuqOOUkkABvgQWfrgoL8y.jpg,,687259.json,165,19,False,False
693134,Dune: Part Two,Dune: Part Two,"Follow the mythic journey of Paul Atreides as he unites with Chani and the Fremen while on a path of revenge against the conspirators who destroyed his family. Facing a choice between the love of his life and the fate of the known universe, Paul endeavors to prevent a terrible future only he can foresee.",Long live the fighters.,"Title: Dune: Part Two

Tagline: Long live the fighters.

Overview: Follow the mythic journey of Paul Atreides as he unites with Chani and the Fremen while on a path of revenge against the conspirators who destroyed his family. Facing a choice between the love of his life and the fate of the known universe, Paul endeavors to prevent a terrible future only he can foresee.

Genres: Science Fiction, Adventure

Collection: Dune Collection

Production Companies: Legendary Pictures

Production Countries: United States of America

Spoken Languages: English",tt15239678,2024-02-27,2024.0,en,['US'],167.0,Released,"['Science Fiction', 'Adventure']",['English'],['United States of America'],190000000.0,714844358.0,52.6248,8.137,8632,726871.0,Dune Collection,"[{'id': 923, 'name': 'Legendary Pictures', 'origin_country': 'US'}]",https://www.warnerbros.com/movies/dune-part-two,/6izwz7rsy95ARzTR3poZ8H6c5pp.jpg,/eZ239CUp1d6OryZEBPnO2n87gMG.jpg,693134.json,554,85,False,False
694,The Shining,The Shining,"Jack Torrance accepts a caretaker job at the Overlook Hotel, where he, along with his wife Wendy and their son Danny, must live isolated from the rest of the world for the winter. But they aren't prepared for the madness that lurks within.",A masterpiece of modern horror.,"Title: The Shining

Tagline: A masterpiece of modern horror.

Overview: Jack Torrance accepts a caretaker job at the Overlook Hotel, where he, along with his wife Wendy and their son Danny, must live isolated from the rest of the world for the winter. But they aren't prepared for the madness that lurks within.

Genres: Horror, Thriller

Collection: The Shining Collection

Production Companies: Warner Bros. Pictures, Peregrine, Hawk Films, The Producer Circle Co.

Production Countries: United Kingdom, United States of America

Spoken Languages: English",tt0081505,1980-05-23,1980.0,en,['US'],144.0,Released,"['Horror', 'Thriller']",['English'],"['United Kingdom', 'United States of America']",19000000.0,50312025.0,28.2479,8.2,19433,530064.0,The Shining Collection,"[{'id': 174, 'name': 'Warner Bros. Pictures', 'origin_country': 'US'}, {'id': 11272, 'name': 'Peregrine', 'origin_country': 'GB'}, {'id': 88, 'name': 'Hawk Films', 'origin_country': 'GB'}, {'id': 734, 'name': 'The Producer Circle Co.', 'origin_country': 'US'}]",https://www.warnerbros.com/movies/shining,/uAR0AWqhQL1hQa69UDEbb2rE5Wx.jpg,/AdKA2F1SzYPhSZdEbjH1Zh75UVQ.jpg,694.json,557,83,False,False
698343,I Don't Like Younger Men 5,딸의 친구 5,"Ha-neul haven't seen her friend, Ye-sol for a long time, and so they spent a good time together. That time, Ye-sol's father, Min-soo enters the house.  Ha-neul sees the young-looking Min-soo and makes a fuss. Ye-sol who is a little bit tipsy tells Ha-neul that he is her stepfather.  That night, Ha-neul secretly entered sexy Min-soo's room...",,"Title: I Don't Like Younger Men 5

Original Title: 딸의 친구 5

Overview: Ha-neul haven't seen her friend, Ye-sol for a long time, and so they spent a good time together. That time, Ye-sol's father, Min-soo enters the house.  Ha-neul sees the young-looking Min-soo and makes a fuss. Ye-sol who is a little bit tipsy tells Ha-neul that he is her stepfather.  That night, Ha-neul secretly entered sexy Min-soo's room...

Genres: Romance

Collection: I Don't Like Younger Men Collection

Production Countries: South Korea

Spoken Languages: Korean",,2020-04-23,2020.0,ko,['KR'],81.0,Released,['Romance'],['Korean'],['South Korea'],,,12.8699,7.1,9,698342.0,I Don't Like Younger Men Collection,[],,/iyI4yY4bUtWS1demuvjfGj5Jclw.jpg,/xiKwkUUmRTqqZJP4akBHgWnD6Hv.jpg,698343.json,540,86,False,False
705996,Decision to Leave,헤어질 결심,"From a mountain peak in South Korea, a man plummets to his death. Did he jump, or was he pushed? When detective Hae-joon arrives on the scene, he begins to suspect the dead man’s wife Seo-rae. But as he digs deeper into the investigation, he finds himself trapped in a web of deception and desire.","The closer you look, the harder you fall.","Title: Decision to Leave

Original Title: 헤어질 결심

Tagline: The closer you look, the harder you fall.

Overview: From a mountain peak in South Korea, a man plummets to his death. Did he jump, or was he pushed? When detective Hae-joon arrives on the scene, he begins to suspect the dead man’s wife Seo-rae. But as he digs deeper into the investigation, he finds himself trapped in a web of deception and desire.

Genres: Thriller, Mystery, Romance

Production Companies: Moho Film, CJ ENM, CJ Entertainment

Production Countries: South Korea

Spoken Languages: Mandarin, English, Korean",tt12477480,2022-06-29,2022.0,ko,['KR'],139.0,Released,"['Thriller', 'Mystery', 'Romance']","['Mandarin', 'English', 'Korean']",['South Korea'],,16914773.0,10.2466,7.3,1630,,,"[{'id': 34725, 'name': 'Moho Film', 'origin_country': 'KR'}, {'id': 128404, 'name': 'CJ ENM', 'origin_country': 'KR'}, {'id': 7036, 'name': 'CJ Entertainment', 'origin_country': 'KR'}]",,/zI8KZ4EdLUymWKX1YEkpZ0gtPUa.jpg,/uUXgaOxPsr0jsBhGnkyIgw0g2ge.jpg,705996.json,584,94,False,True
713704,Evil Dead Rise,Evil Dead Rise,"A reunion between two estranged sisters gets cut short by the rise of flesh-possessing demons, thrusting them into a primal battle for survival as they face the most nightmarish version of family imaginable.",Mommy loves you to death.,"Title: Evil Dead Rise

Tagline: Mommy loves you to death.

Overview: A reunion between two estranged sisters gets cut short by the rise of flesh-possessing demons, thrusting them into a primal battle for survival as they face the most nightmarish version of family imaginable.

Genres: Horror, Thriller

Production Companies: Pacific Renaissance Pictures, Wild Atlantic Pictures, New Line Cinema, Renaissance Pictures

Production Countries: New Zealand, Ireland, United States of America

Spoken Languages: English",tt13345606,2023-04-12,2023.0,en,['US'],96.0,Released,"['Horror', 'Thriller']",['English'],"['New Zealand', 'Ireland', 'United States of America']",15000000.0,147256372.0,24.1301,6.963,4018,,,"[{'id': 7893, 'name': 'Pacific Renaissance Pictures', 'origin_country': 'NZ'}, {'id': 129815, 'name': 'Wild Atlantic Pictures', 'origin_country': 'IE'}, {'id': 12, 'name': 'New Line Cinema', 'origin_country': 'US'}, {'id': 467, 'name': 'Renaissance Pictures', 'origin_country': 'US'}]",https://www.evildeadrisemovie.com,/5ik4ATKmNtmJU6AYD0bLm56BCVM.jpg,/7bWxAsNPv9CXHOhZbJVlj2KxgfP.jpg,713704.json,514,72,False,False
718833,Bokshi,Bokshi,"Anahita, traumatised by the brutal disappearance of her mother, finds comfort in Shalini, her history teacher. On an unconventional school excursion to a mysterious prehistoric site, she confronts her terrifying destiny.",A witch is born twice.,"Title: Bokshi

Tagline: A witch is born twice.

Overview: Anahita, traumatised by the brutal disappearance of her mother, finds comfort in Shalini, her history teacher. On an unconventional school excursion to a mysterious prehistoric site, she confronts her terrifying destiny.

Genres: Horror, Drama

Production Companies: Lorien Motion Pictures

Production Countries: India

Spoken Languages: English, Hindi, Nepali",tt12574330,2026-10-09,2026.0,hi,['IN'],142.0,Released,"['Horror', 'Drama']","['English', 'Hindi', 'Nepali']",['India'],,,6.2485,0.0,0,,,"[{'id': 87772, 'name': 'Lorien Motion Pictures', 'origin_country': ''}]",,/iHYu4aCDIjnt6aa5WmKZvmDPJvh.jpg,/8XPPKEgO7sJs0rP53h3kUPT1tTW.jpg,718833.json,418,56,False,False
720557,Tiger 3,टाइगर 3,Spy couple Tiger and Zoya face a ruthless enemy with a personal vendetta.,"This time, it's personal.","Title: Tiger 3

Original Title: टाइगर 3

Tagline: This time, it's personal.

Overview: Spy couple Tiger and Zoya face a ruthless enemy with a personal vendetta.

Genres: Action, Adventure, Thriller

Collection: Tiger Collection

Production Companies: Yash Raj Films, First Step Productions, Etalon-Film, FPS Productions, SK-Film

Production Countries: Austria, India, Russia, Turkey

Spoken Languages: Arabic, English, Hindi",tt18411490,2023-11-11,2023.0,hi,['IN'],150.0,Released,"['Action', 'Adventure', 'Thriller']","['Arabic', 'English', 'Hindi']","['Austria', 'India', 'Russia', 'Turkey']",36000000.0,49000000.0,4.4704,5.6,68,485645.0,Tiger Collection,"[{'id': 1569, 'name': 'Yash Raj Films', 'origin_country': 'IN'}, {'id': 215409, 'name': 'First Step Productions', 'origin_country': 'IN'}, {'id': 9341, 'name': 'Etalon-Film', 'origin_country': 'RU'}, {'id': 236036, 'name': 'FPS Productions', 'origin_country': 'TR'}, {'id': 21017, 'name': 'SK-Film', 'origin_country': 'AT'}]",https://www.yashrajfilms.com/movies/tiger-3,/7wgED7Yx9VLcNWSO91VgwicHmMD.jpg,/kqSxCsGIT4rqrZTTMpYP8RIzojv.jpg,720557.json,424,56,False,False
72190,World War Z,World War Z,"Life for former United Nations investigator Gerry Lane and his family seems content. Suddenly, the world is plagued by a mysterious infection turning whole human populations into rampaging mindless zombies. After barely escaping the chaos, Lane is persuaded to go on a mission to investigate this disease. What follows is a perilous trek around the world where Lane must brave horrific dangers and long odds to find answers before human civilization falls.",There will come a day when the world we know will end.,"Title: World War Z

Tagline: There will come a day when the world we know will end.

Overview: Life for former United Nations investigator Gerry Lane and his family seems content. Suddenly, the world is plagued by a mysterious infection turning whole human populations into rampaging mindless zombies. After barely escaping the chaos, Lane is persuaded to go on a mission to investigate this disease. What follows is a perilous trek around the world where Lane must brave horrific dangers and long odds to find answers before human civilization falls.

Genres: Action, Horror, Science Fiction

Collection: World War Z Collection

Production Companies: GK Films, Paramount Pictures, Hemisphere Media Capital, 2DUX², Skydance Media, Plan B Entertainment

Production Countries: United States of America

Spoken Languages: English",tt0816711,2013-06-19,2013.0,en,['US'],116.0,Released,"['Action', 'Horror', 'Science Fiction']",['English'],['United States of America'],200000000.0,531865000.0,29.2665,6.852,17085,1674208.0,World War Z Collection,"[{'id': 3281, 'name': 'GK Films', 'origin_country': 'US'}, {'id': 4, 'name': 'Paramount Pictures', 'origin_country': 'US'}, {'id': 9169, 'name': 'Hemisphere Media Capital', 'origin_country': 'US'}, {'id': 23644, 'name': '2DUX²', 'origin_country': 'US'}, {'id': 82819, 'name': 'Skydance Media', 'origin_country': 'US'}, {'id': 81, 'name': 'Plan B Entertainment', 'origin_country': 'US'}]",http://www.worldwarzmovie.com,/aCnVdvExw6UWSeQfr0tUH3jr4qG.jpg,/kg2FOT2Oe5PSCgs3L4vLel6B7ck.jpg,72190.json,826,124,False,False
726684,Miraculous World: Shanghai - The Legend of Ladydragon,"Miraculous World : Shanghai, la légende de Ladydragon","On school break, Marinette heads to Shanghai to meet Adrien. But after arriving, Marinette loses all her stuff, including the Miraculous that allows her to turn into Ladybug!","New city, new challenges.","Title: Miraculous World: Shanghai - The Legend of Ladydragon

Original Title: Miraculous World : Shanghai, la légende de Ladydragon

Tagline: New city, new challenges.

Overview: On school break, Marinette heads to Shanghai to meet Adrien. But after arriving, Marinette loses all her stuff, including the Miraculous that allows her to turn into Ladybug!

Genres: Animation, Family, Action, Adventure, Fantasy

Collection: Miraculous World

Production Companies: ZAG Entertainment, Method Animation, Gravity Animation

Production Countries: China, France

Spoken Languages: French",tt12816634,2021-05-15,2021.0,fr,['FR'],54.0,Released,"['Animation', 'Family', 'Action', 'Adventure', 'Fantasy']",['French'],"['China', 'France']",,,9.1294,7.9,701,822306.0,Miraculous World,"[{'id': 79650, 'name': 'ZAG Entertainment', 'origin_country': 'FR'}, {'id': 35136, 'name': 'Method Animation', 'origin_country': 'FR'}, {'id': 200506, 'name': 'Gravity Animation', 'origin_country': 'CN'}]",https://www.disneyplus.com/movies/miraculous-world-shanghai-the-legend-of-ladydragon/5gWXe5jNhsjw,/ouUf9zIq8PzGROyWunyEhubfFMS.jpg,/rlNnwObbMu5G2FaOUlacnUIdIIA.jpg,726684.json,579,77,False,False
736820,Confidential Assignment 2: International,공조 2: 인터내셔날,"Follows Rim Chul-ryung heading back to South Korea in pursuit of a brutal and secret criminal organization. He teams up again with Kang Jin-tae, who volunteers to work with the North Korean in order to get back on the investigation team after a mistake landed him in the cyber crime department.",One team new mission.,"Title: Confidential Assignment 2: International

Original Title: 공조 2: 인터내셔날

Tagline: One team new mission.

Overview: Follows Rim Chul-ryung heading back to South Korea in pursuit of a brutal and secret criminal organization. He teams up again with Kang Jin-tae, who volunteers to work with the North Korean in order to get back on the investigation team after a mistake landed him in the cyber crime department.

Genres: Action, Comedy

Collection: Confidential Assignment Collection

Production Companies: JK Film, CJ Entertainment, CJ ENM

Production Countries: South Korea

Spoken Languages: English, Korean",tt21867370,2022-09-07,2022.0,ko,['KR'],129.0,Released,"['Action', 'Comedy']","['English', 'Korean']",['South Korea'],,,8.7501,7.0,71,736824.0,Confidential Assignment Collection,"[{'id': 10955, 'name': 'JK Film', 'origin_country': 'KR'}, {'id': 7036, 'name': 'CJ Entertainment', 'origin_country': 'KR'}, {'id': 128404, 'name': 'CJ ENM', 'origin_country': 'KR'}]",,/wvJOS9e9b0GXfNni98dYZujPLC8.jpg,/xov3ufX4ZRyw2pSF3XLNjtvZPw4.jpg,736820.json,613,90,False,False
737057,Suspicious Practice Room: Special Treatment of Mother's Friend,수상한 진료실: 엄마친구의 특별한 치료,"A sick hospitalization life in a hospital run by a mother's friend. Shin, who injured her leg in an accident, is admitted to the hospital of her mother's friend Ayumi. Unable to bear the cravings accumulated in the increasingly prolonged hospital life, God secretly masturbates and gets caught by nurse Koharu. Rather than being surprised, Koharu covets God's secret place as an excuse for massage. Moreover, it turns out that Ayumi also has a secret secret.",,"Title: Suspicious Practice Room: Special Treatment of Mother's Friend

Original Title: 수상한 진료실: 엄마친구의 특별한 치료

Overview: A sick hospitalization life in a hospital run by a mother's friend. Shin, who injured her leg in an accident, is admitted to the hospital of her mother's friend Ayumi. Unable to bear the cravings accumulated in the increasingly prolonged hospital life, God secretly masturbates and gets caught by nurse Koharu. Rather than being surprised, Koharu covets God's secret place as an excuse for massage. Moreover, it turns out that Ayumi also has a secret secret.

Genres: Drama, Romance

Production Companies: J Pictures

Production Countries: South Korea

Spoken Languages: Korean",tt8669092,2018-03-06,2018.0,ko,['KR'],63.0,Released,"['Drama', 'Romance']",['Korean'],['South Korea'],,,16.9534,3.8,4,,,"[{'id': 174994, 'name': 'J Pictures', 'origin_country': 'KR'}]",,/sP1s76Er7RlV9FyfMkrEowE1wk6.jpg,,737057.json,697,107,False,False
73723,The Lorax,The Lorax,"A 12-year-old boy searches for the one thing that will enable him to win the affection of the girl of his dreams. To find it he must discover the story of the Lorax, the grumpy yet charming creature who fights to protect his world.",Meet the original force of nature.,"Title: The Lorax

Tagline: Meet the original force of nature.

Overview: A 12-year-old boy searches for the one thing that will enable him to win the affection of the girl of his dreams. To find it he must discover the story of the Lorax, the grumpy yet charming creature who fights to protect his world.

Genres: Animation, Family

Production Companies: Illumination, dentsu

Production Countries: United States of America, Japan

Spoken Languages: English",tt1482459,2012-03-01,2012.0,en,['US'],86.0,Released,"['Animation', 'Family']",['English'],"['United States of America', 'Japan']",70000000.0,349305397.0,31.5632,6.538,3995,,,"[{'id': 6704, 'name': 'Illumination', 'origin_country': 'US'}, {'id': 1778, 'name': 'dentsu', 'origin_country': 'JP'}]",,/tePFnZFw5JvjwjQjaKkqDPNMLPU.jpg,/71FjlP0qZPc1iymcHf8u5vXfH50.jpg,73723.json,457,72,False,False
74643,The Artist,The Artist,"Hollywood, 1927: As silent movie star George Valentin wonders if the arrival of talking pictures will cause him to fade into oblivion, he sparks with Peppy Miller, a young dancer set for a big break.",A breath of fresh vintage air.,"Title: The Artist

Tagline: A breath of fresh vintage air.

Overview: Hollywood, 1927: As silent movie star George Valentin wonders if the arrival of talking pictures will cause him to fade into oblivion, he sparks with Peppy Miller, a young dancer set for a big break.

Genres: Drama, Comedy, Romance

Production Companies: uFilm, La Petite Reine, Studio 37, La Classe américaine, JD Prod, France 3 Cinéma, Jouror Productions

Production Countries: Belgium, France

Spoken Languages: No Language",tt1655442,2011-10-12,2011.0,fr,['FR'],100.0,Released,"['Drama', 'Comedy', 'Romance']",['No Language'],"['Belgium', 'France']",15000000.0,133432856.0,8.5743,7.4,3618,,,"[{'id': 8676, 'name': 'uFilm', 'origin_country': 'BE'}, {'id': 1992, 'name': 'La Petite Reine', 'origin_country': 'FR'}, {'id': 2577, 'name': 'Studio 37', 'origin_country': 'FR'}, {'id': 50630, 'name': 'La Classe américaine', 'origin_country': 'FR'}, {'id': 71510, 'name': 'JD Prod', 'origin_country': 'FR'}, {'id': 591, 'name': 'France 3 Cinéma', 'origin_country': 'FR'}, {'id': 12391, 'name': 'Jouror Productions', 'origin_country': 'FR'}]",http://www.orange-studio.fr/film/264/the-artist.html,/xYMYV8lMIeQMymuNPBvq3hOnqXw.jpg,/bYimqNnizPUCnL5HOdoCW02IGmH.jpg,74643.json,496,76,False,False
7508,Like Stars on Earth,तारे ज़मीन पर,"Ishaan Awasthi is an eight-year-old whose world is filled with wonders that no one else seems to appreciate. Colours, fish, dogs, and kites don't seem important to the adults, who are much more interested in things like homework, marks, and neatness. Ishaan cannot seem to get anything right in class; he is then sent to boarding school, where his life changes forever.",Every child is special.,"Title: Like Stars on Earth

Original Title: तारे ज़मीन पर

Tagline: Every child is special.

Overview: Ishaan Awasthi is an eight-year-old whose world is filled with wonders that no one else seems to appreciate. Colours, fish, dogs, and kites don't seem important to the adults, who are much more interested in things like homework, marks, and neatness. Ishaan cannot seem to get anything right in class; he is then sent to boarding school, where his life changes forever.

Genres: Drama

Collection: Taare Zameen Par Collection

Production Companies: Aamir Khan Productions, PVR Inox Pictures, UTV Motion Pictures

Production Countries: India

Spoken Languages: Hindi",tt0986264,2007-12-20,2007.0,hi,['IN'],162.0,Released,['Drama'],['Hindi'],['India'],2600000.0,28430000.0,6.4053,8.0,1416,1500956.0,Taare Zameen Par Collection,"[{'id': 2140, 'name': 'Aamir Khan Productions', 'origin_country': 'IN'}, {'id': 63997, 'name': 'PVR Inox Pictures', 'origin_country': 'IN'}, {'id': 2320, 'name': 'UTV Motion Pictures', 'origin_country': 'IN'}]",,/puHRt6Raovm5ujGCdwLWvRv4NHU.jpg,/bPwdy3zaNnMdZ22u0WCcYu0xxgt.jpg,7508.json,668,102,False,False
755898,War of the Worlds,War of the Worlds,"Will Radford is a top analyst for Homeland Security who tracks potential threats through a mass surveillance program, until one day an attack by an unknown entity leads him to question whether the government is hiding something from him... and from the rest of the world.",Your data is deadly.,"Title: War of the Worlds

Tagline: Your data is deadly.

Overview: Will Radford is a top analyst for Homeland Security who tracks potential threats through a mass surveillance program, until one day an attack by an unknown entity leads him to question whether the government is hiding something from him... and from the rest of the world.

Genres: Science Fiction, Thriller

Production Companies: Universal Pictures, Bazelevs, Patrick Aiello Productions

Production Countries: United States of America

Spoken Languages: English",tt13186306,2025-07-29,2025.0,en,['US'],91.0,Released,"['Science Fiction', 'Thriller']",['English'],['United States of America'],10000000.0,,101.3877,4.024,1150,,,"[{'id': 33, 'name': 'Universal Pictures', 'origin_country': 'US'}, {'id': 109501, 'name': 'Bazelevs', 'origin_country': 'US'}, {'id': 59827, 'name': 'Patrick Aiello Productions', 'origin_country': 'US'}]",https://www.amazon.com/gp/video/detail/B0DMF7MXKT,/yvirUYrva23IudARHn3mMGVxWqM.jpg,/iZLqwEwUViJdSkGVjePGhxYzbDb.jpg,755898.json,528,78,False,False
762509,Mufasa: The Lion King,Mufasa: The Lion King,"Mufasa, a cub lost and alone, meets a sympathetic lion named Taka, the heir to a royal bloodline. The chance meeting sets in motion an expansive journey of a group of misfits searching for their destiny.",The story of an orphan who would be king.,"Title: Mufasa: The Lion King

Tagline: The story of an orphan who would be king.

Overview: Mufasa, a cub lost and alone, meets a sympathetic lion named Taka, the heir to a royal bloodline. The chance meeting sets in motion an expansive journey of a group of misfits searching for their destiny.

Genres: Adventure, Family, Animation

Collection: The Lion King (Reboot) Collection

Production Companies: Walt Disney Pictures

Production Countries: United States of America

Spoken Languages: English",tt13186482,2024-12-18,2024.0,en,['US'],118.0,Released,"['Adventure', 'Family', 'Animation']",['English'],['United States of America'],200000000.0,722631756.0,29.4205,7.284,2785,762512.0,The Lion King (Reboot) Collection,"[{'id': 2, 'name': 'Walt Disney Pictures', 'origin_country': 'US'}]",https://movies.disney.com/mufasa-the-lion-king,/jbOSUAWMGzGL1L4EaUF8K6zYFo7.jpg,/1w8kutrRucTd3wlYyu5QlUDMiG1.jpg,762509.json,499,76,False,False
76341,Mad Max: Fury Road,Mad Max: Fury Road,"An apocalyptic story set in the furthest reaches of our planet, in a stark desert landscape where humanity is broken, and most everyone is crazed fighting for the necessities of life. Within this world exist two rebels on the run who just might be able to restore order.",The future belongs to the mad.,"Title: Mad Max: Fury Road

Tagline: The future belongs to the mad.

Overview: An apocalyptic story set in the furthest reaches of our planet, in a stark desert landscape where humanity is broken, and most everyone is crazed fighting for the necessities of life. Within this world exist two rebels on the run who just might be able to restore order.

Genres: Action, Adventure, Science Fiction

Collection: Mad Max Collection

Production Companies: Warner Bros. Pictures, Village Roadshow Pictures, Kennedy Miller Mitchell, RatPac Entertainment

Production Countries: Australia, United States of America

Spoken Languages: English",tt1392190,2015-05-13,2015.0,en,"['AU', 'US']",121.0,Released,"['Action', 'Adventure', 'Science Fiction']",['English'],"['Australia', 'United States of America']",150000000.0,378858340.0,47.2964,7.639,24677,8945.0,Mad Max Collection,"[{'id': 174, 'name': 'Warner Bros. Pictures', 'origin_country': 'US'}, {'id': 79, 'name': 'Village Roadshow Pictures', 'origin_country': 'US'}, {'id': 28382, 'name': 'Kennedy Miller Mitchell', 'origin_country': 'AU'}, {'id': 41624, 'name': 'RatPac Entertainment', 'origin_country': 'US'}]",https://www.warnerbros.com/movies/mad-max-fury-road,/ulcAi4dKpAjHwYGS08vNyx9H6I9.jpg,/gqrnQA6Xppdl8vIb2eJc58VC1tW.jpg,76341.json,629,93,False,False
77338,The Intouchables,Intouchables,A true story of two men who should never have met – a quadriplegic aristocrat who was injured in a paragliding accident and a young man from the projects.,Sometimes you have to reach into someone else's world to find out what's missing in your own.,"Title: The Intouchables

Original Title: Intouchables

Tagline: Sometimes you have to reach into someone else's world to find out what's missing in your own.

Overview: A true story of two men who should never have met – a quadriplegic aristocrat who was injured in a paragliding accident and a young man from the projects.

Genres: Drama, Comedy

Production Companies: Gaumont, Quad Productions, Chaocorp, Ten Films, TF1 Films Production

Production Countries: France

Spoken Languages: English, French",tt1675434,2011-11-02,2011.0,fr,['FR'],113.0,Released,"['Drama', 'Comedy']","['English', 'French']",['France'],13000000.0,426590315.0,26.4111,8.272,18863,,,"[{'id': 9, 'name': 'Gaumont', 'origin_country': 'FR'}, {'id': 7038, 'name': 'Quad Productions', 'origin_country': 'FR'}, {'id': 7766, 'name': 'Chaocorp', 'origin_country': 'FR'}, {'id': 8018, 'name': 'Ten Films', 'origin_country': 'FR'}, {'id': 356, 'name': 'TF1 Films Production', 'origin_country': 'FR'}]",,/1QU7HKgsQbGpzsJbJK4pAVQV9F5.jpg,/q6OGlZ1KMEb14AC8KbPCxyNOal6.jpg,77338.json,503,75,False,True
781732,Animal,Animal,The hardened son of a powerful industrialist returns home after years abroad and vows to take bloody revenge on those threatening his father's life.,A father-son bond carved in blood.,"Title: Animal

Tagline: A father-son bond carved in blood.

Overview: The hardened son of a powerful industrialist returns home after years abroad and vows to take bloody revenge on those threatening his father's life.

Genres: Action, Crime, Drama

Collection: The Animal Collection

Production Companies: T-Series, Bhadrakali Pictures, ST Film

Production Countries: India

Spoken Languages: Hindi",tt13751694,2023-12-01,2023.0,hi,['IN'],201.0,Released,"['Action', 'Crime', 'Drama']",['Hindi'],['India'],13000000.0,108300000.0,5.3099,6.121,211,1214005.0,The Animal Collection,"[{'id': 3522, 'name': 'T-Series', 'origin_country': 'IN'}, {'id': 94245, 'name': 'Bhadrakali Pictures', 'origin_country': 'IN'}, {'id': 215410, 'name': 'ST Film', 'origin_country': ''}]",,/hr9rjR3J0xBBKmlJ4n3gHId9ccx.jpg,/lprsAHkwMxk2iC6VZxNmV0H7g1t.jpg,781732.json,399,55,False,False
791128,Youngest Sister Class,막장자매 클라쓰,"Lim Da-yeong, the older sister, intercepted the lover of her younger sister, Lim Da-jeong, who is Yoon Tae-jin. As if this were not enough, Da-yeong imprisoned her younger sister in a mental hospital and lived a happy married life with Tae-jin. Then one day, the Da-jeong escapes from the mental hospital and conspires with helper Jo Yong-hwan, who is her ward friend, to exact cruel revenge on her older sister and her former lover. Both Da-yeong and Tae-jin endure Da-jeong's bloody kidnapping, domesticated slave life and harsh punishments. They look for opportunities to escape with a scary plot in their hearts.  What will be the ending for these crazy sisters?",A crazy story unfolds between a man and two sisters who are turning into monsters!,"Title: Youngest Sister Class

Original Title: 막장자매 클라쓰

Tagline: A crazy story unfolds between a man and two sisters who are turning into monsters!

Overview: Lim Da-yeong, the older sister, intercepted the lover of her younger sister, Lim Da-jeong, who is Yoon Tae-jin. As if this were not enough, Da-yeong imprisoned her younger sister in a mental hospital and lived a happy married life with Tae-jin. Then one day, the Da-jeong escapes from the mental hospital and conspires with helper Jo Yong-hwan, who is her ward friend, to exact cruel revenge on her older sister and her former lover. Both Da-yeong and Tae-jin endure Da-jeong's bloody kidnapping, domesticated slave life and harsh punishments. They look for opportunities to escape with a scary plot in their hearts.  What will be the ending for these crazy sisters?

Genres: Drama, Romance

Production Countries: South Korea, United States of America

Spoken Languages: Korean",,2020-05-01,2020.0,ko,['KR'],73.0,Released,"['Drama', 'Romance']",['Korean'],"['South Korea', 'United States of America']",,,22.9392,4.6,8,,,[],,/ce29t67HRvnOwjEHuDaUByPnJXR.jpg,/ux7BN6umUCGRXBSE75a4yheJRTO.jpg,791128.json,936,149,False,False
796185,The Three Musketeers: D'Artagnan,Les Trois Mousquetaires : D'Artagnan,"D'Artagnan, a spirited young Gascon, is left for dead after trying to save a noblewoman from being kidnapped. Once in Paris, he tries by all means to find his attackers, unaware that his quest will lead him to the very heart of a war where the future of France is at stake. Aided by King's Musketeers Athos, Porthos and Aramis, he faces the machinations of villainous Cardinal Richelieu and Milady de Winter, while falling in love with Constance, the Queen's confidante.",One for all and all for France!,"Title: The Three Musketeers: D'Artagnan

Original Title: Les Trois Mousquetaires : D'Artagnan

Tagline: One for all and all for France!

Overview: D'Artagnan, a spirited young Gascon, is left for dead after trying to save a noblewoman from being kidnapped. Once in Paris, he tries by all means to find his attackers, unaware that his quest will lead him to the very heart of a war where the future of France is at stake. Aided by King's Musketeers Athos, Porthos and Aramis, he faces the machinations of villainous Cardinal Richelieu and Milady de Winter, while falling in love with Constance, the Queen's confidante.

Genres: Adventure, Action, Drama, History

Collection: The Three Musketeers Collection

Production Companies: Pathé, Chapter 2, M6 Films, Constantin Film, ZDF, uMedia, DeAPlaneta

Production Countries: Belgium, France, Germany, Spain

Spoken Languages: German, Spanish, French, English, Italian, Latin",tt12672536,2023-04-05,2023.0,fr,['FR'],121.0,Released,"['Adventure', 'Action', 'Drama', 'History']","['German', 'Spanish', 'French', 'English', 'Italian', 'Latin']","['Belgium', 'France', 'Germany', 'Spain']",27500000.0,31843086.0,14.9901,6.9,1463,913258.0,The Three Musketeers Collection,"[{'id': 7981, 'name': 'Pathé', 'origin_country': 'FR'}, {'id': 20339, 'name': 'Chapter 2', 'origin_country': 'FR'}, {'id': 1115, 'name': 'M6 Films', 'origin_country': 'FR'}, {'id': 47, 'name': 'Constantin Film', 'origin_country': 'DE'}, {'id': 4606, 'name': 'ZDF', 'origin_country': 'DE'}, {'id': 19037, 'name': 'uMedia', 'origin_country': 'BE'}, {'id': 123175, 'name': 'DeAPlaneta', 'origin_country': 'ES'}]",http://www.samuelgoldwynfilms.com/the-three-musketeers-part-i-dartagnan/,/hfExJPcbBtDeFDEb7I1By72Drlr.jpg,/lx89oBeJIastndjbQxznnfSYpmR.jpg,796185.json,920,138,False,False
803796,KPop Demon Hunters,KPop Demon Hunters,"When K-pop superstars Rumi, Mira and Zoey aren't selling out stadiums, they're using their secret powers to protect their fans from supernatural threats.",They sing. They dance. They battle demons.,"Title: KPop Demon Hunters

Tagline: They sing. They dance. They battle demons.

Overview: When K-pop superstars Rumi, Mira and Zoey aren't selling out stadiums, they're using their secret powers to protect their fans from supernatural threats.

Genres: Fantasy, Music, Comedy, Animation

Collection: KPop Demon Hunters Collection

Production Companies: Sony Pictures Animation

Production Countries: United States of America

Spoken Languages: English, Korean",tt14205554,2025-06-20,2025.0,en,['US'],96.0,Released,"['Fantasy', 'Music', 'Comedy', 'Animation']","['English', 'Korean']",['United States of America'],100000000.0,24619953.0,42.9274,7.994,3233,1738564.0,KPop Demon Hunters Collection,"[{'id': 2251, 'name': 'Sony Pictures Animation', 'origin_country': 'US'}]",https://www.netflix.com/title/81498621,/zT7Lhw3BhJbMkRqm9Zlx2YGMsY0.jpg,/w3Bi0wygeFQctn6AqFTwhGNXRwL.jpg,803796.json,459,61,False,False
8079,Om Shanti Om,ओम शांति ओम,"In the early 70s, aspiring actor Om Prakash Makhija, and a famous starlet Shantipriya, are murdered. Thirty years later, his reincarnation Om Kapoor sets out to discover the mystery of their demise.","For some dreams, one lifetime is not enough.","Title: Om Shanti Om

Original Title: ओम शांति ओम

Tagline: For some dreams, one lifetime is not enough.

Overview: In the early 70s, aspiring actor Om Prakash Makhija, and a famous starlet Shantipriya, are murdered. Thirty years later, his reincarnation Om Kapoor sets out to discover the mystery of their demise.

Genres: Comedy, Thriller, Drama

Production Companies: Red Chillies Entertainment, Eros International

Production Countries: India

Spoken Languages: Hindi, English",tt1024943,2007-11-07,2007.0,hi,['IN'],169.0,Released,"['Comedy', 'Thriller', 'Drama']","['Hindi', 'English']",['India'],9100000.0,37707444.0,4.3292,7.1,422,,,"[{'id': 2343, 'name': 'Red Chillies Entertainment', 'origin_country': 'IN'}, {'id': 3653, 'name': 'Eros International', 'origin_country': 'IN'}]",https://www.redchillies.com/movies/om-shanti-om,/oArsQTD4bPPMtRjqr03SO9W6phF.jpg,/mBdT7nvhXmvZKK1mieS261IApcI.jpg,8079.json,479,69,False,False
808,Shrek,Shrek,"It ain't easy bein' green -- especially if you're a likable (albeit smelly) ogre named Shrek. On a mission to retrieve a gorgeous princess from the clutches of a fire-breathing dragon, Shrek teams up with an unlikely compatriot -- a wisecracking donkey.",The greatest fairy tale never told.,"Title: Shrek

Tagline: The greatest fairy tale never told.

Overview: It ain't easy bein' green -- especially if you're a likable (albeit smelly) ogre named Shrek. On a mission to retrieve a gorgeous princess from the clutches of a fire-breathing dragon, Shrek teams up with an unlikely compatriot -- a wisecracking donkey.

Genres: Animation, Comedy, Fantasy, Adventure, Family

Collection: Shrek Collection

Production Companies: Pacific Data Images, DreamWorks Animation, DreamWorks Pictures

Production Countries: United States of America

Spoken Languages: English",tt0126029,2001-05-18,2001.0,en,['US'],90.0,Released,"['Animation', 'Comedy', 'Fantasy', 'Adventure', 'Family']",['English'],['United States of America'],60000000.0,489676241.0,33.6247,7.779,19360,2150.0,Shrek Collection,"[{'id': 520, 'name': 'Pacific Data Images', 'origin_country': 'US'}, {'id': 521, 'name': 'DreamWorks Animation', 'origin_country': 'US'}, {'id': 7, 'name': 'DreamWorks Pictures', 'origin_country': 'US'}]",http://www.dreamworksanimation.com/shrek/,/iB64vpL3dIObOtMZgX3RqdVdQDc.jpg,/w0eKUOEog2ImtktCHAMUZws8qif.jpg,808.json,569,79,False,False
81,Warriors of the Wind,風の谷のナウシカ,"After a global war, the seaside kingdom known as the Valley of the Wind remains one of the last strongholds on Earth untouched by a poisonous jungle and the powerful insects that guard it. Led by the courageous Princess Nausicaä, the people of the Valley engage in an epic struggle to restore the bond between humanity and Earth.","Flee, fly, foe, fun! Here's an adventure for everyone.","Title: Warriors of the Wind

Original Title: 風の谷のナウシカ

Tagline: Flee, fly, foe, fun! Here's an adventure for everyone.

Overview: After a global war, the seaside kingdom known as the Valley of the Wind remains one of the last strongholds on Earth untouched by a poisonous jungle and the powerful insects that guard it. Led by the courageous Princess Nausicaä, the people of the Valley engage in an epic struggle to restore the bond between humanity and Earth.

Genres: Adventure, Animation, Fantasy

Production Companies: Topcraft, Tokuma Shoten, Hakuhodo

Production Countries: Japan

Spoken Languages: Japanese",tt0087544,1984-03-11,1984.0,ja,['JP'],95.0,Released,"['Adventure', 'Animation', 'Fantasy']",['Japanese'],['Japan'],1000000.0,9016411.0,17.0703,7.9,4214,,,"[{'id': 29, 'name': 'Topcraft', 'origin_country': 'JP'}, {'id': 1779, 'name': 'Tokuma Shoten', 'origin_country': 'JP'}, {'id': 13411, 'name': 'Hakuhodo', 'origin_country': 'JP'}]",https://gkids.com/films/nausicaa-of-the-valley-of-the-wind,/tcrkfB8SRPQCgwI88hQScua6nxh.jpg,/ulVUa2MvnJAjAeRt7h23FFJVRKH.jpg,81.json,612,93,False,True
810,Shrek the Third,Shrek the Third,"After the King of Far Far Away dies, Shrek and Fiona are to succede. However, Shrek wants to return to his cozy swamp and live in peace and quiet, so when he finds out there is another heir to the throne, he and Donkey set off to bring him back to rule the kingdom.",He's in for the royal treatment.,"Title: Shrek the Third

Tagline: He's in for the royal treatment.

Overview: After the King of Far Far Away dies, Shrek and Fiona are to succede. However, Shrek wants to return to his cozy swamp and live in peace and quiet, so when he finds out there is another heir to the throne, he and Donkey set off to bring him back to rule the kingdom.

Genres: Fantasy, Adventure, Animation, Comedy, Family

Collection: Shrek Collection

Production Companies: DreamWorks Animation, Pacific Data Images

Production Countries: United States of America

Spoken Languages: English",tt0413267,2007-05-17,2007.0,en,['US'],93.0,Released,"['Fantasy', 'Adventure', 'Animation', 'Comedy', 'Family']",['English'],['United States of America'],160000000.0,808310187.0,30.072,6.315,10017,2150.0,Shrek Collection,"[{'id': 521, 'name': 'DreamWorks Animation', 'origin_country': 'US'}, {'id': 520, 'name': 'Pacific Data Images', 'origin_country': 'US'}]",http://www.shrekthethird.com/flash/index.html,/n4SexGGQzI26E269tfpa80MZaGV.jpg,/wvXxKpFGXvQJRB0nvvfURhRD3C0.jpg,810.json,567,91,False,False
810693,Jujutsu Kaisen 0,劇場版 呪術廻戦 0,"Yuta Okkotsu is a nervous high school student who is suffering from a serious problem—his childhood friend Rika has turned into a curse and won't leave him alone. Since Rika is no ordinary curse, his plight is noticed by Satoru Gojo, a teacher at Jujutsu High, a school where fledgling exorcists learn how to combat curses. Gojo convinces Yuta to enroll, but can he learn enough in time to confront the curse that haunts him?",Love is a twisted curse.,"Title: Jujutsu Kaisen 0

Original Title: 劇場版 呪術廻戦 0

Tagline: Love is a twisted curse.

Overview: Yuta Okkotsu is a nervous high school student who is suffering from a serious problem—his childhood friend Rika has turned into a curse and won't leave him alone. Since Rika is no ordinary curse, his plight is noticed by Satoru Gojo, a teacher at Jujutsu High, a school where fledgling exorcists learn how to combat curses. Gojo convinces Yuta to enroll, but can he learn enough in time to confront the curse that haunts him?

Genres: Animation, Action, Fantasy

Collection: Jujutsu Kaisen Collection

Production Companies: MAPPA, Shueisha, Sumzap, MBS, TOHO

Production Countries: Japan

Spoken Languages: Japanese",tt14331144,2021-12-24,2021.0,ja,['JP'],105.0,Released,"['Animation', 'Action', 'Fantasy']",['Japanese'],['Japan'],,195870885.0,13.3311,8.102,1860,1529614.0,Jujutsu Kaisen Collection,"[{'id': 21444, 'name': 'MAPPA', 'origin_country': 'JP'}, {'id': 2918, 'name': 'Shueisha', 'origin_country': 'JP'}, {'id': 158200, 'name': 'Sumzap', 'origin_country': 'JP'}, {'id': 3363, 'name': 'MBS', 'origin_country': 'JP'}, {'id': 882, 'name': 'TOHO', 'origin_country': 'JP'}]",,/23oJaeBh0FDk2mQ2P240PU9Xxfh.jpg,/rcEDPOOOUTLFxLLQJggfLffbofe.jpg,810693.json,713,112,False,True
813418,Hot Spot,Hot Spot,"Set in a near future society ruled by sentient A.I., a private eye investigates a murder case only to discover a rebel group capable of undermining the digital overlord. As the detective's identity slowly unravels, his world enters a state of hypnotic meltdown.",The system is unstable.,"Title: Hot Spot

Tagline: The system is unstable.

Overview: Set in a near future society ruled by sentient A.I., a private eye investigates a murder case only to discover a rebel group capable of undermining the digital overlord. As the detective's identity slowly unravels, his world enters a state of hypnotic meltdown.

Genres: Science Fiction, Action, Crime, Fantasy, Thriller

Production Companies: Madants, Neda Film, Film i Väst, Zentropa International Sweden

Production Countries: Poland, Greece, Sweden

Spoken Languages: English, French, Polish",tt14119302,2026-08-21,2026.0,en,['PL'],101.0,Released,"['Science Fiction', 'Action', 'Crime', 'Fantasy', 'Thriller']","['English', 'French', 'Polish']","['Poland', 'Greece', 'Sweden']",6000000.0,256350.0,69.7042,4.9,31,,,"[{'id': 86773, 'name': 'Madants', 'origin_country': 'PL'}, {'id': 86772, 'name': 'Neda Film', 'origin_country': 'GR'}, {'id': 2801, 'name': 'Film i Väst', 'origin_country': 'SE'}, {'id': 8288, 'name': 'Zentropa International Sweden', 'origin_country': 'SE'}]",https://www.focusfeatures.com/hot-spot,/42egzT6e4CIEdrEo4Xc31DKyGjA.jpg,/aRsmRuomE4vIGNUPIGLrp9ojM5a.jpg,813418.json,556,80,False,False
81774,Exploits of a Young Don Juan,Les Exploits d'un jeune Don Juan,"In 1914, sixteen year old Roger returned home from boarding school during vacation to find his puberty hit hard in a house filled with beautiful women. These women have previous engagements with other men who are away, and during this time, Roger impregnates them all, including his aunt and sister, then devises plans to cuckold the men.",,"Title: Exploits of a Young Don Juan

Original Title: Les Exploits d'un jeune Don Juan

Overview: In 1914, sixteen year old Roger returned home from boarding school during vacation to find his puberty hit hard in a house filled with beautiful women. These women have previous engagements with other men who are away, and during this time, Roger impregnates them all, including his aunt and sister, then devises plans to cuckold the men.

Genres: Comedy, Drama

Production Companies: Séléna Audiovisuel, Antea Cinematografica, Lagonda Films, Les Films Ariane, Orphée Arts

Production Countries: France, Italy

Spoken Languages: French",tt0092995,1986-11-04,1986.0,fr,['FR'],100.0,Released,"['Comedy', 'Drama']",['French'],"['France', 'Italy']",,1300000.0,20.1343,6.2,336,,,"[{'id': 51304, 'name': 'Séléna Audiovisuel', 'origin_country': 'FR'}, {'id': 28391, 'name': 'Antea Cinematografica', 'origin_country': ''}, {'id': 51305, 'name': 'Lagonda Films', 'origin_country': ''}, {'id': 7110, 'name': 'Les Films Ariane', 'origin_country': 'FR'}, {'id': 26899, 'name': 'Orphée Arts', 'origin_country': ''}]",,/xvtRgQIRegLjsjaIkKQbh0hk3Qy.jpg,/4cd9YihTHx1j8oRdlwEa1emKiAl.jpg,81774.json,632,96,False,False
822653,Puella Magi Madoka Magica the Movie -Walpurgisnacht: Rising-,劇場版 魔法少女まどか☆マギカ〈ワルプルギスの廻天〉,"After the events of Rebellion, the world appears to be in balance—but that peace is fragile. As a new threat connected to Walpurgisnacht emerges, Homura Akemi is forced to face the consequences of her choices and question how far she is willing to go to protect Madoka.",The world will not exonerate her.,"Title: Puella Magi Madoka Magica the Movie -Walpurgisnacht: Rising-

Original Title: 劇場版 魔法少女まどか☆マギカ〈ワルプルギスの廻天〉

Tagline: The world will not exonerate her.

Overview: After the events of Rebellion, the world appears to be in balance—but that peace is fragile. As a new threat connected to Walpurgisnacht emerges, Homura Akemi is forced to face the consequences of her choices and question how far she is willing to go to protect Madoka.

Genres: Animation, Drama, Mystery, Fantasy

Collection: Puella Magi Madoka Magica: The Movie Collection

Production Companies: SHAFT, Aniplex

Production Countries: Japan

Spoken Languages: Japanese",tt14523706,2026-08-28,2026.0,ja,['JP'],120.0,Released,"['Animation', 'Drama', 'Mystery', 'Fantasy']",['Japanese'],['Japan'],,11850000.0,27.6391,9.0,2,212166.0,Puella Magi Madoka Magica: The Movie Collection,"[{'id': 6689, 'name': 'SHAFT', 'origin_country': 'JP'}, {'id': 2883, 'name': 'Aniplex', 'origin_country': 'JP'}]",https://madokamagicausa.com/,/g4kCd4rMuN7G3VQQDUT6mLbrBqQ.jpg,/xzm3RfWh932rS28WErNC3u8qzVm.jpg,822653.json,636,91,False,True
826945,Sisters Virus,자매 바이러스,"Hyeong-woo is forced to be quarantined with her sisters-in-law for 21 days due to the new virus. Hyeong-woo, who remains with his sister-in-law is shaken by the temptation of prohibition. Eventually, the virus spreads and becomes the beginning of human extinction. However, rumors are circulating that sharing forbidden love can amplify the energy and defeat the new virus, which they cannot help but believe. Their own sex, which began like that, makes them forget even the fear of the virus and makes them unable to break up.",,"Title: Sisters Virus

Original Title: 자매 바이러스

Overview: Hyeong-woo is forced to be quarantined with her sisters-in-law for 21 days due to the new virus. Hyeong-woo, who remains with his sister-in-law is shaken by the temptation of prohibition. Eventually, the virus spreads and becomes the beginning of human extinction. However, rumors are circulating that sharing forbidden love can amplify the energy and defeat the new virus, which they cannot help but believe. Their own sex, which began like that, makes them forget even the fear of the virus and makes them unable to break up.

Genres: Drama

Production Countries: South Korea

Spoken Languages: Korean",,2021-02-24,2021.0,ko,['KR'],78.0,Released,['Drama'],['Korean'],['South Korea'],,,10.7185,5.5,4,,,[],,/gSvLzCvjA8nVWE3vywODTPQfNei.jpg,/he4OPeNneDVUF66UsbTeOXZOF9y.jpg,826945.json,660,104,False,False
82976,The Novices,Les Novices,"Sister Agnès runs away from her convent in Brittany and seeks refuge in Paris with prostitute Mona Lisa. With absolutely no qualifications, the young novice has a hard job finding work, so Mona Lisa tries to teach her the ropes of the oldest profession of them all!",,"Title: The Novices

Original Title: Les Novices

Overview: Sister Agnès runs away from her convent in Brittany and seeks refuge in Paris with prostitute Mona Lisa. With absolutely no qualifications, the young novice has a hard job finding work, so Mona Lisa tries to teach her the ropes of the oldest profession of them all!

Genres: Comedy, Drama

Production Companies: Les Films La Boétie, Rizzoli Film

Production Countries: France, Italy

Spoken Languages: French",tt0066164,1970-04-01,1970.0,fr,['FR'],91.0,Released,"['Comedy', 'Drama']",['French'],"['France', 'Italy']",,,99.889,4.8,13,,,"[{'id': 18477, 'name': 'Les Films La Boétie', 'origin_country': 'FR'}, {'id': 1131, 'name': 'Rizzoli Film', 'origin_country': 'IT'}]",,/a2SnSbRxMB4vktOxZapaspY2fTC.jpg,/yhGCxn4pYIQhK52g6JjM4bL9fVX.jpg,82976.json,467,73,False,True
83533,Avatar: Fire and Ash,Avatar: Fire and Ash,"In the wake of the devastating war against the RDA and the loss of their eldest son, Jake Sully and Neytiri face a new threat on Pandora: the Ash People, a violent and power-hungry Na'vi tribe led by the ruthless Varang. Jake's family must fight for their survival and the future of Pandora in a conflict that pushes them to their emotional and physical limits.",The world of Pandora will change forever.,"Title: Avatar: Fire and Ash

Tagline: The world of Pandora will change forever.

Overview: In the wake of the devastating war against the RDA and the loss of their eldest son, Jake Sully and Neytiri face a new threat on Pandora: the Ash People, a violent and power-hungry Na'vi tribe led by the ruthless Varang. Jake's family must fight for their survival and the future of Pandora in a conflict that pushes them to their emotional and physical limits.

Genres: Science Fiction, Adventure, Fantasy

Collection: Avatar Collection

Production Companies: 20th Century Studios, Lightstorm Entertainment, TSG Entertainment

Production Countries: United States of America

Spoken Languages: English",tt1757678,2025-12-17,2025.0,en,['US'],198.0,Released,"['Science Fiction', 'Adventure', 'Fantasy']",['English'],['United States of America'],350000000.0,1485999890.0,81.0525,7.642,4397,87096.0,Avatar Collection,"[{'id': 127928, 'name': '20th Century Studios', 'origin_country': 'US'}, {'id': 574, 'name': 'Lightstorm Entertainment', 'origin_country': 'US'}, {'id': 22213, 'name': 'TSG Entertainment', 'origin_country': 'US'}]",https://www.avatar.com/movies/avatar-fire-and-ash,/bRBeSHfGHwkEpImlhxPmOcUsaeg.jpg,/iN41Ccw4DctL8npfmYg1j5Tr1eb.jpg,83533.json,692,105,False,False
838209,Exhuma,파묘,"After tracing the origin of a disturbing supernatural affliction to a wealthy family's ancestral gravesite, a team of paranormal experts relocates the remains—and soon discovers what happens to those who dare to mess with the wrong grave.",The vicious emerges.,"Title: Exhuma

Original Title: 파묘

Tagline: The vicious emerges.

Overview: After tracing the origin of a disturbing supernatural affliction to a wealthy family's ancestral gravesite, a team of paranormal experts relocates the remains—and soon discovers what happens to those who dare to mess with the wrong grave.

Genres: Mystery, Horror, Thriller

Production Companies: Showbox, MCMC, Pinetown Production

Production Countries: South Korea

Spoken Languages: Korean, Japanese, English",tt27802490,2024-02-22,2024.0,ko,['KR'],134.0,Released,"['Mystery', 'Horror', 'Thriller']","['Korean', 'Japanese', 'English']",['South Korea'],,97974828.0,10.382,7.667,828,,,"[{'id': 3491, 'name': 'Showbox', 'origin_country': 'KR'}, {'id': 15974, 'name': 'MCMC', 'origin_country': 'KR'}, {'id': 217380, 'name': 'Pinetown Production', 'origin_country': 'KR'}]",https://wellgousa.com/films/exhuma,/6dasJ58GGFcC62H9KuukAryltUp.jpg,/kYWk8TW5TkpCWkB0mkUm72N0lb8.jpg,838209.json,487,66,False,True
8392,My Neighbor Totoro,となりのトトロ,"Two sisters move to the country with their father in order to be closer to their hospitalized mother, and discover the surrounding trees are inhabited by Totoros, magical spirits of the forest. When the youngest runs away from home, the older sister seeks help from the spirits to find her.",He's your friendly neighbourhood forest spirit!,"Title: My Neighbor Totoro

Original Title: となりのトトロ

Tagline: He's your friendly neighbourhood forest spirit!

Overview: Two sisters move to the country with their father in order to be closer to their hospitalized mother, and discover the surrounding trees are inhabited by Totoros, magical spirits of the forest. When the youngest runs away from home, the older sister seeks help from the spirits to find her.

Genres: Fantasy, Animation, Family

Production Companies: Studio Ghibli, Tokuma Shoten

Production Countries: Japan

Spoken Languages: Japanese",tt0096283,1988-04-16,1988.0,ja,['JP'],86.0,Released,"['Fantasy', 'Animation', 'Family']",['Japanese'],['Japan'],3700000.0,41000000.0,21.1643,8.1,9107,,,"[{'id': 10342, 'name': 'Studio Ghibli', 'origin_country': 'JP'}, {'id': 1779, 'name': 'Tokuma Shoten', 'origin_country': 'JP'}]",https://gkids.com/films/my-neighbor-totoro,/rtGDOeG9LzoerkDGZF9dnVeLppL.jpg,/zkThiZAaAie8Lw7RAc5yPTOewBV.jpg,8392.json,555,81,False,False
851644,20th Century Girl,20세기 소녀,"In 1999, a teen girl keeps close tabs on a boy in school on behalf of her deeply smitten best friend – then she gets swept up in a love story of her own.",A first love pov story.,"Title: 20th Century Girl

Original Title: 20세기 소녀

Tagline: A first love pov story.

Overview: In 1999, a teen girl keeps close tabs on a boy in school on behalf of her deeply smitten best friend – then she gets swept up in a love story of her own.

Genres: Romance, Drama

Production Companies: Yong Film, CJ ENM Studios

Production Countries: South Korea

Spoken Languages: Korean",tt15340724,2022-10-06,2022.0,ko,['KR'],119.0,Released,"['Romance', 'Drama']",['Korean'],['South Korea'],,,9.8782,8.2,865,,,"[{'id': 49096, 'name': 'Yong Film', 'origin_country': 'KR'}, {'id': 199265, 'name': 'CJ ENM Studios', 'origin_country': 'KR'}]",,/od22ftNnyag0TTxcnJhlsu3aLoU.jpg,/37y53Jt8K6MvN6s4zJVFa61luO2.jpg,851644.json,382,66,False,True
853033,Adultery Alumni Association 2,불륜 동창회 2,"Hye Jin, Hee Kyung, and Han Hee who are among the high school alumni. They met at the alumni meeting and heard that the male alumni who did not have a chance to study during their school days were greatly successful as an investment company. And after seeing the settlement a few days later, I am happy to share my memories, but in fact, their purpose (?) Is separate. They are difficult to afford, and they want to get help from Zhengzhou. Since then, Zhengzhou has been enjoying the love of female alumni.",Free love of the alumni men and women begins!,"Title: Adultery Alumni Association 2

Original Title: 불륜 동창회 2

Tagline: Free love of the alumni men and women begins!

Overview: Hye Jin, Hee Kyung, and Han Hee who are among the high school alumni. They met at the alumni meeting and heard that the male alumni who did not have a chance to study during their school days were greatly successful as an investment company. And after seeing the settlement a few days later, I am happy to share my memories, but in fact, their purpose (?) Is separate. They are difficult to afford, and they want to get help from Zhengzhou. Since then, Zhengzhou has been enjoying the love of female alumni.

Genres: Drama, Romance

Collection: Adultery Alumni Association

Production Countries: South Korea

Spoken Languages: Korean",,2019-02-18,2019.0,ko,['KR'],73.0,Released,"['Drama', 'Romance']",['Korean'],['South Korea'],,,20.1702,4.7,41,853316.0,Adultery Alumni Association,[],,/wJHAEuL4ObSAp33T2iADrti0fAM.jpg,/AaUpn8zfBmCy6TRNcS29yLWmEh1.jpg,853033.json,763,128,False,False
853376,Villa Maids,별장하녀들,"The second generation of a chaebol was exiled to a rural villa because of a mistake. However, it only brought fun and excitement to another world that unfolds there.",,"Title: Villa Maids

Original Title: 별장하녀들

Overview: The second generation of a chaebol was exiled to a rural villa because of a mistake. However, it only brought fun and excitement to another world that unfolds there.

Genres: Drama

Spoken Languages: Korean",,2021-05-21,2021.0,ko,['KR'],82.0,Released,['Drama'],['Korean'],[],,,9.9975,2.5,2,,,[],,/spHKXWKJg6nTo13lP0O8Gp2v2gl.jpg,/xEm6zRFLpUXKnIkV5SbSGNkfcDt.jpg,853376.json,259,41,False,False
8587,The Lion King,The Lion King,"Young lion prince Simba, eager to one day become king of the Pride Lands, grows up under the watchful eye of his father Mufasa; all the while his villainous uncle Scar conspires to take the throne for himself. Amid betrayal and tragedy, Simba must confront his past and find his rightful place in the Circle of Life.",The greatest adventure of all is finding our place in the Circle of Life.,"Title: The Lion King

Tagline: The greatest adventure of all is finding our place in the Circle of Life.

Overview: Young lion prince Simba, eager to one day become king of the Pride Lands, grows up under the watchful eye of his father Mufasa; all the while his villainous uncle Scar conspires to take the throne for himself. Amid betrayal and tragedy, Simba must confront his past and find his rightful place in the Circle of Life.

Genres: Animation, Family, Drama

Collection: The Lion King Collection

Production Companies: Walt Disney Pictures, Walt Disney Feature Animation

Production Countries: United States of America

Spoken Languages: English",tt0110357,1994-06-15,1994.0,en,['US'],89.0,Released,"['Animation', 'Family', 'Drama']",['English'],['United States of America'],45000000.0,763455561.0,41.3809,8.251,20188,94032.0,The Lion King Collection,"[{'id': 2, 'name': 'Walt Disney Pictures', 'origin_country': 'US'}, {'id': 171656, 'name': 'Walt Disney Feature Animation', 'origin_country': 'US'}]",http://movies.disney.com/the-lion-king,/sKCr78MXSLixwmZ8DyJLrpMsd15.jpg,/bqFxtuGNsz30HTk5mzgGs8m9Po.jpg,8587.json,654,104,False,False
860508,The Whisper Man,The Whisper Man,"When his young son vanishes, a widower enlists help from his estranged father, a retired detective who put away the serial killer now linked to the case.","If you leave a door half open, soon you'll hear the whispers spoken.","Title: The Whisper Man

Tagline: If you leave a door half open, soon you'll hear the whispers spoken.

Overview: When his young son vanishes, a widower enlists help from his estranged father, a retired detective who put away the serial killer now linked to the case.

Genres: Crime, Drama, Thriller

Production Companies: AGBO

Production Countries: United States of America

Spoken Languages: English",tt11561116,2026-08-27,2026.0,en,['US'],111.0,Released,"['Crime', 'Drama', 'Thriller']",['English'],['United States of America'],50000000.0,,53.3116,6.872,818,,,"[{'id': 106544, 'name': 'AGBO', 'origin_country': 'US'}]",https://www.netflix.com/title/81278442,/ndRs5lADYm0PeVjuOxaMcInY0o2.jpg,/uauoVKKCkNA9iWjgJCL8TdSfLf5.jpg,860508.json,401,62,False,False
862,Toy Story,Toy Story,"Led by Woody, Andy's toys live happily in his room until Andy's birthday brings Buzz Lightyear onto the scene. Afraid of losing his place in Andy's heart, Woody plots against Buzz. But when circumstances separate Buzz and Woody from their owner, the duo eventually learns to put aside their differences.",Hang on for the comedy that goes to infinity and beyond!,"Title: Toy Story

Tagline: Hang on for the comedy that goes to infinity and beyond!

Overview: Led by Woody, Andy's toys live happily in his room until Andy's birthday brings Buzz Lightyear onto the scene. Afraid of losing his place in Andy's heart, Woody plots against Buzz. But when circumstances separate Buzz and Woody from their owner, the duo eventually learns to put aside their differences.

Genres: Family, Comedy, Animation, Adventure

Collection: Toy Story Collection

Production Companies: Pixar

Production Countries: United States of America

Spoken Languages: English",tt0114709,1995-11-22,1995.0,en,['US'],81.0,Released,"['Family', 'Comedy', 'Animation', 'Adventure']",['English'],['United States of America'],30000000.0,962301978.0,40.3249,8.0,20577,10194.0,Toy Story Collection,"[{'id': 3, 'name': 'Pixar', 'origin_country': 'US'}]",http://toystory.disney.com/toy-story,/uXDfjJbdP4ijW5hWSBrPrlKpxab.jpg,/3Rfvhy1Nl6sSGJwyjb0QiZzZYlB.jpg,862.json,582,87,False,False
863,Toy Story 2,Toy Story 2,"Andy heads off to Cowboy Camp, leaving his toys to their own devices. Things shift into high gear when an obsessive toy collector named Al McWhiggen, owner of Al's Toy Barn kidnaps Woody. Andy's toys mount a daring rescue mission, Buzz Lightyear meets his match and Woody has to decide where he and his heart truly belong.",The toys are back!,"Title: Toy Story 2

Tagline: The toys are back!

Overview: Andy heads off to Cowboy Camp, leaving his toys to their own devices. Things shift into high gear when an obsessive toy collector named Al McWhiggen, owner of Al's Toy Barn kidnaps Woody. Andy's toys mount a daring rescue mission, Buzz Lightyear meets his match and Woody has to decide where he and his heart truly belong.

Genres: Animation, Comedy, Family

Collection: Toy Story Collection

Production Companies: Pixar

Production Countries: United States of America

Spoken Languages: English",tt0120363,1999-10-30,1999.0,en,['US'],92.0,Released,"['Animation', 'Comedy', 'Family']",['English'],['United States of America'],90000000.0,497375404.0,49.555,7.623,15405,10194.0,Toy Story Collection,"[{'id': 3, 'name': 'Pixar', 'origin_country': 'US'}]",http://toystory.disney.com/toy-story-2,/4rbcp3ng8n1MKHjpeqW0L7Fnpzz.jpg,/nsfVr4QbbunUrHINN9N7JdVAMTf.jpg,863.json,554,87,False,False
864692,Pathaan,पठान,"A soldier caught by enemies and presumed dead comes back to complete his mission, accompanied by old companions and foes.",There is a storm coming. Fasten your seatbelt.,"Title: Pathaan

Original Title: पठान

Tagline: There is a storm coming. Fasten your seatbelt.

Overview: A soldier caught by enemies and presumed dead comes back to complete his mission, accompanied by old companions and foes.

Genres: Action, Adventure, Thriller

Production Companies: Yash Raj Films, Pathaan Productions, Palma Pictures, FPS Productions, NSA Picture, ODU Movies

Production Countries: India, Italy, Spain, Turkey

Spoken Languages: Hindi",tt12844910,2023-01-25,2023.0,hi,['IN'],146.0,Released,"['Action', 'Adventure', 'Thriller']",['Hindi'],"['India', 'Italy', 'Spain', 'Turkey']",30270000.0,127180000.0,5.6021,6.4,276,,,"[{'id': 1569, 'name': 'Yash Raj Films', 'origin_country': 'IN'}, {'id': 206374, 'name': 'Pathaan Productions', 'origin_country': 'IN'}, {'id': 233919, 'name': 'Palma Pictures', 'origin_country': 'ES'}, {'id': 236036, 'name': 'FPS Productions', 'origin_country': 'TR'}, {'id': 145770, 'name': 'NSA Picture', 'origin_country': 'IN'}, {'id': 129205, 'name': 'ODU Movies', 'origin_country': 'IT'}]",https://www.yashrajfilms.com/movies/pathaan,/arf00BkwvXo0CFKbaD9OpqdE4Nu.jpg,/9wRAIQeOv2qzcgpfvA4dYZKeezl.jpg,864692.json,456,63,False,False
870270,My Wife's Sister 3,내 아내의 언니3,A sexual film about a younger sister who lives with her boyfriend before marriage and an older sister who opposes and monitors it.,,"Title: My Wife's Sister 3

Original Title: 내 아내의 언니3

Overview: A sexual film about a younger sister who lives with her boyfriend before marriage and an older sister who opposes and monitors it.

Genres: Drama, Romance

Collection: My Wife's Sister Collection

Spoken Languages: Korean",,2019-08-08,2019.0,ko,['KR'],71.0,Released,"['Drama', 'Romance']",['Korean'],[],,,15.4991,3.5,2,869854.0,My Wife's Sister Collection,[],,/u0xVE715SrPsJThL4xhUJnQQOfC.jpg,,870270.json,285,45,False,False
872585,Oppenheimer,Oppenheimer,The story of J. Robert Oppenheimer's role in the development of the atomic bomb during World War II.,The world forever changes.,"Title: Oppenheimer

Tagline: The world forever changes.

Overview: The story of J. Robert Oppenheimer's role in the development of the atomic bomb during World War II.

Genres: Drama, History

Production Companies: Syncopy, Universal Pictures, Atlas Entertainment, Breakheart Films, Peters Creek Entertainment

Production Countries: United Kingdom, United States of America

Spoken Languages: Dutch, English",tt15398776,2023-07-19,2023.0,en,['US'],181.0,Released,"['Drama', 'History']","['Dutch', 'English']","['United Kingdom', 'United States of America']",100000000.0,952000000.0,48.8917,8.023,12567,,,"[{'id': 9996, 'name': 'Syncopy', 'origin_country': 'GB'}, {'id': 33, 'name': 'Universal Pictures', 'origin_country': 'US'}, {'id': 507, 'name': 'Atlas Entertainment', 'origin_country': 'US'}, {'id': 15123, 'name': 'Breakheart Films', 'origin_country': 'US'}, {'id': 239215, 'name': 'Peters Creek Entertainment', 'origin_country': 'US'}]",https://www.universalpictures.com/movies/oppenheimer,/8Gxv8gSFCU0XGDykEGv7zR1n2ua.jpg,/neeNHeXjMF5fXoCJRsOmkNGC7q.jpg,872585.json,407,53,False,False
872906,Jawan,जवान,"An emotional journey of a prison warden, driven by a personal vendetta while keeping up to a promise made years ago, recruits inmates to commit outrageous crimes that shed light on corruption and injustice, in an attempt to get even with his past,  and that leads him to an unexpected reunion.",,"Title: Jawan

Original Title: जवान

Overview: An emotional journey of a prison warden, driven by a personal vendetta while keeping up to a promise made years ago, recruits inmates to commit outrageous crimes that shed light on corruption and injustice, in an attempt to get even with his past,  and that leads him to an unexpected reunion.

Genres: Action, Thriller

Collection: Jawan Collection

Production Companies: Red Chillies Entertainment

Production Countries: India

Spoken Languages: Hindi",tt15354916,2023-09-07,2023.0,hi,['IN'],169.0,Released,"['Action', 'Thriller']",['Hindi'],['India'],31736340.0,136675088.0,7.2673,7.0,353,964436.0,Jawan Collection,"[{'id': 2343, 'name': 'Red Chillies Entertainment', 'origin_country': 'IN'}]",https://www.redchillies.com/movies/jawan,/jFt1gS4BGHlK8xt76Y81Alp4dbt.jpg,/5LtSjMNw6j3LkG29Oa4O0iY5U8.jpg,872906.json,499,74,False,False
893165,Manoranjan,Manoranjan,"An 18-year-old man visits an apparently conventional household. Therein, layer by layer, the husband and wife’s family stories begin to contradict one another—until things start to get spooky",,"Title: Manoranjan

Overview: An 18-year-old man visits an apparently conventional household. Therein, layer by layer, the husband and wife’s family stories begin to contradict one another—until things start to get spooky

Genres: Drama

Production Companies: Royal Stag Barrel Select Large Short Films

Production Countries: India

Spoken Languages: Hindi",tt34958457,2022-02-03,2022.0,hi,['IN'],24.0,Released,['Drama'],['Hindi'],['India'],,,4.15,5.5,4,,,"[{'id': 113102, 'name': 'Royal Stag Barrel Select Large Short Films', 'origin_country': 'IN'}]",,/iSg4HjbOhyXanD3VygCR9NMMuUq.jpg,,893165.json,355,48,False,True
893723,PAW Patrol: The Mighty Movie,PAW Patrol: The Mighty Movie,"A magical meteor crash lands in Adventure City and gives the PAW Patrol pups superpowers, transforming them into The Mighty Pups.",Unleash your powers.,"Title: PAW Patrol: The Mighty Movie

Tagline: Unleash your powers.

Overview: A magical meteor crash lands in Adventure City and gives the PAW Patrol pups superpowers, transforming them into The Mighty Pups.

Genres: Adventure, Animation, Comedy, Family, Science Fiction

Collection: PAW Patrol (Theatrical) Collection

Production Companies: Nickelodeon Movies, Spin Master, Paramount Pictures

Production Countries: Canada, France, United States of America

Spoken Languages: English",tt15837338,2023-09-21,2023.0,en,"['US', 'CA']",88.0,Released,"['Adventure', 'Animation', 'Comedy', 'Family', 'Science Fiction']",['English'],"['Canada', 'France', 'United States of America']",30000000.0,202231360.0,34.3215,6.9,594,893731.0,PAW Patrol (Theatrical) Collection,"[{'id': 2348, 'name': 'Nickelodeon Movies', 'origin_country': 'US'}, {'id': 71738, 'name': 'Spin Master', 'origin_country': 'CA'}, {'id': 4, 'name': 'Paramount Pictures', 'origin_country': 'US'}]",https://www.pawpatrol.movie,/aTvePCU7exLepwg5hWySjwxojQK.jpg,/zgQQF04u3OgNBJqClRNby1FPz9s.jpg,893723.json,484,63,False,False
895954,母女汽车中心,莫尼卡中心,"Yeon Ja, a working mother, runs a car center after divorce and is raising her daughter all by herself. Her daughter, Ah Jung, started helping her when she became an adult, however, the customers don't trust weak-looking women to touch machines and the business at the car center is slow. Thanks to Ah Jung's punk boyfriend, Sung Hoon, they came up with an idea to turn the car center into a sexy car center.",,"Title: 母女汽车中心

Original Title: 莫尼卡中心

Overview: Yeon Ja, a working mother, runs a car center after divorce and is raising her daughter all by herself. Her daughter, Ah Jung, started helping her when she became an adult, however, the customers don't trust weak-looking women to touch machines and the business at the car center is slow. Thanks to Ah Jung's punk boyfriend, Sung Hoon, they came up with an idea to turn the car center into a sexy car center.

Genres: Romance

Spoken Languages: Korean",,2021-01-01,2021.0,ko,['KR'],87.0,Released,['Romance'],['Korean'],[],,,44.4237,4.0,1,,,[],,/saca8CL9kk22AS5BfMbwSYgMvdp.jpg,,895954.json,498,85,True,False
89644,Captive Women 4,Elsa Fräulein SS,"To improve the morale of the German officers, a train with beautiful girls is arranged to entertain them when on leave.",,"Title: Captive Women 4

Original Title: Elsa Fräulein SS

Overview: To improve the morale of the German officers, a train with beautiful girls is arranged to entertain them when on leave.

Genres: Thriller, Horror, War

Production Companies: Eurociné

Production Countries: France

Spoken Languages: Italian, French, English",tt0074469,1977-09-26,1977.0,fr,['FR'],90.0,Released,"['Thriller', 'Horror', 'War']","['Italian', 'French', 'English']",['France'],,,9.6706,4.9,33,,,"[{'id': 4799, 'name': 'Eurociné', 'origin_country': 'FR'}]",,/kxuezjXa44JnP2LSHdsGT9vAuDp.jpg,/bm6N4qcXV58AhtItbHNtfYQPRGt.jpg,89644.json,324,46,False,False
911430,F1,F1,Racing legend Sonny Hayes is coaxed out of retirement to lead a struggling Formula 1 team—and mentor a young hotshot driver—while chasing one more chance at glory.,Let's ride.,"Title: F1

Tagline: Let's ride.

Overview: Racing legend Sonny Hayes is coaxed out of retirement to lead a struggling Formula 1 team—and mentor a young hotshot driver—while chasing one more chance at glory.

Genres: Action, Drama

Collection: F1 - Colección

Production Companies: Plan B Entertainment, Jerry Bruckheimer Films, Dawn Apollo Films, Apple Studios, Monolith Pictures

Production Countries: United States of America

Spoken Languages: Danish, English, German, Spanish",tt16311594,2025-06-25,2025.0,en,['US'],156.0,Released,"['Action', 'Drama']","['Danish', 'English', 'German', 'Spanish']",['United States of America'],300000000.0,634142436.0,44.3827,7.829,4729,1633433.0,F1 - Colección,"[{'id': 81, 'name': 'Plan B Entertainment', 'origin_country': 'US'}, {'id': 130, 'name': 'Jerry Bruckheimer Films', 'origin_country': 'US'}, {'id': 199632, 'name': 'Dawn Apollo Films', 'origin_country': 'US'}, {'id': 194232, 'name': 'Apple Studios', 'origin_country': 'US'}, {'id': 19647, 'name': 'Monolith Pictures', 'origin_country': 'US'}]",https://www.f1themovie.com,/9PXZIUsSDh4alB80jheWX4fhZmy.jpg,/lkDYN0whyE82mcM20rwtwjbniKF.jpg,911430.json,479,67,False,True
911835,Aunt,숙모,,,"Title: Aunt

Original Title: 숙모

Genres: Romance

Spoken Languages: Korean",tt18690794,2021-07-28,2021.0,ko,['KR'],96.0,Released,['Romance'],['Korean'],[],,,14.6792,5.7,3,,,[],,/zTZqwdxVPs0Qmx4gVejnWWdmudD.jpg,/ogaulvh5g9Z7PxLBybF7qOxuHs9.jpg,911835.json,74,10,False,False
915935,Anatomy of a Fall,Anatomie d'une chute,"A woman is suspected of her husband's murder, and their blind son faces a moral dilemma as the sole witness.",Did she do it?,"Title: Anatomy of a Fall

Original Title: Anatomie d'une chute

Tagline: Did she do it?

Overview: A woman is suspected of her husband's murder, and their blind son faces a moral dilemma as the sole witness.

Genres: Thriller, Mystery, Crime

Production Companies: Les Films de Pierre, Les Films Pelléas, France 2 Cinéma, Auvergne-Rhône-Alpes Cinéma

Production Countries: France

Spoken Languages: English, French",tt17009710,2023-08-23,2023.0,fr,['FR'],151.0,Released,"['Thriller', 'Mystery', 'Crime']","['English', 'French']",['France'],6600000.0,36000000.0,17.8742,7.512,3489,,,"[{'id': 58568, 'name': 'Les Films de Pierre', 'origin_country': 'FR'}, {'id': 12389, 'name': 'Les Films Pelléas', 'origin_country': 'FR'}, {'id': 83, 'name': 'France 2 Cinéma', 'origin_country': 'FR'}, {'id': 109756, 'name': 'Auvergne-Rhône-Alpes Cinéma', 'origin_country': 'FR'}]",https://www.anatomyofafall.film/,/kQs6keheMwCxJxrzV83VUwFtHkB.jpg,/lDVl2jf6VB8ODl1olZ6FLvOV1gX.jpg,915935.json,414,61,False,False
916224,Suzume,すずめの戸締まり,"Suzume, 17, lost her mother as a little girl. On her way to school, she meets a mysterious young man. But her curiosity unleashes a calamity that endangers the entire population of Japan, and so Suzume embarks on a journey to set things right.","On the other side of the door, was time in its entirety.","Title: Suzume

Original Title: すずめの戸締まり

Tagline: On the other side of the door, was time in its entirety.

Overview: Suzume, 17, lost her mother as a little girl. On her way to school, she meets a mysterious young man. But her curiosity unleashes a calamity that endangers the entire population of Japan, and so Suzume embarks on a journey to set things right.

Genres: Animation, Drama, Adventure, Fantasy

Production Companies: CoMix Wave Films, Story, Lawson Entertainment, jeki, voque ting, KADOKAWA, Aniplex, TOHO

Production Countries: Japan

Spoken Languages: Japanese",tt16428256,2022-11-11,2022.0,ja,['JP'],122.0,Released,"['Animation', 'Drama', 'Adventure', 'Fantasy']",['Japanese'],['Japan'],13000000.0,314992206.0,11.9238,7.887,1853,,,"[{'id': 3756, 'name': 'CoMix Wave Films', 'origin_country': 'JP'}, {'id': 128616, 'name': 'Story', 'origin_country': 'JP'}, {'id': 104184, 'name': 'Lawson Entertainment', 'origin_country': 'JP'}, {'id': 8157, 'name': 'jeki', 'origin_country': 'JP'}, {'id': 128617, 'name': 'voque ting', 'origin_country': 'JP'}, {'id': 2073, 'name': 'KADOKAWA', 'origin_country': 'JP'}, {'id': 2883, 'name': 'Aniplex', 'origin_country': 'JP'}, {'id': 882, 'name': 'TOHO', 'origin_country': 'JP'}]",https://www.suzume-movie.com,/yStW1TXF5s7Tbtu9KjIZEaWl6HL.jpg,/4tdV5AeojEdbvn6VpeQrbuDlmzs.jpg,916224.json,576,88,False,False
920,Cars,Cars,"Lightning McQueen, a hotshot rookie race car driven to succeed, discovers that life is about the journey, not the finish line, when he finds himself unexpectedly detoured in the sleepy Route 66 town of Radiator Springs. On route across the country to the big Piston Cup Championship in California to compete against two seasoned pros, McQueen gets to know the town's offbeat characters.",Ahhh... it's got that new movie smell.,"Title: Cars

Tagline: Ahhh... it's got that new movie smell.

Overview: Lightning McQueen, a hotshot rookie race car driven to succeed, discovers that life is about the journey, not the finish line, when he finds himself unexpectedly detoured in the sleepy Route 66 town of Radiator Springs. On route across the country to the big Piston Cup Championship in California to compete against two seasoned pros, McQueen gets to know the town's offbeat characters.

Genres: Animation, Adventure, Comedy, Family

Collection: Cars Collection

Production Companies: Pixar, Walt Disney Pictures

Production Countries: United States of America

Spoken Languages: English, Italian, Japanese, Yiddish",tt0317219,2006-06-08,2006.0,en,['US'],117.0,Released,"['Animation', 'Adventure', 'Comedy', 'Family']","['English', 'Italian', 'Japanese', 'Yiddish']",['United States of America'],120000000.0,461983149.0,31.8145,7.056,15568,87118.0,Cars Collection,"[{'id': 3, 'name': 'Pixar', 'origin_country': 'US'}, {'id': 2, 'name': 'Walt Disney Pictures', 'origin_country': 'US'}]",http://disney.go.com/disneyvideos/animatedfilms/cars/,/2Touk3m5gzsqr1VsvxypdyHY5ci.jpg,/sOLgkBKf1gjMRc4yXxM5aciXdfr.jpg,920.json,687,100,False,False
9323,Ghost in the Shell,GHOST IN THE SHELL / 攻殻機動隊,"In the year 2029, the barriers of our world have been broken down by the net and by cybernetics, but this brings new vulnerability to humans in the form of brain-hacking. When a highly-wanted hacker known as 'The Puppetmaster' begins involving them in politics, Section 9, a group of cybernetically enhanced cops, are called in to investigate and stop the Puppetmaster.",It found a voice... now it needs a body.,"Title: Ghost in the Shell

Original Title: GHOST IN THE SHELL / 攻殻機動隊

Tagline: It found a voice... now it needs a body.

Overview: In the year 2029, the barriers of our world have been broken down by the net and by cybernetics, but this brings new vulnerability to humans in the form of brain-hacking. When a highly-wanted hacker known as 'The Puppetmaster' begins involving them in politics, Section 9, a group of cybernetically enhanced cops, are called in to investigate and stop the Puppetmaster.

Genres: Action, Animation, Science Fiction

Collection: Ghost in the Shell Collection

Production Companies: Bandai Visual, Production I.G, Kodansha, Manga Entertainment

Production Countries: Japan, United Kingdom

Spoken Languages: Japanese",tt0113568,1995-11-18,1995.0,ja,['JP'],83.0,Released,"['Action', 'Animation', 'Science Fiction']",['Japanese'],"['Japan', 'United Kingdom']",3000000.0,10000000.0,22.0658,7.9,4069,23026.0,Ghost in the Shell Collection,"[{'id': 528, 'name': 'Bandai Visual', 'origin_country': 'JP'}, {'id': 529, 'name': 'Production I.G', 'origin_country': 'JP'}, {'id': 59118, 'name': 'Kodansha', 'origin_country': 'JP'}, {'id': 3706, 'name': 'Manga Entertainment', 'origin_country': 'GB'}]",https://www.lionsgate.com/movies/ghost-in-the-shell,/9gC88zYUBARRSThcG93MvW14sqx.jpg,/jIpagj2Dud9g3ZVJFvaWikEWsYz.jpg,9323.json,745,113,False,False
933260,The Substance,The Substance,"A fading celebrity decides to use a black market drug, a cell-replicating substance that temporarily creates a younger, better version of herself.",Have you ever dreamt of a better version of yourself?,"Title: The Substance

Tagline: Have you ever dreamt of a better version of yourself?

Overview: A fading celebrity decides to use a black market drug, a cell-replicating substance that temporarily creates a younger, better version of herself.

Genres: Horror, Science Fiction

Production Companies: Working Title, Blacksmith, Working Title Films

Production Countries: France, United Kingdom, United States of America

Spoken Languages: English",tt17526714,2024-09-07,2024.0,en,"['GB', 'US']",141.0,Released,"['Horror', 'Science Fiction']",['English'],"['France', 'United Kingdom', 'United States of America']",17500000.0,77316812.0,36.9518,7.135,6511,,,"[{'id': 10163, 'name': 'Working Title', 'origin_country': 'GB'}, {'id': 233939, 'name': 'Blacksmith', 'origin_country': 'FR'}, {'id': 221513, 'name': 'Working Title Films', 'origin_country': 'US'}]",https://mubi.com/en/thesubstance,/lqoMzCcZYEFK729d6qzt349fB4o.jpg,/bVSOgrxasVJF6V71T7v2KfBRSzu.jpg,933260.json,444,61,False,False
936075,Michael,Michael,"The story of Michael Jackson, one of the most influential artists the world has ever known, and his life beyond the music. His journey from the discovery of his extraordinary talent as the lead of the Jackson Five, to the visionary artist whose creative ambition fueled a relentless pursuit to become the biggest entertainer in the world, highlighting both his life off-stage and some of the most iconic performances from his early solo career.",Discover the making of a king.,"Title: Michael

Tagline: Discover the making of a king.

Overview: The story of Michael Jackson, one of the most influential artists the world has ever known, and his life beyond the music. His journey from the discovery of his extraordinary talent as the lead of the Jackson Five, to the visionary artist whose creative ambition fueled a relentless pursuit to become the biggest entertainer in the world, highlighting both his life off-stage and some of the most iconic performances from his early solo career.

Genres: Music, Drama

Collection: Michael Collection

Production Companies: Lionsgate, GK Films, Optimum Productions

Production Countries: United States of America

Spoken Languages: English",tt11378946,2026-04-22,2026.0,en,['US'],128.0,Released,"['Music', 'Drama']",['English'],['United States of America'],250000000.0,1042616139.0,54.3362,8.627,4425,1687197.0,Michael Collection,"[{'id': 1632, 'name': 'Lionsgate', 'origin_country': 'US'}, {'id': 3281, 'name': 'GK Films', 'origin_country': 'US'}, {'id': 19222, 'name': 'Optimum Productions', 'origin_country': 'US'}]",https://michael.movie,/dueFqKLvjftnELZaGYwY7xinfaI.jpg,/ufSwlnECLoUbBjPrFqEQcWBzHwc.jpg,936075.json,704,106,False,False
939243,Sonic the Hedgehog 3,Sonic the Hedgehog 3,"Sonic, Knuckles, and Tails reunite against a powerful new adversary, Shadow, a mysterious villain with powers unlike anything they have faced before. With their abilities outmatched in every way, Team Sonic must seek out an unlikely alliance in hopes of stopping Shadow and protecting the planet.",New adventure. New rival.,"Title: Sonic the Hedgehog 3

Tagline: New adventure. New rival.

Overview: Sonic, Knuckles, and Tails reunite against a powerful new adversary, Shadow, a mysterious villain with powers unlike anything they have faced before. With their abilities outmatched in every way, Team Sonic must seek out an unlikely alliance in hopes of stopping Shadow and protecting the planet.

Genres: Action, Science Fiction, Comedy, Family

Collection: Sonic the Hedgehog Collection

Production Companies: Paramount Pictures, Original Film, Marza Animation Planet, SEGA, Blur Studio, SEGA of America

Production Countries: United States of America, Japan

Spoken Languages: English, French, Japanese, Spanish",tt18259086,2024-12-19,2024.0,en,['US'],110.0,Released,"['Action', 'Science Fiction', 'Comedy', 'Family']","['English', 'French', 'Japanese', 'Spanish']","['United States of America', 'Japan']",122000000.0,492162604.0,37.0057,7.599,3474,720879.0,Sonic the Hedgehog Collection,"[{'id': 4, 'name': 'Paramount Pictures', 'origin_country': 'US'}, {'id': 333, 'name': 'Original Film', 'origin_country': 'US'}, {'id': 77884, 'name': 'Marza Animation Planet', 'origin_country': 'JP'}, {'id': 113750, 'name': 'SEGA', 'origin_country': 'JP'}, {'id': 10644, 'name': 'Blur Studio', 'origin_country': 'US'}, {'id': 168701, 'name': 'SEGA of America', 'origin_country': 'US'}]",https://www.sonicthehedgehogmovie.com,/d8Ryb8AunYAuycVKDp5HpdWPKgC.jpg,/zOpe0eHsq0A2NvNyBbtT6sj53qV.jpg,939243.json,689,96,False,False
940721,Godzilla Minus One,ゴジラ-1.0,"In postwar Japan, Godzilla brings new devastation to an already scorched landscape. With no military intervention or government help in sight, the survivors must join together in the face of despair and fight back against an unrelenting horror.",Live and Fight. Survive and Resist.,"Title: Godzilla Minus One

Original Title: ゴジラ-1.0

Tagline: Live and Fight. Survive and Resist.

Overview: In postwar Japan, Godzilla brings new devastation to an already scorched landscape. With no military intervention or government help in sight, the survivors must join together in the face of despair and fight back against an unrelenting horror.

Genres: Science Fiction, Horror, Action

Collection: Godzilla Minus Collection

Production Companies: TOHO, TOHO Studios, Robot Communications

Production Countries: Japan

Spoken Languages: English, Japanese",tt23289160,2023-11-03,2023.0,ja,['JP'],125.0,Released,"['Science Fiction', 'Horror', 'Action']","['English', 'Japanese']",['Japan'],15000000.0,113676322.0,18.8743,7.6,3450,1474814.0,Godzilla Minus Collection,"[{'id': 882, 'name': 'TOHO', 'origin_country': 'JP'}, {'id': 182161, 'name': 'TOHO Studios', 'origin_country': 'JP'}, {'id': 12386, 'name': 'Robot Communications', 'origin_country': 'JP'}]",https://godzillafilm.co.uk,/2E2WTX0TJEflAged6kzErwqX1kt.jpg,/oHBhHoNe59VH6bUMazDtJmWOFSS.jpg,940721.json,562,76,False,False
9426,The Fly,The Fly,"When brilliant, eccentric scientist Seth Brundle makes a huge technological breakthrough in teleportation, he decides to test it on himself. Unbeknownst to him, a common housefly manages to get inside the device and the two become one.",Be afraid. Be very afraid.,"Title: The Fly

Tagline: Be afraid. Be very afraid.

Overview: When brilliant, eccentric scientist Seth Brundle makes a huge technological breakthrough in teleportation, he decides to test it on himself. Unbeknownst to him, a common housefly manages to get inside the device and the two become one.

Genres: Horror, Science Fiction

Collection: The Fly (1986) Collection

Production Companies: SLM Production Group, Brooksfilms

Production Countries: United States of America

Spoken Languages: English",tt0091064,1986-08-15,1986.0,en,['US'],96.0,Released,"['Horror', 'Science Fiction']",['English'],['United States of America'],15000000.0,60629159.0,32.0332,7.4,5162,109609.0,The Fly (1986) Collection,"[{'id': 396, 'name': 'SLM Production Group', 'origin_country': 'US'}, {'id': 5612, 'name': 'Brooksfilms', 'origin_country': 'US'}]",,/8gZWMhJHRvaXdXsNhERtqNHYpH3.jpg,/g1FzhbtWYKk9WMJYi1X26kf2Q4Q.jpg,9426.json,502,71,False,False
944401,Dogman,Dogman,"A boy, bruised by life, finds his salvation through the love of his dogs.","Wherever there is an unfortunate, God sends a dog.","Title: Dogman

Tagline: Wherever there is an unfortunate, God sends a dog.

Overview: A boy, bruised by life, finds his salvation through the love of his dogs.

Genres: Action, Drama, Crime

Production Companies: EuropaCorp, LBP, TF1 Films Production, Mediamax Films, Kinology

Production Countries: France, United States of America

Spoken Languages: English, French",tt17009348,2023-09-27,2023.0,fr,['FR'],115.0,Released,"['Action', 'Drama', 'Crime']","['English', 'French']","['France', 'United States of America']",21000000.0,4082217.0,8.6357,7.8,1463,,,"[{'id': 6896, 'name': 'EuropaCorp', 'origin_country': 'FR'}, {'id': 170748, 'name': 'LBP', 'origin_country': 'FR'}, {'id': 356, 'name': 'TF1 Films Production', 'origin_country': 'FR'}, {'id': 234196, 'name': 'Mediamax Films', 'origin_country': 'US'}, {'id': 18626, 'name': 'Kinology', 'origin_country': 'FR'}]",https://europacorp.com/en/productions/dogman,/5RuUD7J4vO0El7TRL9guZIik0I0.jpg,/nvW0QfRJ7ga9TK8DKwBfAPA8ywP.jpg,944401.json,367,52,False,False
945961,Alien: Romulus,Alien: Romulus,"While scavenging the deep ends of a derelict space station, a group of young space colonizers come face to face with the most terrifying life form in the universe.","In space, no one can hear you.","Title: Alien: Romulus

Tagline: In space, no one can hear you.

Overview: While scavenging the deep ends of a derelict space station, a group of young space colonizers come face to face with the most terrifying life form in the universe.

Genres: Horror, Science Fiction

Collection: Alien: Romulus Collection

Production Companies: 20th Century Studios, Scott Free Productions, Brandywine Productions, TSG Entertainment

Production Countries: United States of America

Spoken Languages: Danish, English, Dutch",tt18412256,2024-08-13,2024.0,en,['US'],119.0,Released,"['Horror', 'Science Fiction']","['Danish', 'English', 'Dutch']",['United States of America'],80000000.0,350865342.0,27.2407,7.159,4921,1434946.0,Alien: Romulus Collection,"[{'id': 127928, 'name': '20th Century Studios', 'origin_country': 'US'}, {'id': 221347, 'name': 'Scott Free Productions', 'origin_country': 'US'}, {'id': 401, 'name': 'Brandywine Productions', 'origin_country': 'US'}, {'id': 22213, 'name': 'TSG Entertainment', 'origin_country': 'US'}]",https://www.20thcenturystudios.com/movies/alien-romulus,/2uSWRTtCG336nuBiG8jOTEUKSy8.jpg,/iYqSQaWDttQIQzsxg9xHyg0bttG.jpg,945961.json,510,72,False,False
948,Halloween,Halloween,"Fifteen years after murdering his sister on Halloween Night 1963, Michael Myers escapes from a mental hospital and returns to the small town of Haddonfield, Illinois to kill again.",The night he came home!,"Title: Halloween

Tagline: The night he came home!

Overview: Fifteen years after murdering his sister on Halloween Night 1963, Michael Myers escapes from a mental hospital and returns to the small town of Haddonfield, Illinois to kill again.

Genres: Horror, Thriller

Collection: Halloween Collection

Production Companies: Compass International Pictures, Falcon International Productions, Miracle Films

Production Countries: United States of America

Spoken Languages: English",tt0077651,1978-10-24,1978.0,en,['US'],91.0,Released,"['Horror', 'Thriller']",['English'],['United States of America'],325000.0,70260597.0,35.7785,7.558,6382,91361.0,Halloween Collection,"[{'id': 14323, 'name': 'Compass International Pictures', 'origin_country': 'US'}, {'id': 22814, 'name': 'Falcon International Productions', 'origin_country': 'US'}, {'id': 232294, 'name': 'Miracle Films', 'origin_country': 'GB'}]",http://www.theofficialjohncarpenter.com/halloween/,/wijlZ3HaYMvlDTPqJoTCWKFkCPU.jpg,/sHI9xlFRWCJ38AIIfOqnGjuEvXz.jpg,948.json,480,63,False,False
950028,The Invite,The Invite,"Joe and Angela's marriage is on thin ice. When they invite their enigmatic upstairs neighbors for a dinner party, the night spirals into unexpected places. Have they reignited the spark or lit the match that burns it all down?",It'll be fun.,"Title: The Invite

Tagline: It'll be fun.

Overview: Joe and Angela's marriage is on thin ice. When they invite their enigmatic upstairs neighbors for a dinner party, the night spirals into unexpected places. Have they reignited the spark or lit the match that burns it all down?

Genres: Comedy, Drama, Romance

Production Companies: Annapurna Pictures, FilmNation Entertainment, Permut Presentations

Production Countries: United States of America

Spoken Languages: English, Spanish, French",tt14173636,2026-06-25,2026.0,en,['US'],107.0,Released,"['Comedy', 'Drama', 'Romance']","['English', 'Spanish', 'French']",['United States of America'],12000000.0,55505476.0,43.4033,7.239,663,,,"[{'id': 13184, 'name': 'Annapurna Pictures', 'origin_country': 'US'}, {'id': 7493, 'name': 'FilmNation Entertainment', 'origin_country': 'US'}, {'id': 455, 'name': 'Permut Presentations', 'origin_country': 'US'}]",https://a24films.com/films/the-invite,/b7Dr8Chzse8VagexAporUu2RtLx.jpg,/lEwqBGNR65KZv6Ej5ufcmhZu2y2.jpg,950028.json,493,70,False,False
950387,A Minecraft Movie,A Minecraft Movie,"Four misfits find themselves struggling with ordinary problems when they are suddenly pulled through a mysterious portal into the Overworld: a bizarre, cubic wonderland that thrives on imagination. To get back home, they'll have to master this world while embarking on a magical quest with an unexpected, expert crafter, Steve.",Be there and be square.,"Title: A Minecraft Movie

Tagline: Be there and be square.

Overview: Four misfits find themselves struggling with ordinary problems when they are suddenly pulled through a mysterious portal into the Overworld: a bizarre, cubic wonderland that thrives on imagination. To get back home, they'll have to master this world while embarking on a magical quest with an unexpected, expert crafter, Steve.

Genres: Family, Fantasy, Comedy, Adventure

Collection: Minecraft Movie Collection

Production Companies: Warner Bros. Pictures, Legendary Pictures, Mojang Studios, Vertigo Entertainment, On the Roam, Domain Entertainment

Production Countries: Sweden, United States of America

Spoken Languages: English",tt3566834,2025-03-31,2025.0,en,['US'],101.0,Released,"['Family', 'Fantasy', 'Comedy', 'Adventure']",['English'],"['Sweden', 'United States of America']",150000000.0,960387780.0,35.6037,6.218,3310,1461530.0,Minecraft Movie Collection,"[{'id': 174, 'name': 'Warner Bros. Pictures', 'origin_country': 'US'}, {'id': 923, 'name': 'Legendary Pictures', 'origin_country': 'US'}, {'id': 110691, 'name': 'Mojang Studios', 'origin_country': 'SE'}, {'id': 829, 'name': 'Vertigo Entertainment', 'origin_country': 'US'}, {'id': 159602, 'name': 'On the Roam', 'origin_country': 'US'}, {'id': 216687, 'name': 'Domain Entertainment', 'origin_country': 'US'}]",https://www.minecraft-movie.com,/yFHHfHcUgGAxziP1C3lLt0q2T4s.jpg,/2Nti3gYAX513wvhp8IiLL6ZDyOm.jpg,950387.json,703,96,False,False
952079,Invited Delivery Man 2,초대받은 배달부 2,An erotic love film depicting a couple with sexual problems due to the muscular delivery man's erectile dysfunction and a female urologist.,,"Title: Invited Delivery Man 2

Original Title: 초대받은 배달부 2

Overview: An erotic love film depicting a couple with sexual problems due to the muscular delivery man's erectile dysfunction and a female urologist.

Genres: Romance

Collection: Invited Delivery Man Collection

Spoken Languages: Korean",,2022-03-11,2022.0,ko,['KR'],83.0,Released,['Romance'],['Korean'],[],,,14.5529,7.0,1,1018138.0,Invited Delivery Man Collection,[],,/41Q9zWeeZXJguvrSmZGDgci1cbB.jpg,/8umn1Rmptegqz9cUIoMzQm6smdt.jpg,952079.json,296,43,False,False
9539,Martyrs,Martyrs,"A young woman’s quest for revenge against the people who kidnapped and tortured her as a child leads her and her best friend, also a victim of child abuse, on a terrifying journey into a living hell of depravity.",They haven't finished being alive.,"Title: Martyrs

Tagline: They haven't finished being alive.

Overview: A young woman’s quest for revenge against the people who kidnapped and tortured her as a child leads her and her best friend, also a victim of child abuse, on a terrifying journey into a living hell of depravity.

Genres: Horror, Drama, Thriller

Production Companies: Wild Bunch, TCB Films, Eskwad

Production Countries: France, Canada

Spoken Languages: French, English",tt1029234,2008-06-12,2008.0,fr,['CA'],99.0,Released,"['Horror', 'Drama', 'Thriller']","['French', 'English']","['France', 'Canada']",6500000.0,1100000.0,9.5966,7.3,3137,,,"[{'id': 856, 'name': 'Wild Bunch', 'origin_country': 'FR'}, {'id': 2578, 'name': 'TCB Films', 'origin_country': 'CA'}, {'id': 616, 'name': 'Eskwad', 'origin_country': 'FR'}]",,/sT5ITTlTcnPOeFzHEu5j0hTZUvD.jpg,/fO1hwjlUqDe1ixO7eMfxTby62Ut.jpg,9539.json,442,67,False,True
955555,The Roundup: No Way Out,범죄도시 3,"Detective Ma Seok-do changes his affiliation from the Geumcheon Police Station to the Metropolitan Investigation Team, in order to eradicate Japanese gangsters who enter Korea to commit heinous crimes.",Wipe out all the bastards!,"Title: The Roundup: No Way Out

Original Title: 범죄도시 3

Tagline: Wipe out all the bastards!

Overview: Detective Ma Seok-do changes his affiliation from the Geumcheon Police Station to the Metropolitan Investigation Team, in order to eradicate Japanese gangsters who enter Korea to commit heinous crimes.

Genres: Action, Crime, Thriller

Collection: The Roundup Collection

Production Companies: Big Punch Pictures, Hong Film, BA Entertainment

Production Countries: South Korea

Spoken Languages: Mandarin, Japanese, Korean",tt21364552,2023-05-31,2023.0,ko,['KR'],105.0,Released,"['Action', 'Crime', 'Thriller']","['Mandarin', 'Japanese', 'Korean']",['South Korea'],,83410298.0,8.7584,7.2,574,619802.0,The Roundup Collection,"[{'id': 129217, 'name': 'Big Punch Pictures', 'origin_country': 'KR'}, {'id': 96989, 'name': 'Hong Film', 'origin_country': 'KR'}, {'id': 84678, 'name': 'BA Entertainment', 'origin_country': 'KR'}]",,/n7qqzqhxBn4eiJLb0cVQjSnXjGy.jpg,/5DKVH8KeqFwPacWFMyYqTaECxJP.jpg,955555.json,525,72,False,False
969681,Spider-Man: Brand New Day,Spider-Man: Brand New Day,Fighting crime full-time as Spider-Man in a world that doesn't remember him—and the pressure of seeing his old friends move on without him—sparks a change in Peter Parker he may not have the power to control. But that transformation might also be the only thing that can stop a shocking new threat to the city and those he loves - a powerful villain no one can even see.,A brand new day starts now.,"Title: Spider-Man: Brand New Day

Tagline: A brand new day starts now.

Overview: Fighting crime full-time as Spider-Man in a world that doesn't remember him—and the pressure of seeing his old friends move on without him—sparks a change in Peter Parker he may not have the power to control. But that transformation might also be the only thing that can stop a shocking new threat to the city and those he loves - a powerful villain no one can even see.

Genres: Science Fiction, Action, Adventure

Collection: Spider-Man (MCU) Collection

Production Companies: Marvel Studios, Columbia Pictures, Pascal Pictures, TSG Entertainment

Production Countries: United States of America

Spoken Languages: English",tt22084616,2026-07-29,2026.0,en,['US'],145.0,Released,"['Science Fiction', 'Action', 'Adventure']",['English'],['United States of America'],225000000.0,2495683000.0,687.7014,7.865,2923,531241.0,Spider-Man (MCU) Collection,"[{'id': 420, 'name': 'Marvel Studios', 'origin_country': 'US'}, {'id': 5, 'name': 'Columbia Pictures', 'origin_country': 'US'}, {'id': 84041, 'name': 'Pascal Pictures', 'origin_country': 'US'}, {'id': 22213, 'name': 'TSG Entertainment', 'origin_country': 'US'}]",https://spidermanbrandnewday.movie,/bjiS5ipwxb9JFy3XRRN4OAilSeX.jpg,/qeQJx07rK2xm8SD2sJxFKhE7gs0.jpg,969681.json,705,109,False,True
974950,Emilia Pérez,Emilia Pérez,"Rita, an underrated lawyer working for a large law firm more interested in getting criminals out of jail than bringing them to justice, is hired by the leader of a criminal organization.",Passion has a new name.,"Title: Emilia Pérez

Tagline: Passion has a new name.

Overview: Rita, an underrated lawyer working for a large law firm more interested in getting criminals out of jail than bringing them to justice, is hired by the leader of a criminal organization.

Genres: Drama, Thriller

Production Companies: Why Not Productions, Pathé, France 2 Cinéma, Page 114, Saint Laurent Productions, Saint Laurent, Library Pictures International, Logical Content Ventures, Les Films du Fleuve, The Veterans, Vixens, Casa Kafka Pictures, Pimienta Films

Production Countries: Belgium, France, United States of America, Mexico

Spoken Languages: Spanish, French, English",tt20221436,2024-08-21,2024.0,fr,['FR'],132.0,Released,"['Drama', 'Thriller']","['Spanish', 'French', 'English']","['Belgium', 'France', 'United States of America', 'Mexico']",26000000.0,16317120.0,14.0392,6.404,2047,,,"[{'id': 729, 'name': 'Why Not Productions', 'origin_country': 'FR'}, {'id': 7981, 'name': 'Pathé', 'origin_country': 'FR'}, {'id': 83, 'name': 'France 2 Cinéma', 'origin_country': 'FR'}, {'id': 11779, 'name': 'Page 114', 'origin_country': 'FR'}, {'id': 237344, 'name': 'Saint Laurent Productions', 'origin_country': 'FR'}, {'id': 139680, 'name': 'Saint Laurent', 'origin_country': 'FR'}, {'id': 171148, 'name': 'Library Pictures International', 'origin_country': 'US'}, {'id': 209127, 'name': 'Logical Content Ventures', 'origin_country': 'FR'}, {'id': 1926, 'name': 'Les Films du Fleuve', 'origin_country': 'BE'}, {'id': 200642, 'name': 'The Veterans', 'origin_country': 'US'}, {'id': 80698, 'name': 'Vixens', 'origin_country': 'FR'}, {'id': 11924, 'name': 'Casa Kafka Pictures', 'origin_country': 'BE'}, {'id': 79192, 'name': 'Pimienta Films', 'origin_country': 'MX'}]",https://www.netflix.com/title/81901696,/7seqaCaaXDNUHOx4DqwpoOH8pPa.jpg,/u2eA9pqi1q3DvevT7RuDuJHxxBT.jpg,974950.json,650,93,True,False
976893,Perfect Days,PERFECT DAYS,"Hirayama is content with his life as a toilet cleaner in Tokyo. Outside of his structured routine, he cherishes music on cassette tapes, books, and taking photos of trees. Through unexpected encounters, he reflects on finding beauty in the world.","In a world of fleeting moments, find the beauty that lasts.","Title: Perfect Days

Original Title: PERFECT DAYS

Tagline: In a world of fleeting moments, find the beauty that lasts.

Overview: Hirayama is content with his life as a toilet cleaner in Tokyo. Outside of his structured routine, he cherishes music on cassette tapes, books, and taking photos of trees. Through unexpected encounters, he reflects on finding beauty in the world.

Genres: Drama

Production Companies: Master Mind, Wenders Images

Production Countries: Germany, Japan

Spoken Languages: English, Japanese",tt27503384,2023-11-10,2023.0,ja,['JP'],124.0,Released,['Drama'],"['English', 'Japanese']","['Germany', 'Japan']",14000000.0,24094016.0,34.9979,7.822,2078,,,"[{'id': 197904, 'name': 'Master Mind', 'origin_country': 'JP'}, {'id': 197905, 'name': 'Wenders Images', 'origin_country': 'DE'}]",https://neonrated.com/films/perfect-days,/tvUHVSTJV9ITON3oyHaWp7oaAc8.jpg,/hjWxngV6tidwDkfJDEgMjHD2KEz.jpg,976893.json,518,76,False,False
977942,The Uprising,The Uprising,"As war and plague devastate 14th-century England, a humble peasant ignites a rebellion, uniting an army of commoners to defy the King’s might in a desperate fight for justice and survival.",Rise or die.,"Title: The Uprising

Tagline: Rise or die.

Overview: As war and plague devastate 14th-century England, a humble peasant ignites a rebellion, uniting an army of commoners to defy the King’s might in a desperate fight for justice and survival.

Genres: Action, History, Drama

Production Companies: Blumhouse Productions, Supernix, Thank You Pictures, Atomic Monster, Electric Shadow Company, FilmNation Entertainment

Production Countries: Germany, United Kingdom, United States of America

Spoken Languages: English",tt36983905,2026-09-10,2026.0,en,"['DE', 'US']",128.0,Released,"['Action', 'History', 'Drama']",['English'],"['Germany', 'United Kingdom', 'United States of America']",20000000.0,7763314.0,31.6943,7.2,18,,,"[{'id': 3172, 'name': 'Blumhouse Productions', 'origin_country': 'US'}, {'id': 239077, 'name': 'Supernix', 'origin_country': 'DE'}, {'id': 227877, 'name': 'Thank You Pictures', 'origin_country': 'US'}, {'id': 76907, 'name': 'Atomic Monster', 'origin_country': 'US'}, {'id': 67260, 'name': 'Electric Shadow Company', 'origin_country': 'GB'}, {'id': 7493, 'name': 'FilmNation Entertainment', 'origin_country': 'US'}]",https://www.focusfeatures.com/the-uprising,/jme7VvETwHdPQt90HPs0aL6KMln.jpg,/4YyuSadBoc5k6krj0REcYH15DXG.jpg,977942.json,516,70,False,True
979,Irreversible,Irréversible,A woman’s lover and her ex-boyfriend take justice into their own hands after she becomes the victim of a rapist. Because some acts can’t be undone. Because man is an animal. Because the desire for vengeance is a natural impulse. Because most crimes remain unpunished.,Time destroys everything.,"Title: Irreversible

Original Title: Irréversible

Tagline: Time destroys everything.

Overview: A woman’s lover and her ex-boyfriend take justice into their own hands after she becomes the victim of a rapist. Because some acts can’t be undone. Because man is an animal. Because the desire for vengeance is a natural impulse. Because most crimes remain unpunished.

Genres: Drama, Thriller, Crime

Production Companies: Wild Bunch, Eskwad, StudioCanal, Les Cinémas de la Zone, Nord-Ouest Productions, 120 Films, Canal+

Production Countries: France

Spoken Languages: English, French, Italian, Spanish",tt0290673,2002-05-22,2002.0,fr,['FR'],97.0,Released,"['Drama', 'Thriller', 'Crime']","['English', 'French', 'Italian', 'Spanish']",['France'],3500000.0,6500000.0,11.1809,7.2,3441,,,"[{'id': 856, 'name': 'Wild Bunch', 'origin_country': 'FR'}, {'id': 616, 'name': 'Eskwad', 'origin_country': 'FR'}, {'id': 694, 'name': 'StudioCanal', 'origin_country': 'FR'}, {'id': 1157, 'name': 'Les Cinémas de la Zone', 'origin_country': 'FR'}, {'id': 4176, 'name': 'Nord-Ouest Productions', 'origin_country': 'FR'}, {'id': 19233, 'name': '120 Films', 'origin_country': 'FR'}, {'id': 104, 'name': 'Canal+', 'origin_country': 'FR'}]",,/rxeDxo8FvZpLu6iplNpxdtAVnfu.jpg,/xV1EfNSEg6id6juJPr1vM6p9x5X.jpg,979.json,601,84,False,True
98,Gladiator,Gladiator,"After the death of Emperor Marcus Aurelius, his devious son takes power and demotes Maximus, one of Rome's most capable generals who Marcus preferred. Eventually, Maximus is forced to become a gladiator and battle to the death against other men for the amusement of paying audiences.",What we do in life echoes in eternity.,"Title: Gladiator

Tagline: What we do in life echoes in eternity.

Overview: After the death of Emperor Marcus Aurelius, his devious son takes power and demotes Maximus, one of Rome's most capable generals who Marcus preferred. Eventually, Maximus is forced to become a gladiator and battle to the death against other men for the amusement of paying audiences.

Genres: Action, Drama, Adventure

Collection: Gladiator Collection

Production Companies: Universal Pictures, Scott Free Productions, Red Wagon Entertainment, Mill Film, DreamWorks Pictures

Production Countries: United Kingdom, United States of America

Spoken Languages: English",tt0172495,2000-05-04,2000.0,en,['US'],155.0,Released,"['Action', 'Drama', 'Adventure']",['English'],"['United Kingdom', 'United States of America']",103000000.0,465516248.0,38.4649,8.23,21558,1069584.0,Gladiator Collection,"[{'id': 33, 'name': 'Universal Pictures', 'origin_country': 'US'}, {'id': 1645, 'name': 'Scott Free Productions', 'origin_country': 'GB'}, {'id': 14440, 'name': 'Red Wagon Entertainment', 'origin_country': 'US'}, {'id': 21904, 'name': 'Mill Film', 'origin_country': 'GB'}, {'id': 7, 'name': 'DreamWorks Pictures', 'origin_country': 'US'}]",,/wN2xWp1eIwCKOD0BHTcErTBv1Uq.jpg,/Ar7QuJ7sJEiC0oP3I8fKBKIQD9u.jpg,98.json,642,90,False,False
980431,Avatar Aang: The Last Airbender,Avatar Aang: The Last Airbender,"Avatar Aang, the world's last Airbender, learns of an ancient power that could save his culture from extinction. With the help of his friends, he embarks on a global quest to find it before it falls into the wrong hands and threatens to upend the peace they sacrificed everything to achieve.",The legacy reawakens.,"Title: Avatar Aang: The Last Airbender

Tagline: The legacy reawakens.

Overview: Avatar Aang, the world's last Airbender, learns of an ancient power that could save his culture from extinction. With the help of his friends, he embarks on a global quest to find it before it falls into the wrong hands and threatens to upend the peace they sacrificed everything to achieve.

Genres: Animation, Adventure, Fantasy, Action

Collection: Avatar Aang: The Last Airbender Collection

Production Companies: Nickelodeon Movies, Paramount Pictures, Flying Bark Productions, Studio Mir, Avatar Studios

Production Countries: United States of America, South Korea, Australia

Spoken Languages: English",tt18259538,2026-07-24,2026.0,en,['US'],99.0,Released,"['Animation', 'Adventure', 'Fantasy', 'Action']",['English'],"['United States of America', 'South Korea', 'Australia']",,,75.6223,9.15,1185,1136366.0,Avatar Aang: The Last Airbender Collection,"[{'id': 2348, 'name': 'Nickelodeon Movies', 'origin_country': 'US'}, {'id': 4, 'name': 'Paramount Pictures', 'origin_country': 'US'}, {'id': 20187, 'name': 'Flying Bark Productions', 'origin_country': 'AU'}, {'id': 58209, 'name': 'Studio Mir', 'origin_country': 'KR'}, {'id': 149943, 'name': 'Avatar Studios', 'origin_country': 'US'}]",https://www.paramountplus.com/movies/video/ALVE01KRF3YJMCEJB92T78193MJ4HP,/3sgnSfNT27Bx5O5ukr7B26mhEQq.jpg,/ezbrL1dMymKQZw7mDEWa2ZTzN7d.jpg,980431.json,690,99,False,False
980477,Ne Zha 2,哪吒之魔童闹海,"After a catastrophic event leaves their bodies destroyed, Ne Zha and Ao Bing are granted a fragile second chance at life. As tensions rise between the dragon clans and celestial forces, the two must undergo a series of perilous trials that will test their bond, challenge their identities, and decide the fate of both mortals and immortals.",Witness a hero reborn.,"Title: Ne Zha 2

Original Title: 哪吒之魔童闹海

Tagline: Witness a hero reborn.

Overview: After a catastrophic event leaves their bodies destroyed, Ne Zha and Ao Bing are granted a fragile second chance at life. As tensions rise between the dragon clans and celestial forces, the two must undergo a series of perilous trials that will test their bond, challenge their identities, and decide the fate of both mortals and immortals.

Genres: Animation, Action, Fantasy, Adventure

Collection: Ne Zha Collection

Production Companies: Chengdu Coco Cartoon, Beijing Enlight Pictures, Beijing Enlight Media, Chengdu Zizai Jingjie Culture Media, Beijing Coloroom Technology

Production Countries: China

Spoken Languages: Mandarin",tt34956443,2025-01-29,2025.0,zh,['CN'],144.0,Released,"['Animation', 'Action', 'Fantasy', 'Adventure']",['Mandarin'],['China'],80000000.0,2270700370.0,31.7527,8.189,835,1449595.0,Ne Zha Collection,"[{'id': 167789, 'name': 'Chengdu Coco Cartoon', 'origin_country': 'CN'}, {'id': 17818, 'name': 'Beijing Enlight Pictures', 'origin_country': 'CN'}, {'id': 161769, 'name': 'Beijing Enlight Media', 'origin_country': 'CN'}, {'id': 273292, 'name': 'Chengdu Zizai Jingjie Culture Media', 'origin_country': 'CN'}, {'id': 273293, 'name': 'Beijing Coloroom Technology', 'origin_country': 'CN'}]",https://a24films.com/films/ne-zha-2,/293Mo4GWf7Tl0TfAr5NFghqeMy7.jpg,/gd9kxeEEONj5SECs4GA8Ddn3czI.jpg,980477.json,719,104,False,False
9806,The Incredibles,The Incredibles,"Bob Parr has given up his superhero days to log in time as an insurance adjuster and raise his three children with his formerly heroic wife in suburbia. But when he receives a mysterious assignment, it's time to get back into costume.",Super strength can’t carry a family.,"Title: The Incredibles

Tagline: Super strength can’t carry a family.

Overview: Bob Parr has given up his superhero days to log in time as an insurance adjuster and raise his three children with his formerly heroic wife in suburbia. But when he receives a mysterious assignment, it's time to get back into costume.

Genres: Action, Adventure, Animation, Family

Collection: The Incredibles Collection

Production Companies: Pixar

Production Countries: United States of America

Spoken Languages: French, English",tt0317705,2004-10-27,2004.0,en,['US'],115.0,Released,"['Action', 'Adventure', 'Animation', 'Family']","['French', 'English']",['United States of America'],92000000.0,631442092.0,34.1948,7.729,19340,468222.0,The Incredibles Collection,"[{'id': 3, 'name': 'Pixar', 'origin_country': 'US'}]",http://disney.go.com/disneyvideos/animatedfilms/incredibles/main.html,/2LqaLgk4Z226KkgPJuiOQ58wvrm.jpg,/lxwzY9vNwjDgxWKt3zZ6zcU6rEJ.jpg,9806.json,513,75,False,False
986056,Thunderbolts*,Thunderbolts*,"After finding themselves ensnared in a death trap, seven disillusioned castoffs must embark on a dangerous mission that will force them to confront the darkest corners of their pasts.",Everyone deserves a second shot.,"Title: Thunderbolts*

Tagline: Everyone deserves a second shot.

Overview: After finding themselves ensnared in a death trap, seven disillusioned castoffs must embark on a dangerous mission that will force them to confront the darkest corners of their pasts.

Genres: Action, Science Fiction, Adventure

Production Companies: Marvel Studios, Kevin Feige Productions

Production Countries: United States of America

Spoken Languages: English, Italian, Russian",tt20969586,2025-04-30,2025.0,en,['US'],127.0,Released,"['Action', 'Science Fiction', 'Adventure']","['English', 'Italian', 'Russian']",['United States of America'],180000000.0,382436917.0,37.7468,7.295,4099,,,"[{'id': 420, 'name': 'Marvel Studios', 'origin_country': 'US'}, {'id': 176762, 'name': 'Kevin Feige Productions', 'origin_country': 'US'}]",https://www.marvel.com/movies/thunderbolts,/hqcexYHbiTBfDIdDWxrxPtVndBX.jpg,/rthMuZfFv4fqEU4JVbgSW9wQ8rs.jpg,986056.json,458,61,False,False
99861,Avengers: Age of Ultron,Avengers: Age of Ultron,"When Tony Stark tries to jumpstart a dormant peacekeeping program, things go awry and Earth’s Mightiest Heroes are put to the ultimate test as the fate of the planet hangs in the balance. As the villainous Ultron emerges, it is up to The Avengers to stop him from enacting his terrible plans, and soon uneasy alliances and unexpected action pave the way for an epic and unique global adventure.",A new age has come.,"Title: Avengers: Age of Ultron

Tagline: A new age has come.

Overview: When Tony Stark tries to jumpstart a dormant peacekeeping program, things go awry and Earth’s Mightiest Heroes are put to the ultimate test as the fate of the planet hangs in the balance. As the villainous Ultron emerges, it is up to The Avengers to stop him from enacting his terrible plans, and soon uneasy alliances and unexpected action pave the way for an epic and unique global adventure.

Genres: Action, Adventure, Science Fiction

Collection: The Avengers Collection

Production Companies: Marvel Studios

Production Countries: United States of America

Spoken Languages: English",tt2395427,2015-04-22,2015.0,en,['US'],141.0,Released,"['Action', 'Adventure', 'Science Fiction']",['English'],['United States of America'],235000000.0,1405403694.0,40.5459,7.278,25082,86311.0,The Avengers Collection,"[{'id': 420, 'name': 'Marvel Studios', 'origin_country': 'US'}]",https://www.marvel.com/movies/avengers-age-of-ultron,/4ssDuvEDkSArWEdyBl2X5EHvYKU.jpg,/kIBK5SKwgqIIuRKhhWrJn3XkbPq.jpg,99861.json,660,103,False,True
9992,Arthur and the Invisibles,Arthur et les Minimoys,"Ten-year-old Arthur, in a bid to save his grandfather's house from being demolished, goes looking for some much-fabled hidden treasure in the land of the Minimoys, tiny people living in harmony with nature.",Adventure awaits in your own backyard.,"Title: Arthur and the Invisibles

Original Title: Arthur et les Minimoys

Tagline: Adventure awaits in your own backyard.

Overview: Ten-year-old Arthur, in a bid to save his grandfather's house from being demolished, goes looking for some much-fabled hidden treasure in the land of the Minimoys, tiny people living in harmony with nature.

Genres: Adventure, Fantasy, Animation, Family

Collection: Arthur Collection

Production Companies: EuropaCorp, Avalanche Productions, Apipoulaï Prod

Production Countries: France, United Kingdom, United States of America

Spoken Languages: English",tt0344854,2006-12-13,2006.0,fr,['FR'],94.0,Released,"['Adventure', 'Fantasy', 'Animation', 'Family']",['English'],"['France', 'United Kingdom', 'United States of America']",86000000.0,108605609.0,10.1444,6.4,3106,85817.0,Arthur Collection,"[{'id': 6896, 'name': 'EuropaCorp', 'origin_country': 'FR'}, {'id': 2525, 'name': 'Avalanche Productions', 'origin_country': 'FR'}, {'id': 1076, 'name': 'Apipoulaï Prod', 'origin_country': 'FR'}]",,/gH27K0S7BiZCsNMxzOQTacG9IZp.jpg,/zwV8u4kq6ClZ3IDylLGF3DprKDv.jpg,9992.json,589,79,False,False
